[
  {
    "model": "myappLubd.user",
    "pk": 1,
    "fields": {
      "password": "pbkdf2_sha256$600000$PJLnkOWoshNmzAnrXcuSFn$dfxxfo99A7uzwBQt4bRtAt8mNtOOS1pSwdsFIgzTYkw=",
      "last_login": "2025-05-12T02:11:26.579Z",
      "is_superuser": true,
      "username": "admin",
      "first_name": "",
      "last_name": "",
      "email": "",
      "is_staff": true,
      "is_active": true,
      "date_joined": "2025-03-25T14:25:12.446Z",
      "groups": [],
      "user_permissions": []
    }
  },
  {
    "model": "myappLubd.user",
    "pk": 2,
    "fields": {
      "password": "pbkdf2_sha256$600000$f1vx2tTRHhDFJ3Ysi5EoMe$U3pSUfsdWq5Mlb4EIWNn/U45AuJ2AdSHifbqHKiBd04=",
      "last_login": null,
      "is_superuser": false,
      "username": "jinkjok",
      "first_name": "",
      "last_name": "",
      "email": "gigga15900@gmail.com",
      "is_staff": true,
      "is_active": true,
      "date_joined": "2025-03-26T08:22:21Z",
      "groups": [],
      "user_permissions": []
    }
  },
  {
    "model": "myappLubd.user",
    "pk": 3,
    "fields": {
      "password": "pbkdf2_sha256$600000$GJSXeHVzUyFdpEWsRPmPBc$+yomL2khlN87l5PkMLnnWBEYLuJZVuag/7glP291MS0=",
      "last_login": null,
      "is_superuser": false,
      "username": "Ollie",
      "first_name": "",
      "last_name": "",
      "email": "oliver.c@lubd.com",
      "is_staff": true,
      "is_active": true,
      "date_joined": "2025-03-27T02:55:21Z",
      "groups": [],
      "user_permissions": []
    }
  },
  {
    "model": "myappLubd.user",
    "pk": 4,
    "fields": {
      "password": "pbkdf2_sha256$600000$B3Pb7xOLhUmJZpUNJWZnAS$D4nYjI2xvlgl3Yms3l1DMz/iMjxBdwggIKi4KiAPswI=",
      "last_login": null,
      "is_superuser": false,
      "username": "Suriya",
      "first_name": "",
      "last_name": "",
      "email": "surirasriwantha30@gmail.com",
      "is_staff": false,
      "is_active": true,
      "date_joined": "2025-03-27T04:40:43.541Z",
      "groups": [],
      "user_permissions": []
    }
  },
  {
    "model": "myappLubd.user",
    "pk": 5,
    "fields": {
      "password": "pbkdf2_sha256$600000$U2EzcdICzS4WirZzeVl7PP$vlSVWzlBPS8XD59BIIsyJHTqj7ZKTEstTZgC09Kw8SM=",
      "last_login": null,
      "is_superuser": false,
      "username": "admin_Siam",
      "first_name": "",
      "last_name": "",
      "email": "khemasak.k@lubd.com",
      "is_staff": false,
      "is_active": true,
      "date_joined": "2025-03-27T09:49:57.181Z",
      "groups": [],
      "user_permissions": []
    }
  },
  {
    "model": "myappLubd.user",
    "pk": 6,
    "fields": {
      "password": "pbkdf2_sha256$600000$2FcP5j1LTjcTdH6smdudeS$InRCiTtsBUXq8vpzaC0Wl5tAIbW6aEvysXz6DOqDocc=",
      "last_login": null,
      "is_superuser": false,
      "username": "Teerasuk",
      "first_name": "",
      "last_name": "",
      "email": "eng.siam@lubd.com",
      "is_staff": false,
      "is_active": true,
      "date_joined": "2025-04-04T10:16:57.634Z",
      "groups": [],
      "user_permissions": []
    }
  },
  {
    "model": "myappLubd.user",
    "pk": 7,
    "fields": {
      "password": "pbkdf2_sha256$600000$AP46y1lXV0wbMcavtF2kj1$vn2+7LTsvTRfhZgdrftnKOGTnnfpry58J9Zt+ungXe0=",
      "last_login": null,
      "is_superuser": false,
      "username": "Patthana",
      "first_name": "",
      "last_name": "",
      "email": "patthana5505@gmail.com",
      "is_staff": false,
      "is_active": true,
      "date_joined": "2025-04-04T11:56:16.445Z",
      "groups": [],
      "user_permissions": []
    }
  },
  {
    "model": "myappLubd.preventivemaintenance",
    "pk": 10,
    "fields": {
      "pmtitle": "test",
      "pm_id": "pm2574B3CA",
      "scheduled_date": "2025-05-13T17:00:00Z",
      "completed_date": "2025-05-05T17:00:00Z",
      "frequency": "daily",
      "custom_days": null,
      "next_due_date": "2025-05-06T17:00:00Z",
      "before_image": "maintenance_pm_images/2025/05/before_image_mxniMSS.webp",
      "after_image": "maintenance_pm_images/2025/05/after_image_jrPbmsa.webp",
      "notes": "ff",
      "created_by": 1,
      "updated_at": "2025-05-12T17:29:00.139Z",
      "topics": [
        2
      ]
    }
  },
  {
    "model": "myappLubd.preventivemaintenance",
    "pk": 11,
    "fields": {
      "pmtitle": "test",
      "pm_id": "pm255DCED2",
      "scheduled_date": "2025-05-12T17:00:00Z",
      "completed_date": "2025-05-12T17:00:00Z",
      "frequency": "monthly",
      "custom_days": null,
      "next_due_date": "2025-06-12T17:00:00Z",
      "before_image": "maintenance_pm_images/2025/05/before_image_cuY8PNP.webp",
      "after_image": "maintenance_pm_images/2025/05/after_image_2vq6Bpk.webp",
      "notes": "test",
      "created_by": 1,
      "updated_at": "2025-05-13T07:01:04.950Z",
      "topics": [
        2
      ]
    }
  },
  {
    "model": "myappLubd.property",
    "pk": 1,
    "fields": {
      "property_id": "PB749146D",
      "name": "Lubd Bangkok Chainatown",
      "description": "",
      "created_at": "2025-03-25T14:27:00.574Z",
      "is_preventivemaintenance": false,
      "users": [
        1,
        2,
        4,
        7
      ]
    }
  },
  {
    "model": "myappLubd.property",
    "pk": 2,
    "fields": {
      "property_id": "PE17D8D2C",
      "name": "Lub d Bangkok Siam",
      "description": "",
      "created_at": "2025-03-27T04:02:46.667Z",
      "is_preventivemaintenance": false,
      "users": [
        3,
        5,
        6
      ]
    }
  },
  {
    "model": "myappLubd.room",
    "pk": 1,
    "fields": {
      "name": "301",
      "room_type": "Talad Noi King",
      "is_active": true,
      "created_at": "2025-03-26T06:19:47.009Z",
      "properties": [
        1
      ]
    }
  },
  {
    "model": "myappLubd.room",
    "pk": 2,
    "fields": {
      "name": "302",
      "room_type": "Talad Noi King",
      "is_active": true,
      "created_at": "2025-03-26T07:40:36.354Z",
      "properties": [
        1
      ]
    }
  },
  {
    "model": "myappLubd.room",
    "pk": 3,
    "fields": {
      "name": "303",
      "room_type": "Talad Noi King",
      "is_active": true,
      "created_at": "2025-03-26T07:40:53.524Z",
      "properties": [
        1
      ]
    }
  },
  {
    "model": "myappLubd.room",
    "pk": 4,
    "fields": {
      "name": "321",
      "room_type": "Siam Yot Loft",
      "is_active": true,
      "created_at": "2025-03-26T07:44:06.617Z",
      "properties": [
        1
      ]
    }
  },
  {
    "model": "myappLubd.room",
    "pk": 5,
    "fields": {
      "name": "421",
      "room_type": "Siam Yot Loft",
      "is_active": true,
      "created_at": "2025-03-26T07:44:18.215Z",
      "properties": [
        1
      ]
    }
  },
  {
    "model": "myappLubd.room",
    "pk": 6,
    "fields": {
      "name": "521",
      "room_type": "Siam Yot Loft",
      "is_active": true,
      "created_at": "2025-03-26T07:44:28.232Z",
      "properties": [
        1
      ]
    }
  },
  {
    "model": "myappLubd.room",
    "pk": 7,
    "fields": {
      "name": "329",
      "room_type": "Chinatown Suite",
      "is_active": true,
      "created_at": "2025-03-26T07:44:51.082Z",
      "properties": [
        1
      ]
    }
  },
  {
    "model": "myappLubd.room",
    "pk": 8,
    "fields": {
      "name": "429",
      "room_type": "Chinatown Suite",
      "is_active": true,
      "created_at": "2025-03-26T07:45:00.965Z",
      "properties": [
        1
      ]
    }
  },
  {
    "model": "myappLubd.room",
    "pk": 9,
    "fields": {
      "name": "529",
      "room_type": "Chinatown Suite",
      "is_active": true,
      "created_at": "2025-03-26T07:45:12.345Z",
      "properties": [
        1
      ]
    }
  },
  {
    "model": "myappLubd.room",
    "pk": 10,
    "fields": {
      "name": "629",
      "room_type": "Chinatown Suite",
      "is_active": true,
      "created_at": "2025-03-26T07:45:23.984Z",
      "properties": [
        1
      ]
    }
  },
  {
    "model": "myappLubd.room",
    "pk": 11,
    "fields": {
      "name": "308",
      "room_type": "Yaowarat King",
      "is_active": true,
      "created_at": "2025-03-26T07:45:48.416Z",
      "properties": [
        1
      ]
    }
  },
  {
    "model": "myappLubd.room",
    "pk": 12,
    "fields": {
      "name": "309",
      "room_type": "Yaowarat King",
      "is_active": true,
      "created_at": "2025-03-26T07:46:01.754Z",
      "properties": [
        1
      ]
    }
  },
  {
    "model": "myappLubd.room",
    "pk": 13,
    "fields": {
      "name": "408",
      "room_type": "Yaowarat King",
      "is_active": true,
      "created_at": "2025-03-26T07:46:22.670Z",
      "properties": [
        1
      ]
    }
  },
  {
    "model": "myappLubd.room",
    "pk": 14,
    "fields": {
      "name": "409",
      "room_type": "Chinatown Suite",
      "is_active": true,
      "created_at": "2025-03-26T07:46:32.411Z",
      "properties": [
        1
      ]
    }
  },
  {
    "model": "myappLubd.room",
    "pk": 15,
    "fields": {
      "name": "508",
      "room_type": "Yaowarat King",
      "is_active": true,
      "created_at": "2025-03-26T07:46:48.112Z",
      "properties": [
        1
      ]
    }
  },
  {
    "model": "myappLubd.room",
    "pk": 16,
    "fields": {
      "name": "509",
      "room_type": "Yaowarat King",
      "is_active": true,
      "created_at": "2025-03-26T07:46:57.438Z",
      "properties": [
        1
      ]
    }
  },
  {
    "model": "myappLubd.room",
    "pk": 17,
    "fields": {
      "name": "608",
      "room_type": "Yaowarat King",
      "is_active": true,
      "created_at": "2025-03-26T07:47:10.514Z",
      "properties": [
        1
      ]
    }
  },
  {
    "model": "myappLubd.room",
    "pk": 18,
    "fields": {
      "name": "609",
      "room_type": "Yaowarat King",
      "is_active": true,
      "created_at": "2025-03-26T07:47:21.875Z",
      "properties": [
        1
      ]
    }
  },
  {
    "model": "myappLubd.room",
    "pk": 19,
    "fields": {
      "name": "322",
      "room_type": "Sampeng Lane Twin",
      "is_active": true,
      "created_at": "2025-03-26T07:47:51.462Z",
      "properties": [
        1
      ]
    }
  },
  {
    "model": "myappLubd.room",
    "pk": 20,
    "fields": {
      "name": "328",
      "room_type": "Sampeng Lane Twin",
      "is_active": true,
      "created_at": "2025-03-26T07:47:59.408Z",
      "properties": [
        1
      ]
    }
  },
  {
    "model": "myappLubd.room",
    "pk": 21,
    "fields": {
      "name": "323",
      "room_type": "Sampeng Lane Twin",
      "is_active": true,
      "created_at": "2025-03-26T07:48:08.667Z",
      "properties": [
        1
      ]
    }
  },
  {
    "model": "myappLubd.room",
    "pk": 22,
    "fields": {
      "name": "324",
      "room_type": "Sampeng Lane Twin",
      "is_active": true,
      "created_at": "2025-03-26T07:48:18.097Z",
      "properties": [
        1
      ]
    }
  },
  {
    "model": "myappLubd.room",
    "pk": 23,
    "fields": {
      "name": "325",
      "room_type": "Sampeng Lane Twin",
      "is_active": true,
      "created_at": "2025-03-26T07:48:27.031Z",
      "properties": [
        1
      ]
    }
  },
  {
    "model": "myappLubd.room",
    "pk": 24,
    "fields": {
      "name": "326",
      "room_type": "Sampeng Lane Twin",
      "is_active": true,
      "created_at": "2025-03-26T07:48:36.775Z",
      "properties": [
        1
      ]
    }
  },
  {
    "model": "myappLubd.room",
    "pk": 25,
    "fields": {
      "name": "327",
      "room_type": "Sampeng Lane Twin",
      "is_active": true,
      "created_at": "2025-03-26T07:48:45.064Z",
      "properties": [
        1
      ]
    }
  },
  {
    "model": "myappLubd.room",
    "pk": 26,
    "fields": {
      "name": "330",
      "room_type": "Sampeng Lane Twin",
      "is_active": true,
      "created_at": "2025-03-26T07:49:00.716Z",
      "properties": [
        1
      ]
    }
  },
  {
    "model": "myappLubd.room",
    "pk": 27,
    "fields": {
      "name": "331",
      "room_type": "Sampeng Lane Twin",
      "is_active": true,
      "created_at": "2025-03-26T07:49:09.989Z",
      "properties": [
        1
      ]
    }
  },
  {
    "model": "myappLubd.room",
    "pk": 28,
    "fields": {
      "name": "332",
      "room_type": "Sampeng Lane Twin",
      "is_active": true,
      "created_at": "2025-03-26T07:49:18.396Z",
      "properties": [
        1
      ]
    }
  },
  {
    "model": "myappLubd.room",
    "pk": 29,
    "fields": {
      "name": "333",
      "room_type": "Sampeng Lane Twin",
      "is_active": true,
      "created_at": "2025-03-26T07:49:26.969Z",
      "properties": [
        1
      ]
    }
  },
  {
    "model": "myappLubd.room",
    "pk": 30,
    "fields": {
      "name": "422",
      "room_type": "Sampeng Lane Twin",
      "is_active": true,
      "created_at": "2025-03-26T07:49:42.885Z",
      "properties": [
        1
      ]
    }
  },
  {
    "model": "myappLubd.room",
    "pk": 31,
    "fields": {
      "name": "428",
      "room_type": "Sampeng Lane Twin",
      "is_active": true,
      "created_at": "2025-03-26T07:49:51.773Z",
      "properties": [
        1
      ]
    }
  },
  {
    "model": "myappLubd.room",
    "pk": 32,
    "fields": {
      "name": "423",
      "room_type": "Sampeng Lane Twin",
      "is_active": true,
      "created_at": "2025-03-26T07:50:01.094Z",
      "properties": [
        1
      ]
    }
  },
  {
    "model": "myappLubd.room",
    "pk": 33,
    "fields": {
      "name": "424",
      "room_type": "Sampeng Lane Twin",
      "is_active": true,
      "created_at": "2025-03-26T07:50:08.403Z",
      "properties": [
        1
      ]
    }
  },
  {
    "model": "myappLubd.room",
    "pk": 34,
    "fields": {
      "name": "425",
      "room_type": "Sampeng Lane Twin",
      "is_active": true,
      "created_at": "2025-03-26T07:50:17.492Z",
      "properties": [
        1
      ]
    }
  },
  {
    "model": "myappLubd.room",
    "pk": 35,
    "fields": {
      "name": "426",
      "room_type": "Sampeng Lane Twin",
      "is_active": true,
      "created_at": "2025-03-26T07:50:26.633Z",
      "properties": [
        1
      ]
    }
  },
  {
    "model": "myappLubd.room",
    "pk": 36,
    "fields": {
      "name": "427",
      "room_type": "Sampeng Lane Twin",
      "is_active": true,
      "created_at": "2025-03-26T07:50:35.400Z",
      "properties": [
        1
      ]
    }
  },
  {
    "model": "myappLubd.room",
    "pk": 37,
    "fields": {
      "name": "430",
      "room_type": "Sampeng Lane Twin",
      "is_active": true,
      "created_at": "2025-03-26T07:51:12.312Z",
      "properties": [
        1
      ]
    }
  },
  {
    "model": "myappLubd.room",
    "pk": 38,
    "fields": {
      "name": "431",
      "room_type": "Sampeng Lane Twin",
      "is_active": true,
      "created_at": "2025-03-26T07:51:21.952Z",
      "properties": [
        1
      ]
    }
  },
  {
    "model": "myappLubd.room",
    "pk": 39,
    "fields": {
      "name": "432",
      "room_type": "Sampeng Lane Twin",
      "is_active": true,
      "created_at": "2025-03-26T07:51:29.816Z",
      "properties": [
        1
      ]
    }
  },
  {
    "model": "myappLubd.room",
    "pk": 40,
    "fields": {
      "name": "433",
      "room_type": "Sampeng Lane Twin",
      "is_active": true,
      "created_at": "2025-03-26T07:51:36.788Z",
      "properties": [
        1
      ]
    }
  },
  {
    "model": "myappLubd.room",
    "pk": 41,
    "fields": {
      "name": "522",
      "room_type": "Sampeng Lane Twin",
      "is_active": true,
      "created_at": "2025-03-26T07:52:15.002Z",
      "properties": [
        1
      ]
    }
  },
  {
    "model": "myappLubd.room",
    "pk": 42,
    "fields": {
      "name": "523",
      "room_type": "Sampeng Lane Twin",
      "is_active": true,
      "created_at": "2025-03-26T07:52:23.123Z",
      "properties": [
        1
      ]
    }
  },
  {
    "model": "myappLubd.room",
    "pk": 43,
    "fields": {
      "name": "524",
      "room_type": "Sampeng Lane Twin",
      "is_active": true,
      "created_at": "2025-03-26T07:52:31.252Z",
      "properties": [
        1
      ]
    }
  },
  {
    "model": "myappLubd.room",
    "pk": 44,
    "fields": {
      "name": "525",
      "room_type": "Sampeng Lane Twin",
      "is_active": true,
      "created_at": "2025-03-26T07:52:40.969Z",
      "properties": [
        1
      ]
    }
  },
  {
    "model": "myappLubd.room",
    "pk": 45,
    "fields": {
      "name": "526",
      "room_type": "Sampeng Lane Twin",
      "is_active": true,
      "created_at": "2025-03-26T07:52:50.175Z",
      "properties": [
        1
      ]
    }
  },
  {
    "model": "myappLubd.room",
    "pk": 46,
    "fields": {
      "name": "527",
      "room_type": "Sampeng Lane Twin",
      "is_active": true,
      "created_at": "2025-03-26T07:52:59.501Z",
      "properties": [
        1
      ]
    }
  },
  {
    "model": "myappLubd.room",
    "pk": 47,
    "fields": {
      "name": "528",
      "room_type": "Sampeng Lane Twin",
      "is_active": true,
      "created_at": "2025-03-26T07:53:10.633Z",
      "properties": [
        1
      ]
    }
  },
  {
    "model": "myappLubd.room",
    "pk": 48,
    "fields": {
      "name": "530",
      "room_type": "Sampeng Lane Twin",
      "is_active": true,
      "created_at": "2025-03-26T07:53:26.497Z",
      "properties": [
        1
      ]
    }
  },
  {
    "model": "myappLubd.room",
    "pk": 49,
    "fields": {
      "name": "531",
      "room_type": "Sampeng Lane Twin",
      "is_active": true,
      "created_at": "2025-03-26T07:53:34.891Z",
      "properties": [
        1
      ]
    }
  },
  {
    "model": "myappLubd.room",
    "pk": 50,
    "fields": {
      "name": "532",
      "room_type": "Sampeng Lane Twin",
      "is_active": true,
      "created_at": "2025-03-26T07:53:42.991Z",
      "properties": [
        1
      ]
    }
  },
  {
    "model": "myappLubd.room",
    "pk": 51,
    "fields": {
      "name": "533",
      "room_type": "Sampeng Lane Twin",
      "is_active": true,
      "created_at": "2025-03-26T07:53:50.257Z",
      "properties": [
        1
      ]
    }
  },
  {
    "model": "myappLubd.room",
    "pk": 52,
    "fields": {
      "name": "622",
      "room_type": "Sampeng Lane Twin",
      "is_active": true,
      "created_at": "2025-03-26T07:54:10.681Z",
      "properties": [
        1
      ]
    }
  },
  {
    "model": "myappLubd.room",
    "pk": 53,
    "fields": {
      "name": "623",
      "room_type": "Sampeng Lane Twin",
      "is_active": true,
      "created_at": "2025-03-26T07:54:18.478Z",
      "properties": [
        1
      ]
    }
  },
  {
    "model": "myappLubd.room",
    "pk": 54,
    "fields": {
      "name": "624",
      "room_type": "Sampeng Lane Twin",
      "is_active": true,
      "created_at": "2025-03-26T07:54:26.402Z",
      "properties": [
        1
      ]
    }
  },
  {
    "model": "myappLubd.room",
    "pk": 55,
    "fields": {
      "name": "625",
      "room_type": "Sampeng Lane Twin",
      "is_active": true,
      "created_at": "2025-03-26T07:54:34.179Z",
      "properties": [
        1
      ]
    }
  },
  {
    "model": "myappLubd.room",
    "pk": 56,
    "fields": {
      "name": "626",
      "room_type": "Sampeng Lane Twin",
      "is_active": true,
      "created_at": "2025-03-26T07:54:42.787Z",
      "properties": [
        1
      ]
    }
  },
  {
    "model": "myappLubd.room",
    "pk": 57,
    "fields": {
      "name": "627",
      "room_type": "Sampeng Lane Twin",
      "is_active": true,
      "created_at": "2025-03-26T07:54:51.305Z",
      "properties": [
        1
      ]
    }
  },
  {
    "model": "myappLubd.room",
    "pk": 58,
    "fields": {
      "name": "628",
      "room_type": "Sampeng Lane Twin",
      "is_active": true,
      "created_at": "2025-03-26T07:55:01.386Z",
      "properties": [
        1
      ]
    }
  },
  {
    "model": "myappLubd.room",
    "pk": 59,
    "fields": {
      "name": "630",
      "room_type": "Sampeng Lane Twin",
      "is_active": true,
      "created_at": "2025-03-26T07:55:20.020Z",
      "properties": [
        1
      ]
    }
  },
  {
    "model": "myappLubd.room",
    "pk": 60,
    "fields": {
      "name": "631",
      "room_type": "Sampeng Lane Twin",
      "is_active": true,
      "created_at": "2025-03-26T07:55:28.766Z",
      "properties": [
        1
      ]
    }
  },
  {
    "model": "myappLubd.room",
    "pk": 61,
    "fields": {
      "name": "632",
      "room_type": "Sampeng Lane Twin",
      "is_active": true,
      "created_at": "2025-03-26T07:55:37.032Z",
      "properties": [
        1
      ]
    }
  },
  {
    "model": "myappLubd.room",
    "pk": 62,
    "fields": {
      "name": "633",
      "room_type": "Sampeng Lane Twin",
      "is_active": true,
      "created_at": "2025-03-26T07:55:46.648Z",
      "properties": [
        1
      ]
    }
  },
  {
    "model": "myappLubd.room",
    "pk": 63,
    "fields": {
      "name": "304",
      "room_type": "Talad Noi King",
      "is_active": true,
      "created_at": "2025-03-26T07:56:28.145Z",
      "properties": [
        1
      ]
    }
  },
  {
    "model": "myappLubd.room",
    "pk": 64,
    "fields": {
      "name": "305",
      "room_type": "Talad Noi King",
      "is_active": true,
      "created_at": "2025-03-26T07:56:39.176Z",
      "properties": [
        1
      ]
    }
  },
  {
    "model": "myappLubd.room",
    "pk": 65,
    "fields": {
      "name": "306",
      "room_type": "Talad Noi King",
      "is_active": true,
      "created_at": "2025-03-26T07:56:50.313Z",
      "properties": [
        1
      ]
    }
  },
  {
    "model": "myappLubd.room",
    "pk": 66,
    "fields": {
      "name": "307",
      "room_type": "Talad Noi King",
      "is_active": true,
      "created_at": "2025-03-26T07:57:00.570Z",
      "properties": [
        1
      ]
    }
  },
  {
    "model": "myappLubd.room",
    "pk": 67,
    "fields": {
      "name": "310",
      "room_type": "Talad Noi King",
      "is_active": true,
      "created_at": "2025-03-26T07:57:12.535Z",
      "properties": [
        1
      ]
    }
  },
  {
    "model": "myappLubd.room",
    "pk": 68,
    "fields": {
      "name": "311",
      "room_type": "Talad Noi King",
      "is_active": true,
      "created_at": "2025-03-26T07:57:22.856Z",
      "properties": [
        1
      ]
    }
  },
  {
    "model": "myappLubd.room",
    "pk": 69,
    "fields": {
      "name": "312",
      "room_type": "Talad Noi King",
      "is_active": true,
      "created_at": "2025-03-26T07:57:35.381Z",
      "properties": [
        1
      ]
    }
  },
  {
    "model": "myappLubd.room",
    "pk": 70,
    "fields": {
      "name": "314",
      "room_type": "Talad Noi King",
      "is_active": true,
      "created_at": "2025-03-26T07:57:45.413Z",
      "properties": [
        1
      ]
    }
  },
  {
    "model": "myappLubd.room",
    "pk": 71,
    "fields": {
      "name": "315",
      "room_type": "Talad Noi King",
      "is_active": true,
      "created_at": "2025-03-26T07:57:55.163Z",
      "properties": [
        1
      ]
    }
  },
  {
    "model": "myappLubd.room",
    "pk": 72,
    "fields": {
      "name": "316",
      "room_type": "Talad Noi King",
      "is_active": true,
      "created_at": "2025-03-26T07:58:11.003Z",
      "properties": [
        1
      ]
    }
  },
  {
    "model": "myappLubd.room",
    "pk": 73,
    "fields": {
      "name": "317",
      "room_type": "Talad Noi King",
      "is_active": true,
      "created_at": "2025-03-26T07:58:20.595Z",
      "properties": [
        1
      ]
    }
  },
  {
    "model": "myappLubd.room",
    "pk": 74,
    "fields": {
      "name": "318",
      "room_type": "Talad Noi King",
      "is_active": true,
      "created_at": "2025-03-26T07:58:34.926Z",
      "properties": [
        1
      ]
    }
  },
  {
    "model": "myappLubd.room",
    "pk": 75,
    "fields": {
      "name": "319",
      "room_type": "Talad Noi King",
      "is_active": true,
      "created_at": "2025-03-26T07:58:43.336Z",
      "properties": [
        1
      ]
    }
  },
  {
    "model": "myappLubd.room",
    "pk": 76,
    "fields": {
      "name": "320",
      "room_type": "Talad Noi King",
      "is_active": true,
      "created_at": "2025-03-26T07:58:53.116Z",
      "properties": [
        1
      ]
    }
  },
  {
    "model": "myappLubd.room",
    "pk": 77,
    "fields": {
      "name": "401",
      "room_type": "Talad Noi King",
      "is_active": true,
      "created_at": "2025-03-26T07:59:04.108Z",
      "properties": [
        1
      ]
    }
  },
  {
    "model": "myappLubd.room",
    "pk": 78,
    "fields": {
      "name": "402",
      "room_type": "Talad Noi King",
      "is_active": true,
      "created_at": "2025-03-26T07:59:13.310Z",
      "properties": [
        1
      ]
    }
  },
  {
    "model": "myappLubd.room",
    "pk": 79,
    "fields": {
      "name": "403",
      "room_type": "Talad Noi King",
      "is_active": true,
      "created_at": "2025-03-26T07:59:23Z",
      "properties": [
        1
      ]
    }
  },
  {
    "model": "myappLubd.room",
    "pk": 80,
    "fields": {
      "name": "404",
      "room_type": "Talad Noi King",
      "is_active": true,
      "created_at": "2025-03-26T07:59:41.433Z",
      "properties": [
        1
      ]
    }
  },
  {
    "model": "myappLubd.room",
    "pk": 81,
    "fields": {
      "name": "405",
      "room_type": "Talad Noi King",
      "is_active": true,
      "created_at": "2025-03-26T07:59:50.034Z",
      "properties": [
        1
      ]
    }
  },
  {
    "model": "myappLubd.room",
    "pk": 82,
    "fields": {
      "name": "406",
      "room_type": "Talad Noi King",
      "is_active": true,
      "created_at": "2025-03-26T07:59:59.913Z",
      "properties": [
        1
      ]
    }
  },
  {
    "model": "myappLubd.room",
    "pk": 83,
    "fields": {
      "name": "407",
      "room_type": "Talad Noi King",
      "is_active": true,
      "created_at": "2025-03-26T08:00:09.787Z",
      "properties": [
        1
      ]
    }
  },
  {
    "model": "myappLubd.room",
    "pk": 84,
    "fields": {
      "name": "410",
      "room_type": "Talad Noi King",
      "is_active": true,
      "created_at": "2025-03-26T08:00:35.992Z",
      "properties": [
        1
      ]
    }
  },
  {
    "model": "myappLubd.room",
    "pk": 85,
    "fields": {
      "name": "411",
      "room_type": "Talad Noi King",
      "is_active": true,
      "created_at": "2025-03-26T08:00:59.716Z",
      "properties": [
        1
      ]
    }
  },
  {
    "model": "myappLubd.room",
    "pk": 86,
    "fields": {
      "name": "412",
      "room_type": "Talad Noi King",
      "is_active": true,
      "created_at": "2025-03-26T08:01:15.943Z",
      "properties": [
        1
      ]
    }
  },
  {
    "model": "myappLubd.room",
    "pk": 87,
    "fields": {
      "name": "414",
      "room_type": "Talad Noi King",
      "is_active": true,
      "created_at": "2025-03-26T08:01:27.612Z",
      "properties": [
        1
      ]
    }
  },
  {
    "model": "myappLubd.room",
    "pk": 88,
    "fields": {
      "name": "415",
      "room_type": "Talad Noi King",
      "is_active": true,
      "created_at": "2025-03-26T08:01:35.849Z",
      "properties": [
        1
      ]
    }
  },
  {
    "model": "myappLubd.room",
    "pk": 89,
    "fields": {
      "name": "416",
      "room_type": "Talad Noi King",
      "is_active": true,
      "created_at": "2025-03-26T08:01:43.391Z",
      "properties": [
        1
      ]
    }
  },
  {
    "model": "myappLubd.room",
    "pk": 90,
    "fields": {
      "name": "417",
      "room_type": "Talad Noi King",
      "is_active": true,
      "created_at": "2025-03-26T08:01:50.642Z",
      "properties": [
        1
      ]
    }
  },
  {
    "model": "myappLubd.room",
    "pk": 91,
    "fields": {
      "name": "418",
      "room_type": "Talad Noi King",
      "is_active": true,
      "created_at": "2025-03-26T08:01:58.103Z",
      "properties": [
        1
      ]
    }
  },
  {
    "model": "myappLubd.room",
    "pk": 92,
    "fields": {
      "name": "419",
      "room_type": "Talad Noi King",
      "is_active": true,
      "created_at": "2025-03-26T08:02:07.834Z",
      "properties": [
        1
      ]
    }
  },
  {
    "model": "myappLubd.room",
    "pk": 93,
    "fields": {
      "name": "420",
      "room_type": "Talad Noi King",
      "is_active": true,
      "created_at": "2025-03-26T08:02:15.982Z",
      "properties": [
        1
      ]
    }
  },
  {
    "model": "myappLubd.room",
    "pk": 94,
    "fields": {
      "name": "501",
      "room_type": "Talad Noi King",
      "is_active": true,
      "created_at": "2025-03-26T08:02:43.682Z",
      "properties": [
        1
      ]
    }
  },
  {
    "model": "myappLubd.room",
    "pk": 95,
    "fields": {
      "name": "502",
      "room_type": "Talad Noi King",
      "is_active": true,
      "created_at": "2025-03-26T08:02:53.007Z",
      "properties": [
        1
      ]
    }
  },
  {
    "model": "myappLubd.room",
    "pk": 96,
    "fields": {
      "name": "503",
      "room_type": "Talad Noi King",
      "is_active": true,
      "created_at": "2025-03-26T08:03:01.410Z",
      "properties": [
        1
      ]
    }
  },
  {
    "model": "myappLubd.room",
    "pk": 97,
    "fields": {
      "name": "504",
      "room_type": "Talad Noi King",
      "is_active": true,
      "created_at": "2025-03-26T08:03:11.808Z",
      "properties": [
        1
      ]
    }
  },
  {
    "model": "myappLubd.room",
    "pk": 98,
    "fields": {
      "name": "505",
      "room_type": "Talad Noi King",
      "is_active": true,
      "created_at": "2025-03-26T08:03:19.902Z",
      "properties": [
        1
      ]
    }
  },
  {
    "model": "myappLubd.room",
    "pk": 99,
    "fields": {
      "name": "506",
      "room_type": "Talad Noi King",
      "is_active": true,
      "created_at": "2025-03-26T08:03:28.887Z",
      "properties": [
        1
      ]
    }
  },
  {
    "model": "myappLubd.room",
    "pk": 100,
    "fields": {
      "name": "507",
      "room_type": "Talad Noi King",
      "is_active": true,
      "created_at": "2025-03-26T08:03:38.591Z",
      "properties": [
        1
      ]
    }
  },
  {
    "model": "myappLubd.room",
    "pk": 101,
    "fields": {
      "name": "510",
      "room_type": "Talad Noi King",
      "is_active": true,
      "created_at": "2025-03-26T08:04:00.765Z",
      "properties": [
        1
      ]
    }
  },
  {
    "model": "myappLubd.room",
    "pk": 102,
    "fields": {
      "name": "512",
      "room_type": "Talad Noi King",
      "is_active": true,
      "created_at": "2025-03-26T08:04:17.322Z",
      "properties": [
        1
      ]
    }
  },
  {
    "model": "myappLubd.room",
    "pk": 103,
    "fields": {
      "name": "511",
      "room_type": "Talad Noi King",
      "is_active": true,
      "created_at": "2025-03-26T08:04:24.403Z",
      "properties": [
        1
      ]
    }
  },
  {
    "model": "myappLubd.room",
    "pk": 104,
    "fields": {
      "name": "514",
      "room_type": "Talad Noi King",
      "is_active": true,
      "created_at": "2025-03-26T08:04:32.473Z",
      "properties": [
        1
      ]
    }
  },
  {
    "model": "myappLubd.room",
    "pk": 105,
    "fields": {
      "name": "515",
      "room_type": "Talad Noi King",
      "is_active": true,
      "created_at": "2025-03-26T08:04:39.373Z",
      "properties": [
        1
      ]
    }
  },
  {
    "model": "myappLubd.room",
    "pk": 106,
    "fields": {
      "name": "516",
      "room_type": "Talad Noi King",
      "is_active": true,
      "created_at": "2025-03-26T08:04:47.829Z",
      "properties": [
        1
      ]
    }
  },
  {
    "model": "myappLubd.room",
    "pk": 107,
    "fields": {
      "name": "517",
      "room_type": "Talad Noi King",
      "is_active": true,
      "created_at": "2025-03-26T08:04:55.126Z",
      "properties": [
        1
      ]
    }
  },
  {
    "model": "myappLubd.room",
    "pk": 108,
    "fields": {
      "name": "518",
      "room_type": "Talad Noi King",
      "is_active": true,
      "created_at": "2025-03-26T08:05:02.621Z",
      "properties": [
        1
      ]
    }
  },
  {
    "model": "myappLubd.room",
    "pk": 109,
    "fields": {
      "name": "519",
      "room_type": "Talad Noi King",
      "is_active": true,
      "created_at": "2025-03-26T08:05:10.470Z",
      "properties": [
        1
      ]
    }
  },
  {
    "model": "myappLubd.room",
    "pk": 110,
    "fields": {
      "name": "520",
      "room_type": "Talad Noi King",
      "is_active": true,
      "created_at": "2025-03-26T08:05:18.248Z",
      "properties": [
        1
      ]
    }
  },
  {
    "model": "myappLubd.room",
    "pk": 111,
    "fields": {
      "name": "601",
      "room_type": "Talad Noi King",
      "is_active": true,
      "created_at": "2025-03-26T08:05:33.499Z",
      "properties": [
        1
      ]
    }
  },
  {
    "model": "myappLubd.room",
    "pk": 112,
    "fields": {
      "name": "602",
      "room_type": "Talad Noi King",
      "is_active": true,
      "created_at": "2025-03-26T08:05:41.884Z",
      "properties": [
        1
      ]
    }
  },
  {
    "model": "myappLubd.room",
    "pk": 113,
    "fields": {
      "name": "603",
      "room_type": "Talad Noi King",
      "is_active": true,
      "created_at": "2025-03-26T08:05:49.472Z",
      "properties": [
        1
      ]
    }
  },
  {
    "model": "myappLubd.room",
    "pk": 114,
    "fields": {
      "name": "604",
      "room_type": "Talad Noi King",
      "is_active": true,
      "created_at": "2025-03-26T08:05:57.302Z",
      "properties": [
        1
      ]
    }
  },
  {
    "model": "myappLubd.room",
    "pk": 115,
    "fields": {
      "name": "605",
      "room_type": "Talad Noi King",
      "is_active": true,
      "created_at": "2025-03-26T08:06:04.894Z",
      "properties": [
        1
      ]
    }
  },
  {
    "model": "myappLubd.room",
    "pk": 116,
    "fields": {
      "name": "606",
      "room_type": "Talad Noi King",
      "is_active": true,
      "created_at": "2025-03-26T08:06:12.361Z",
      "properties": [
        1
      ]
    }
  },
  {
    "model": "myappLubd.room",
    "pk": 117,
    "fields": {
      "name": "607",
      "room_type": "Talad Noi King",
      "is_active": true,
      "created_at": "2025-03-26T08:06:24.716Z",
      "properties": [
        1
      ]
    }
  },
  {
    "model": "myappLubd.room",
    "pk": 118,
    "fields": {
      "name": "610",
      "room_type": "Talad Noi King",
      "is_active": true,
      "created_at": "2025-03-26T08:06:59.691Z",
      "properties": [
        1
      ]
    }
  },
  {
    "model": "myappLubd.room",
    "pk": 119,
    "fields": {
      "name": "611",
      "room_type": "Talad Noi King",
      "is_active": true,
      "created_at": "2025-03-26T08:07:13.552Z",
      "properties": [
        1
      ]
    }
  },
  {
    "model": "myappLubd.room",
    "pk": 120,
    "fields": {
      "name": "612",
      "room_type": "Talad Noi King",
      "is_active": true,
      "created_at": "2025-03-26T08:07:22.979Z",
      "properties": [
        1
      ]
    }
  },
  {
    "model": "myappLubd.room",
    "pk": 121,
    "fields": {
      "name": "614",
      "room_type": "Talad Noi King",
      "is_active": true,
      "created_at": "2025-03-26T08:07:35.239Z",
      "properties": [
        1
      ]
    }
  },
  {
    "model": "myappLubd.room",
    "pk": 122,
    "fields": {
      "name": "615",
      "room_type": "Talad Noi King",
      "is_active": true,
      "created_at": "2025-03-26T08:07:44.514Z",
      "properties": [
        1
      ]
    }
  },
  {
    "model": "myappLubd.room",
    "pk": 123,
    "fields": {
      "name": "616",
      "room_type": "Talad Noi King",
      "is_active": true,
      "created_at": "2025-03-26T08:07:57.578Z",
      "properties": [
        1
      ]
    }
  },
  {
    "model": "myappLubd.room",
    "pk": 124,
    "fields": {
      "name": "617",
      "room_type": "Talad Noi King",
      "is_active": true,
      "created_at": "2025-03-26T08:08:19.576Z",
      "properties": [
        1
      ]
    }
  },
  {
    "model": "myappLubd.room",
    "pk": 125,
    "fields": {
      "name": "618",
      "room_type": "Talad Noi King",
      "is_active": true,
      "created_at": "2025-03-26T08:08:30.262Z",
      "properties": [
        1
      ]
    }
  },
  {
    "model": "myappLubd.room",
    "pk": 126,
    "fields": {
      "name": "619",
      "room_type": "Talad Noi King",
      "is_active": true,
      "created_at": "2025-03-26T08:08:38.743Z",
      "properties": [
        1
      ]
    }
  },
  {
    "model": "myappLubd.room",
    "pk": 127,
    "fields": {
      "name": "620",
      "room_type": "Talad Noi King",
      "is_active": true,
      "created_at": "2025-03-26T08:08:50.667Z",
      "properties": [
        1
      ]
    }
  },
  {
    "model": "myappLubd.room",
    "pk": 128,
    "fields": {
      "name": "210",
      "room_type": "Tribe Hideout",
      "is_active": true,
      "created_at": "2025-03-26T08:09:03.245Z",
      "properties": [
        1
      ]
    }
  },
  {
    "model": "myappLubd.room",
    "pk": 129,
    "fields": {
      "name": "220",
      "room_type": "Tribe Hideout",
      "is_active": true,
      "created_at": "2025-03-26T08:09:10.623Z",
      "properties": [
        1
      ]
    }
  },
  {
    "model": "myappLubd.room",
    "pk": 130,
    "fields": {
      "name": "230",
      "room_type": "Tribe Hideout",
      "is_active": true,
      "created_at": "2025-03-26T08:09:20.611Z",
      "properties": [
        1
      ]
    }
  },
  {
    "model": "myappLubd.room",
    "pk": 131,
    "fields": {
      "name": "240",
      "room_type": "Talad Noi King",
      "is_active": true,
      "created_at": "2025-03-26T08:09:52.620Z",
      "properties": [
        1
      ]
    }
  },
  {
    "model": "myappLubd.room",
    "pk": 132,
    "fields": {
      "name": "250",
      "room_type": "Tribe Hideout",
      "is_active": true,
      "created_at": "2025-03-26T08:10:05.494Z",
      "properties": [
        1
      ]
    }
  },
  {
    "model": "myappLubd.room",
    "pk": 133,
    "fields": {
      "name": "260",
      "room_type": "Tribe Hideout",
      "is_active": true,
      "created_at": "2025-03-26T08:10:15.445Z",
      "properties": [
        1
      ]
    }
  },
  {
    "model": "myappLubd.room",
    "pk": 134,
    "fields": {
      "name": "1301",
      "room_type": "Tribe Hideout",
      "is_active": true,
      "created_at": "2025-03-27T04:05:10.475Z",
      "properties": [
        2
      ]
    }
  },
  {
    "model": "myappLubd.room",
    "pk": 135,
    "fields": {
      "name": "1302",
      "room_type": "Tribe Hideout",
      "is_active": true,
      "created_at": "2025-03-27T04:05:24.423Z",
      "properties": [
        2
      ]
    }
  },
  {
    "model": "myappLubd.room",
    "pk": 136,
    "fields": {
      "name": "1304",
      "room_type": "Tribe Hideout",
      "is_active": true,
      "created_at": "2025-03-27T04:05:45.246Z",
      "properties": [
        2
      ]
    }
  },
  {
    "model": "myappLubd.room",
    "pk": 137,
    "fields": {
      "name": "1303",
      "room_type": "Tribe Hideout",
      "is_active": true,
      "created_at": "2025-03-27T04:06:24.476Z",
      "properties": [
        2
      ]
    }
  },
  {
    "model": "myappLubd.room",
    "pk": 138,
    "fields": {
      "name": "1305",
      "room_type": "Tribe Hideout",
      "is_active": true,
      "created_at": "2025-03-27T04:06:39.730Z",
      "properties": [
        2
      ]
    }
  },
  {
    "model": "myappLubd.room",
    "pk": 139,
    "fields": {
      "name": "1306",
      "room_type": "Tribe Hideout",
      "is_active": true,
      "created_at": "2025-03-27T04:07:09.199Z",
      "properties": [
        2
      ]
    }
  },
  {
    "model": "myappLubd.room",
    "pk": 140,
    "fields": {
      "name": "1307",
      "room_type": "Tribe Hideout",
      "is_active": true,
      "created_at": "2025-03-27T04:07:23.544Z",
      "properties": [
        2
      ]
    }
  },
  {
    "model": "myappLubd.room",
    "pk": 141,
    "fields": {
      "name": "1308",
      "room_type": "Tribe Hideout",
      "is_active": true,
      "created_at": "2025-03-27T04:07:34.283Z",
      "properties": [
        2
      ]
    }
  },
  {
    "model": "myappLubd.room",
    "pk": 142,
    "fields": {
      "name": "1309",
      "room_type": "Tribe Hideout",
      "is_active": true,
      "created_at": "2025-03-27T04:07:44.783Z",
      "properties": [
        2
      ]
    }
  },
  {
    "model": "myappLubd.room",
    "pk": 143,
    "fields": {
      "name": "1310",
      "room_type": "Tribe Hideout",
      "is_active": true,
      "created_at": "2025-03-27T04:08:03.360Z",
      "properties": [
        2
      ]
    }
  },
  {
    "model": "myappLubd.room",
    "pk": 144,
    "fields": {
      "name": "1311",
      "room_type": "Tribe Hideout",
      "is_active": true,
      "created_at": "2025-03-27T04:08:13.769Z",
      "properties": [
        2
      ]
    }
  },
  {
    "model": "myappLubd.room",
    "pk": 145,
    "fields": {
      "name": "1312",
      "room_type": "Tribe Hideout",
      "is_active": true,
      "created_at": "2025-03-27T04:08:26.493Z",
      "properties": [
        2
      ]
    }
  },
  {
    "model": "myappLubd.room",
    "pk": 146,
    "fields": {
      "name": "1313",
      "room_type": "Tribe Hideout",
      "is_active": true,
      "created_at": "2025-03-27T04:08:40.144Z",
      "properties": [
        2
      ]
    }
  },
  {
    "model": "myappLubd.room",
    "pk": 147,
    "fields": {
      "name": "1314",
      "room_type": "Tribe Hideout",
      "is_active": true,
      "created_at": "2025-03-27T04:08:50.681Z",
      "properties": [
        2
      ]
    }
  },
  {
    "model": "myappLubd.room",
    "pk": 148,
    "fields": {
      "name": "1401",
      "room_type": "Siam Square Double",
      "is_active": true,
      "created_at": "2025-03-27T04:09:25.933Z",
      "properties": [
        2
      ]
    }
  },
  {
    "model": "myappLubd.room",
    "pk": 149,
    "fields": {
      "name": "1404",
      "room_type": "Siam Square Double",
      "is_active": true,
      "created_at": "2025-03-27T04:09:37.736Z",
      "properties": [
        2
      ]
    }
  },
  {
    "model": "myappLubd.room",
    "pk": 150,
    "fields": {
      "name": "1405",
      "room_type": "Siam Square Double",
      "is_active": true,
      "created_at": "2025-03-27T04:09:56.264Z",
      "properties": [
        2
      ]
    }
  },
  {
    "model": "myappLubd.room",
    "pk": 151,
    "fields": {
      "name": "1406",
      "room_type": "Siam Square Double",
      "is_active": true,
      "created_at": "2025-03-27T04:10:18.291Z",
      "properties": [
        2
      ]
    }
  },
  {
    "model": "myappLubd.room",
    "pk": 152,
    "fields": {
      "name": "1411",
      "room_type": "Siam Square Double",
      "is_active": true,
      "created_at": "2025-03-27T04:10:35.592Z",
      "properties": [
        2
      ]
    }
  },
  {
    "model": "myappLubd.room",
    "pk": 153,
    "fields": {
      "name": "1402",
      "room_type": "Siam Square Twin",
      "is_active": true,
      "created_at": "2025-03-27T04:11:08.678Z",
      "properties": [
        2
      ]
    }
  },
  {
    "model": "myappLubd.room",
    "pk": 154,
    "fields": {
      "name": "1403",
      "room_type": "Siam Square Twin",
      "is_active": true,
      "created_at": "2025-03-27T04:11:29.166Z",
      "properties": [
        2
      ]
    }
  },
  {
    "model": "myappLubd.room",
    "pk": 155,
    "fields": {
      "name": "1407",
      "room_type": "Siam Square Twin",
      "is_active": true,
      "created_at": "2025-03-27T04:11:51.351Z",
      "properties": [
        2
      ]
    }
  },
  {
    "model": "myappLubd.room",
    "pk": 156,
    "fields": {
      "name": "1408",
      "room_type": "Siam Square Twin",
      "is_active": true,
      "created_at": "2025-03-27T04:12:01.815Z",
      "properties": [
        2
      ]
    }
  },
  {
    "model": "myappLubd.room",
    "pk": 157,
    "fields": {
      "name": "1409",
      "room_type": "Siam Square Twin",
      "is_active": true,
      "created_at": "2025-03-27T04:12:13.945Z",
      "properties": [
        2
      ]
    }
  },
  {
    "model": "myappLubd.room",
    "pk": 158,
    "fields": {
      "name": "1410",
      "room_type": "Siam Square Twin",
      "is_active": true,
      "created_at": "2025-03-27T04:12:31.721Z",
      "properties": [
        2
      ]
    }
  },
  {
    "model": "myappLubd.room",
    "pk": 159,
    "fields": {
      "name": "1201",
      "room_type": "Pratunam Deluxe",
      "is_active": true,
      "created_at": "2025-03-27T04:12:54.831Z",
      "properties": [
        2
      ]
    }
  },
  {
    "model": "myappLubd.room",
    "pk": 160,
    "fields": {
      "name": "1202",
      "room_type": "Pratunam Deluxe",
      "is_active": true,
      "created_at": "2025-03-27T04:13:03.801Z",
      "properties": [
        2
      ]
    }
  },
  {
    "model": "myappLubd.room",
    "pk": 161,
    "fields": {
      "name": "1203",
      "room_type": "Pratunam Deluxe",
      "is_active": true,
      "created_at": "2025-03-27T04:13:13.449Z",
      "properties": [
        2
      ]
    }
  },
  {
    "model": "myappLubd.room",
    "pk": 162,
    "fields": {
      "name": "1204",
      "room_type": "Pratunam Deluxe",
      "is_active": true,
      "created_at": "2025-03-27T04:13:23.231Z",
      "properties": [
        2
      ]
    }
  },
  {
    "model": "myappLubd.room",
    "pk": 163,
    "fields": {
      "name": "1205",
      "room_type": "Pratunam Deluxe",
      "is_active": true,
      "created_at": "2025-03-27T04:13:33.418Z",
      "properties": [
        2
      ]
    }
  },
  {
    "model": "myappLubd.room",
    "pk": 164,
    "fields": {
      "name": "1206",
      "room_type": "Pratunam Deluxe",
      "is_active": true,
      "created_at": "2025-03-27T04:14:03.950Z",
      "properties": [
        2
      ]
    }
  },
  {
    "model": "myappLubd.room",
    "pk": 165,
    "fields": {
      "name": "1207",
      "room_type": "Pratunam Deluxe",
      "is_active": true,
      "created_at": "2025-03-27T04:14:17.426Z",
      "properties": [
        2
      ]
    }
  },
  {
    "model": "myappLubd.room",
    "pk": 166,
    "fields": {
      "name": "1208",
      "room_type": "Pratunam Deluxe",
      "is_active": true,
      "created_at": "2025-03-27T04:14:47.213Z",
      "properties": [
        2
      ]
    }
  },
  {
    "model": "myappLubd.room",
    "pk": 167,
    "fields": {
      "name": "1209",
      "room_type": "Pratunam Deluxe",
      "is_active": true,
      "created_at": "2025-03-27T04:14:58.166Z",
      "properties": [
        2
      ]
    }
  },
  {
    "model": "myappLubd.room",
    "pk": 168,
    "fields": {
      "name": "1210",
      "room_type": "Pratunam Deluxe",
      "is_active": true,
      "created_at": "2025-03-27T04:15:07.711Z",
      "properties": [
        2
      ]
    }
  },
  {
    "model": "myappLubd.room",
    "pk": 169,
    "fields": {
      "name": "1211",
      "room_type": "Pratunam Deluxe",
      "is_active": true,
      "created_at": "2025-03-27T04:15:18.592Z",
      "properties": [
        2
      ]
    }
  },
  {
    "model": "myappLubd.room",
    "pk": 170,
    "fields": {
      "name": "1212",
      "room_type": "Pratunam Deluxe",
      "is_active": true,
      "created_at": "2025-03-27T04:15:35.060Z",
      "properties": [
        2
      ]
    }
  },
  {
    "model": "myappLubd.room",
    "pk": 171,
    "fields": {
      "name": "1412",
      "room_type": "Marasca SD",
      "is_active": true,
      "created_at": "2025-03-27T04:16:39.965Z",
      "properties": [
        2
      ]
    }
  },
  {
    "model": "myappLubd.room",
    "pk": 172,
    "fields": {
      "name": "1000",
      "room_type": "Lobby Area",
      "is_active": true,
      "created_at": "2025-04-04T02:45:18.051Z",
      "properties": [
        2
      ]
    }
  },
  {
    "model": "myappLubd.room",
    "pk": 173,
    "fields": {
      "name": "1100",
      "room_type": "Bath Room  Floor  1 st",
      "is_active": true,
      "created_at": "2025-04-04T02:46:22.301Z",
      "properties": [
        2
      ]
    }
  },
  {
    "model": "myappLubd.room",
    "pk": 174,
    "fields": {
      "name": "1200",
      "room_type": "Bath Room  Floor  3st",
      "is_active": true,
      "created_at": "2025-04-04T02:46:45.139Z",
      "properties": [
        2
      ]
    }
  },
  {
    "model": "myappLubd.room",
    "pk": 175,
    "fields": {
      "name": "1400",
      "room_type": "Kitchen Room",
      "is_active": true,
      "created_at": "2025-04-04T02:47:49.248Z",
      "properties": [
        2
      ]
    }
  },
  {
    "model": "myappLubd.topic",
    "pk": 1,
    "fields": {
      "title": "Air-Conditions",
      "description": ""
    }
  },
  {
    "model": "myappLubd.topic",
    "pk": 2,
    "fields": {
      "title": "Barth Room",
      "description": ""
    }
  },
  {
    "model": "myappLubd.topic",
    "pk": 3,
    "fields": {
      "title": "Wall and Repaint",
      "description": ""
    }
  },
  {
    "model": "myappLubd.topic",
    "pk": 4,
    "fields": {
      "title": "Door",
      "description": ""
    }
  },
  {
    "model": "myappLubd.topic",
    "pk": 5,
    "fields": {
      "title": "Ligthting",
      "description": ""
    }
  },
  {
    "model": "myappLubd.topic",
    "pk": 6,
    "fields": {
      "title": "Internet and TV",
      "description": ""
    }
  },
  {
    "model": "myappLubd.topic",
    "pk": 7,
    "fields": {
      "title": "Water and Hot water",
      "description": "The hot water system delivers heated water to guest rooms, kitchens, and staff facilities for bathing, cleaning, and operational use. The system consists of water heaters (electric or gas), circulation pumps, mixing valves, and insulated piping. It is designed to maintain consistent water temperature and availability, while minimizing energy consumption and ensuring guest comfort. Regular checks are carried out to monitor temperature settings, detect faults, and prevent scalding or system failure."
    }
  },
  {
    "model": "myappLubd.topic",
    "pk": 8,
    "fields": {
      "title": "Water Leasks",
      "description": "Water leakage detected from an unknown source. Requires inspection to identify origin and prevent further damage to surrounding areas."
    }
  },
  {
    "model": "myappLubd.jobimage",
    "pk": 1,
    "fields": {
      "job": 1,
      "image": "maintenance_job_images/2025/03/S__2351127.webp",
      "uploaded_by": 1,
      "uploaded_at": "2025-03-26T09:23:22.364Z"
    }
  },
  {
    "model": "myappLubd.jobimage",
    "pk": 2,
    "fields": {
      "job": 2,
      "image": "maintenance_job_images/2025/03/S__2351126.webp",
      "uploaded_by": 1,
      "uploaded_at": "2025-03-26T09:51:26.649Z"
    }
  },
  {
    "model": "myappLubd.jobimage",
    "pk": 3,
    "fields": {
      "job": 3,
      "image": "maintenance_job_images/2025/03/S__2351125.webp",
      "uploaded_by": 1,
      "uploaded_at": "2025-03-26T09:53:00.988Z"
    }
  },
  {
    "model": "myappLubd.jobimage",
    "pk": 4,
    "fields": {
      "job": 4,
      "image": "maintenance_job_images/2025/03/S__2351123.webp",
      "uploaded_by": 1,
      "uploaded_at": "2025-03-26T09:54:27.141Z"
    }
  },
  {
    "model": "myappLubd.jobimage",
    "pk": 5,
    "fields": {
      "job": 5,
      "image": "maintenance_job_images/2025/03/S__2351116_GJFg12x.webp",
      "uploaded_by": 1,
      "uploaded_at": "2025-03-26T09:57:10.491Z"
    }
  },
  {
    "model": "myappLubd.jobimage",
    "pk": 7,
    "fields": {
      "job": 7,
      "image": "maintenance_job_images/2025/03/S__2351124.webp",
      "uploaded_by": 1,
      "uploaded_at": "2025-03-26T10:00:04.540Z"
    }
  },
  {
    "model": "myappLubd.jobimage",
    "pk": 8,
    "fields": {
      "job": 8,
      "image": "maintenance_job_images/2025/04/1000009807.webp",
      "uploaded_by": 1,
      "uploaded_at": "2025-04-03T07:35:13.903Z"
    }
  },
  {
    "model": "myappLubd.jobimage",
    "pk": 9,
    "fields": {
      "job": 9,
      "image": "maintenance_job_images/2025/04/1000003223.webp",
      "uploaded_by": 2,
      "uploaded_at": "2025-04-04T11:20:33.141Z"
    }
  },
  {
    "model": "myappLubd.jobimage",
    "pk": 10,
    "fields": {
      "job": 10,
      "image": "maintenance_job_images/2025/05/1000004238.webp",
      "uploaded_by": 1,
      "uploaded_at": "2025-05-05T03:22:51.643Z"
    }
  },
  {
    "model": "myappLubd.jobimage",
    "pk": 11,
    "fields": {
      "job": 11,
      "image": "maintenance_job_images/2025/05/7920_0.webp",
      "uploaded_by": 1,
      "uploaded_at": "2025-05-06T02:25:46.835Z"
    }
  },
  {
    "model": "myappLubd.jobimage",
    "pk": 12,
    "fields": {
      "job": 12,
      "image": "maintenance_job_images/2025/05/111679.webp",
      "uploaded_by": 1,
      "uploaded_at": "2025-05-08T08:47:09.596Z"
    }
  },
  {
    "model": "myappLubd.jobimage",
    "pk": 13,
    "fields": {
      "job": 13,
      "image": "maintenance_job_images/2025/05/1000004911.webp",
      "uploaded_by": 2,
      "uploaded_at": "2025-05-11T09:36:30.521Z"
    }
  },
  {
    "model": "myappLubd.jobimage",
    "pk": 14,
    "fields": {
      "job": 13,
      "image": "maintenance_job_images/2025/05/1000004913.webp",
      "uploaded_by": 2,
      "uploaded_at": "2025-05-11T09:36:30.715Z"
    }
  },
  {
    "model": "myappLubd.jobimage",
    "pk": 15,
    "fields": {
      "job": 14,
      "image": "maintenance_job_images/2025/05/1000004917.webp",
      "uploaded_by": 2,
      "uploaded_at": "2025-05-11T09:37:18.898Z"
    }
  },
  {
    "model": "myappLubd.jobimage",
    "pk": 16,
    "fields": {
      "job": 14,
      "image": "maintenance_job_images/2025/05/1000004916.webp",
      "uploaded_by": 2,
      "uploaded_at": "2025-05-11T09:37:19.133Z"
    }
  },
  {
    "model": "myappLubd.jobimage",
    "pk": 17,
    "fields": {
      "job": 15,
      "image": "maintenance_job_images/2025/05/1000004921.webp",
      "uploaded_by": 2,
      "uploaded_at": "2025-05-11T09:38:12.184Z"
    }
  },
  {
    "model": "myappLubd.jobimage",
    "pk": 18,
    "fields": {
      "job": 16,
      "image": "maintenance_job_images/2025/05/1000004919.webp",
      "uploaded_by": 2,
      "uploaded_at": "2025-05-11T09:39:53.281Z"
    }
  },
  {
    "model": "myappLubd.jobimage",
    "pk": 19,
    "fields": {
      "job": 17,
      "image": "maintenance_job_images/2025/05/1000004915.webp",
      "uploaded_by": 2,
      "uploaded_at": "2025-05-11T09:40:33.342Z"
    }
  },
  {
    "model": "myappLubd.jobimage",
    "pk": 20,
    "fields": {
      "job": 18,
      "image": "maintenance_job_images/2025/05/1000004494.webp",
      "uploaded_by": 1,
      "uploaded_at": "2025-05-13T10:01:00.945Z"
    }
  },
  {
    "model": "myappLubd.job",
    "pk": 1,
    "fields": {
      "is_preventivemaintenance": false,
      "job_id": "j25A3C474",
      "updated_by": 1,
      "user": 1,
      "is_defective": false,
      "description": "Water leaks in bath room",
      "remarks": "No remarks provided",
      "status": "completed",
      "priority": "high",
      "created_at": "2025-03-26T09:23:22.244Z",
      "updated_at": "2025-04-03T08:11:23.999Z",
      "completed_at": "2025-04-03T08:11:23.999Z",
      "rooms": [
        39
      ],
      "topics": [
        2
      ],
      "images": []
    }
  },
  {
    "model": "myappLubd.job",
    "pk": 2,
    "fields": {
      "is_preventivemaintenance": false,
      "job_id": "j257A34DC",
      "updated_by": 1,
      "user": 1,
      "is_defective": false,
      "description": "Water leaks in Barth Room",
      "remarks": "No remarks provided",
      "status": "completed",
      "priority": "high",
      "created_at": "2025-03-26T09:51:26.555Z",
      "updated_at": "2025-04-03T08:10:20.965Z",
      "completed_at": "2025-04-03T08:10:20.964Z",
      "rooms": [
        37
      ],
      "topics": [
        2
      ],
      "images": []
    }
  },
  {
    "model": "myappLubd.job",
    "pk": 3,
    "fields": {
      "is_preventivemaintenance": false,
      "job_id": "j25A442A7",
      "updated_by": 1,
      "user": 1,
      "is_defective": false,
      "description": "Water Leask in Barth Room",
      "remarks": "No remarks provided",
      "status": "completed",
      "priority": "high",
      "created_at": "2025-03-26T09:53:00.916Z",
      "updated_at": "2025-04-03T08:11:45.182Z",
      "completed_at": "2025-04-03T08:11:45.181Z",
      "rooms": [
        8
      ],
      "topics": [
        2
      ],
      "images": []
    }
  },
  {
    "model": "myappLubd.job",
    "pk": 4,
    "fields": {
      "is_preventivemaintenance": false,
      "job_id": "j2550E9B7",
      "updated_by": 1,
      "user": 1,
      "is_defective": false,
      "description": "Water leaks in Barth Room",
      "remarks": "No remarks provided",
      "status": "completed",
      "priority": "high",
      "created_at": "2025-03-26T09:54:27.068Z",
      "updated_at": "2025-04-03T08:14:15.411Z",
      "completed_at": "2025-04-03T08:14:15.411Z",
      "rooms": [
        36
      ],
      "topics": [
        2
      ],
      "images": []
    }
  },
  {
    "model": "myappLubd.job",
    "pk": 5,
    "fields": {
      "is_preventivemaintenance": false,
      "job_id": "j253DD4DC",
      "updated_by": 1,
      "user": 1,
      "is_defective": false,
      "description": "Water leaks in Barth room",
      "remarks": "No remarks provided",
      "status": "completed",
      "priority": "high",
      "created_at": "2025-03-26T09:57:10.422Z",
      "updated_at": "2025-04-03T08:10:36.796Z",
      "completed_at": "2025-04-03T08:10:36.795Z",
      "rooms": [
        5
      ],
      "topics": [
        2
      ],
      "images": []
    }
  },
  {
    "model": "myappLubd.job",
    "pk": 7,
    "fields": {
      "is_preventivemaintenance": true,
      "job_id": "j25E6D428",
      "updated_by": 1,
      "user": 1,
      "is_defective": false,
      "description": "Water Leask in Barth Room.",
      "remarks": "No remarks provided",
      "status": "completed",
      "priority": "high",
      "created_at": "2025-03-26T10:00:04.492Z",
      "updated_at": "2025-05-04T15:27:05.436Z",
      "completed_at": "2025-04-03T08:11:07.633Z",
      "rooms": [
        31
      ],
      "topics": [
        2
      ],
      "images": []
    }
  },
  {
    "model": "myappLubd.job",
    "pk": 8,
    "fields": {
      "is_preventivemaintenance": false,
      "job_id": "j257A5FA3",
      "updated_by": 1,
      "user": 1,
      "is_defective": false,
      "description": "",
      "remarks": "No remarks provided",
      "status": "completed",
      "priority": "medium",
      "created_at": "2025-04-03T07:35:13.728Z",
      "updated_at": "2025-05-05T04:19:25.916Z",
      "completed_at": "2025-05-05T04:19:25.916Z",
      "rooms": [
        37
      ],
      "topics": [
        2
      ],
      "images": []
    }
  },
  {
    "model": "myappLubd.job",
    "pk": 9,
    "fields": {
      "is_preventivemaintenance": true,
      "job_id": "j254D8FA7",
      "updated_by": 2,
      "user": 2,
      "is_defective": false,
      "description": " 501",
      "remarks": "No remarks provided",
      "status": "completed",
      "priority": "medium",
      "created_at": "2025-04-04T11:20:32.754Z",
      "updated_at": "2025-05-04T15:26:57.518Z",
      "completed_at": "2025-04-04T11:20:32.754Z",
      "rooms": [
        94
      ],
      "topics": [
        1
      ],
      "images": []
    }
  },
  {
    "model": "myappLubd.job",
    "pk": 10,
    "fields": {
      "is_preventivemaintenance": false,
      "job_id": "j25DE1D90",
      "updated_by": 1,
      "user": 1,
      "is_defective": false,
      "description": "Moter blower  step low not working.",
      "remarks": "Change  new board circus.",
      "status": "completed",
      "priority": "high",
      "created_at": "2025-05-05T03:22:51.552Z",
      "updated_at": "2025-05-05T03:22:51.552Z",
      "completed_at": "2025-05-05T03:22:51.552Z",
      "rooms": [
        53
      ],
      "topics": [
        1
      ],
      "images": []
    }
  },
  {
    "model": "myappLubd.job",
    "pk": 11,
    "fields": {
      "is_preventivemaintenance": false,
      "job_id": "j254155B0",
      "updated_by": 1,
      "user": 1,
      "is_defective": false,
      "description": "Insert Keycard the air conditions not start automatically",
      "remarks": "change board",
      "status": "completed",
      "priority": "medium",
      "created_at": "2025-05-06T02:25:46.710Z",
      "updated_at": "2025-05-07T16:00:17.994Z",
      "completed_at": "2025-05-07T16:00:17.994Z",
      "rooms": [
        62
      ],
      "topics": [
        1
      ],
      "images": []
    }
  },
  {
    "model": "myappLubd.job",
    "pk": 12,
    "fields": {
      "is_preventivemaintenance": false,
      "job_id": "j250D7229",
      "updated_by": 1,
      "user": 1,
      "is_defective": false,
      "description": "DND Lighting not working.",
      "remarks": ".",
      "status": "completed",
      "priority": "medium",
      "created_at": "2025-05-08T08:47:09.509Z",
      "updated_at": "2025-05-09T03:56:47.113Z",
      "completed_at": "2025-05-09T03:56:47.112Z",
      "rooms": [
        56
      ],
      "topics": [
        5
      ],
      "images": []
    }
  },
  {
    "model": "myappLubd.job",
    "pk": 13,
    "fields": {
      "is_preventivemaintenance": false,
      "job_id": "j25B85419",
      "updated_by": 2,
      "user": 2,
      "is_defective": false,
      "description": "",
      "remarks": "",
      "status": "completed",
      "priority": "medium",
      "created_at": "2025-05-11T09:36:30.272Z",
      "updated_at": "2025-05-11T09:36:30.272Z",
      "completed_at": "2025-05-11T09:36:30.271Z",
      "rooms": [
        3
      ],
      "topics": [
        3
      ],
      "images": []
    }
  },
  {
    "model": "myappLubd.job",
    "pk": 14,
    "fields": {
      "is_preventivemaintenance": false,
      "job_id": "j25F044B3",
      "updated_by": 2,
      "user": 2,
      "is_defective": false,
      "description": "",
      "remarks": "",
      "status": "completed",
      "priority": "medium",
      "created_at": "2025-05-11T09:37:18.654Z",
      "updated_at": "2025-05-11T09:37:18.654Z",
      "completed_at": "2025-05-11T09:37:18.654Z",
      "rooms": [
        78
      ],
      "topics": [
        3
      ],
      "images": []
    }
  },
  {
    "model": "myappLubd.job",
    "pk": 15,
    "fields": {
      "is_preventivemaintenance": false,
      "job_id": "j251D7BFE",
      "updated_by": 2,
      "user": 2,
      "is_defective": false,
      "description": "",
      "remarks": "",
      "status": "completed",
      "priority": "medium",
      "created_at": "2025-05-11T09:38:11.934Z",
      "updated_at": "2025-05-11T09:38:11.934Z",
      "completed_at": "2025-05-11T09:38:11.934Z",
      "rooms": [
        86
      ],
      "topics": [
        5
      ],
      "images": []
    }
  },
  {
    "model": "myappLubd.job",
    "pk": 16,
    "fields": {
      "is_preventivemaintenance": false,
      "job_id": "j2507C2AA",
      "updated_by": 2,
      "user": 2,
      "is_defective": false,
      "description": " ",
      "remarks": " ",
      "status": "pending",
      "priority": "medium",
      "created_at": "2025-05-11T09:39:53.072Z",
      "updated_at": "2025-05-11T09:39:53.072Z",
      "completed_at": null,
      "rooms": [
        128
      ],
      "topics": [
        4
      ],
      "images": []
    }
  },
  {
    "model": "myappLubd.job",
    "pk": 17,
    "fields": {
      "is_preventivemaintenance": false,
      "job_id": "j258606CF",
      "updated_by": 2,
      "user": 2,
      "is_defective": false,
      "description": "",
      "remarks": "",
      "status": "completed",
      "priority": "medium",
      "created_at": "2025-05-11T09:40:33.092Z",
      "updated_at": "2025-05-11T09:40:33.092Z",
      "completed_at": "2025-05-11T09:40:33.092Z",
      "rooms": [
        48
      ],
      "topics": [
        3
      ],
      "images": []
    }
  },
  {
    "model": "myappLubd.job",
    "pk": 18,
    "fields": {
      "is_preventivemaintenance": false,
      "job_id": "j25FDF23F",
      "updated_by": 1,
      "user": 1,
      "is_defective": false,
      "description": "",
      "remarks": "Leask from old hold.",
      "status": "pending",
      "priority": "medium",
      "created_at": "2025-05-13T10:01:00.684Z",
      "updated_at": "2025-05-13T10:01:00.684Z",
      "completed_at": null,
      "rooms": [
        17
      ],
      "topics": [
        8
      ],
      "images": []
    }
  },
  {
    "model": "myappLubd.userprofile",
    "pk": 1,
    "fields": {
      "user": 1,
      "positions": "Cluster Chief Engineer",
      "profile_image": "",
      "google_id": null,
      "email_verified": false,
      "access_token": "",
      "refresh_token": "",
      "login_provider": null,
      "properties": [
        1
      ]
    }
  },
  {
    "model": "myappLubd.userprofile",
    "pk": 2,
    "fields": {
      "user": 2,
      "positions": "Technician",
      "profile_image": "",
      "google_id": null,
      "email_verified": false,
      "access_token": "",
      "refresh_token": "",
      "login_provider": null,
      "properties": [
        1
      ]
    }
  },
  {
    "model": "myappLubd.userprofile",
    "pk": 3,
    "fields": {
      "user": 3,
      "positions": "Property Leader",
      "profile_image": "",
      "google_id": null,
      "email_verified": false,
      "access_token": "",
      "refresh_token": "",
      "login_provider": null,
      "properties": [
        2
      ]
    }
  },
  {
    "model": "myappLubd.userprofile",
    "pk": 4,
    "fields": {
      "user": 4,
      "positions": "Technician",
      "profile_image": "",
      "google_id": null,
      "email_verified": false,
      "access_token": "",
      "refresh_token": "",
      "login_provider": null,
      "properties": [
        1
      ]
    }
  },
  {
    "model": "myappLubd.userprofile",
    "pk": 5,
    "fields": {
      "user": 5,
      "positions": "Cluster Chief Engineer",
      "profile_image": "",
      "google_id": null,
      "email_verified": false,
      "access_token": "",
      "refresh_token": "",
      "login_provider": null,
      "properties": [
        2
      ]
    }
  },
  {
    "model": "myappLubd.userprofile",
    "pk": 6,
    "fields": {
      "user": 6,
      "positions": "Technicians",
      "profile_image": "",
      "google_id": null,
      "email_verified": false,
      "access_token": "",
      "refresh_token": "",
      "login_provider": null,
      "properties": [
        2
      ]
    }
  },
  {
    "model": "myappLubd.userprofile",
    "pk": 7,
    "fields": {
      "user": 7,
      "positions": "Technicians",
      "profile_image": "",
      "google_id": null,
      "email_verified": false,
      "access_token": "",
      "refresh_token": "",
      "login_provider": null,
      "properties": [
        1
      ]
    }
  }
]