--
-- PostgreSQL database dump
--

\restrict 9QKOTx0pV7WwKhMpgUa3qIu8Q0yP7681tcsLVrPvK1GcBdIABpKw3faNwNSUpcP

-- Dumped from database version 17.6
-- Dumped by pg_dump version 17.6

SET statement_timeout = 0;
SET lock_timeout = 0;
SET idle_in_transaction_session_timeout = 0;
SET transaction_timeout = 0;
SET client_encoding = 'UTF8';
SET standard_conforming_strings = on;
SELECT pg_catalog.set_config('search_path', '', false);
SET check_function_bodies = false;
SET xmloption = content;
SET client_min_messages = warning;
SET row_security = off;

SET default_tablespace = '';

SET default_table_access_method = heap;

--
-- Name: auth_group; Type: TABLE; Schema: public; Owner: mylubd_user
--

CREATE TABLE public.auth_group (
    id integer NOT NULL,
    name character varying(150) NOT NULL
);


ALTER TABLE public.auth_group OWNER TO mylubd_user;

--
-- Name: auth_group_id_seq; Type: SEQUENCE; Schema: public; Owner: mylubd_user
--

ALTER TABLE public.auth_group ALTER COLUMN id ADD GENERATED BY DEFAULT AS IDENTITY (
    SEQUENCE NAME public.auth_group_id_seq
    START WITH 1
    INCREMENT BY 1
    NO MINVALUE
    NO MAXVALUE
    CACHE 1
);


--
-- Name: auth_group_permissions; Type: TABLE; Schema: public; Owner: mylubd_user
--

CREATE TABLE public.auth_group_permissions (
    id bigint NOT NULL,
    group_id integer NOT NULL,
    permission_id integer NOT NULL
);


ALTER TABLE public.auth_group_permissions OWNER TO mylubd_user;

--
-- Name: auth_group_permissions_id_seq; Type: SEQUENCE; Schema: public; Owner: mylubd_user
--

ALTER TABLE public.auth_group_permissions ALTER COLUMN id ADD GENERATED BY DEFAULT AS IDENTITY (
    SEQUENCE NAME public.auth_group_permissions_id_seq
    START WITH 1
    INCREMENT BY 1
    NO MINVALUE
    NO MAXVALUE
    CACHE 1
);


--
-- Name: auth_permission; Type: TABLE; Schema: public; Owner: mylubd_user
--

CREATE TABLE public.auth_permission (
    id integer NOT NULL,
    name character varying(255) NOT NULL,
    content_type_id integer NOT NULL,
    codename character varying(100) NOT NULL
);


ALTER TABLE public.auth_permission OWNER TO mylubd_user;

--
-- Name: auth_permission_id_seq; Type: SEQUENCE; Schema: public; Owner: mylubd_user
--

ALTER TABLE public.auth_permission ALTER COLUMN id ADD GENERATED BY DEFAULT AS IDENTITY (
    SEQUENCE NAME public.auth_permission_id_seq
    START WITH 1
    INCREMENT BY 1
    NO MINVALUE
    NO MAXVALUE
    CACHE 1
);


--
-- Name: debug_toolbar_historyentry; Type: TABLE; Schema: public; Owner: mylubd_user
--

CREATE TABLE public.debug_toolbar_historyentry (
    request_id uuid NOT NULL,
    data jsonb NOT NULL,
    created_at timestamp with time zone NOT NULL
);


ALTER TABLE public.debug_toolbar_historyentry OWNER TO mylubd_user;

--
-- Name: django_admin_log; Type: TABLE; Schema: public; Owner: mylubd_user
--

CREATE TABLE public.django_admin_log (
    id integer NOT NULL,
    action_time timestamp with time zone NOT NULL,
    object_id text,
    object_repr character varying(200) NOT NULL,
    action_flag smallint NOT NULL,
    change_message text NOT NULL,
    content_type_id integer,
    user_id bigint NOT NULL,
    CONSTRAINT django_admin_log_action_flag_check CHECK ((action_flag >= 0))
);


ALTER TABLE public.django_admin_log OWNER TO mylubd_user;

--
-- Name: django_admin_log_id_seq; Type: SEQUENCE; Schema: public; Owner: mylubd_user
--

ALTER TABLE public.django_admin_log ALTER COLUMN id ADD GENERATED BY DEFAULT AS IDENTITY (
    SEQUENCE NAME public.django_admin_log_id_seq
    START WITH 1
    INCREMENT BY 1
    NO MINVALUE
    NO MAXVALUE
    CACHE 1
);


--
-- Name: django_content_type; Type: TABLE; Schema: public; Owner: mylubd_user
--

CREATE TABLE public.django_content_type (
    id integer NOT NULL,
    app_label character varying(100) NOT NULL,
    model character varying(100) NOT NULL
);


ALTER TABLE public.django_content_type OWNER TO mylubd_user;

--
-- Name: django_content_type_id_seq; Type: SEQUENCE; Schema: public; Owner: mylubd_user
--

ALTER TABLE public.django_content_type ALTER COLUMN id ADD GENERATED BY DEFAULT AS IDENTITY (
    SEQUENCE NAME public.django_content_type_id_seq
    START WITH 1
    INCREMENT BY 1
    NO MINVALUE
    NO MAXVALUE
    CACHE 1
);


--
-- Name: django_migrations; Type: TABLE; Schema: public; Owner: mylubd_user
--

CREATE TABLE public.django_migrations (
    id bigint NOT NULL,
    app character varying(255) NOT NULL,
    name character varying(255) NOT NULL,
    applied timestamp with time zone NOT NULL
);


ALTER TABLE public.django_migrations OWNER TO mylubd_user;

--
-- Name: django_migrations_id_seq; Type: SEQUENCE; Schema: public; Owner: mylubd_user
--

ALTER TABLE public.django_migrations ALTER COLUMN id ADD GENERATED BY DEFAULT AS IDENTITY (
    SEQUENCE NAME public.django_migrations_id_seq
    START WITH 1
    INCREMENT BY 1
    NO MINVALUE
    NO MAXVALUE
    CACHE 1
);


--
-- Name: django_session; Type: TABLE; Schema: public; Owner: mylubd_user
--

CREATE TABLE public.django_session (
    session_key character varying(40) NOT NULL,
    session_data text NOT NULL,
    expire_date timestamp with time zone NOT NULL
);


ALTER TABLE public.django_session OWNER TO mylubd_user;

--
-- Name: myappLubd_job; Type: TABLE; Schema: public; Owner: mylubd_user
--

CREATE TABLE public."myappLubd_job" (
    id bigint NOT NULL,
    job_id character varying(16) NOT NULL,
    is_defective boolean NOT NULL,
    description text NOT NULL,
    remarks text NOT NULL,
    status character varying(20) NOT NULL,
    priority character varying(20) NOT NULL,
    created_at timestamp with time zone NOT NULL,
    updated_at timestamp with time zone NOT NULL,
    completed_at timestamp with time zone,
    user_id bigint NOT NULL,
    updated_by_id bigint,
    is_preventivemaintenance boolean NOT NULL
);


ALTER TABLE public."myappLubd_job" OWNER TO mylubd_user;

--
-- Name: myappLubd_job_id_seq; Type: SEQUENCE; Schema: public; Owner: mylubd_user
--

ALTER TABLE public."myappLubd_job" ALTER COLUMN id ADD GENERATED BY DEFAULT AS IDENTITY (
    SEQUENCE NAME public."myappLubd_job_id_seq"
    START WITH 1
    INCREMENT BY 1
    NO MINVALUE
    NO MAXVALUE
    CACHE 1
);


--
-- Name: myappLubd_job_rooms; Type: TABLE; Schema: public; Owner: mylubd_user
--

CREATE TABLE public."myappLubd_job_rooms" (
    id bigint NOT NULL,
    job_id bigint NOT NULL,
    room_id integer NOT NULL
);


ALTER TABLE public."myappLubd_job_rooms" OWNER TO mylubd_user;

--
-- Name: myappLubd_job_rooms_id_seq; Type: SEQUENCE; Schema: public; Owner: mylubd_user
--

ALTER TABLE public."myappLubd_job_rooms" ALTER COLUMN id ADD GENERATED BY DEFAULT AS IDENTITY (
    SEQUENCE NAME public."myappLubd_job_rooms_id_seq"
    START WITH 1
    INCREMENT BY 1
    NO MINVALUE
    NO MAXVALUE
    CACHE 1
);


--
-- Name: myappLubd_job_topics; Type: TABLE; Schema: public; Owner: mylubd_user
--

CREATE TABLE public."myappLubd_job_topics" (
    id bigint NOT NULL,
    job_id bigint NOT NULL,
    topic_id integer NOT NULL
);


ALTER TABLE public."myappLubd_job_topics" OWNER TO mylubd_user;

--
-- Name: myappLubd_job_topics_id_seq; Type: SEQUENCE; Schema: public; Owner: mylubd_user
--

ALTER TABLE public."myappLubd_job_topics" ALTER COLUMN id ADD GENERATED BY DEFAULT AS IDENTITY (
    SEQUENCE NAME public."myappLubd_job_topics_id_seq"
    START WITH 1
    INCREMENT BY 1
    NO MINVALUE
    NO MAXVALUE
    CACHE 1
);


--
-- Name: myappLubd_jobimage; Type: TABLE; Schema: public; Owner: mylubd_user
--

CREATE TABLE public."myappLubd_jobimage" (
    id bigint NOT NULL,
    image character varying(100),
    uploaded_at timestamp with time zone NOT NULL,
    job_id bigint NOT NULL,
    uploaded_by_id bigint,
    jpeg_path character varying(500)
);


ALTER TABLE public."myappLubd_jobimage" OWNER TO mylubd_user;

--
-- Name: myappLubd_jobimage_id_seq; Type: SEQUENCE; Schema: public; Owner: mylubd_user
--

ALTER TABLE public."myappLubd_jobimage" ALTER COLUMN id ADD GENERATED BY DEFAULT AS IDENTITY (
    SEQUENCE NAME public."myappLubd_jobimage_id_seq"
    START WITH 1
    INCREMENT BY 1
    NO MINVALUE
    NO MAXVALUE
    CACHE 1
);


--
-- Name: myappLubd_machine; Type: TABLE; Schema: public; Owner: mylubd_user
--

CREATE TABLE public."myappLubd_machine" (
    id integer NOT NULL,
    machine_id character varying(50) NOT NULL,
    name character varying(100) NOT NULL,
    description text,
    location character varying(200),
    status character varying(20) NOT NULL,
    installation_date date,
    last_maintenance_date timestamp with time zone,
    created_at timestamp with time zone NOT NULL,
    updated_at timestamp with time zone NOT NULL,
    property_id integer NOT NULL
);


ALTER TABLE public."myappLubd_machine" OWNER TO mylubd_user;

--
-- Name: myappLubd_machine_id_seq; Type: SEQUENCE; Schema: public; Owner: mylubd_user
--

ALTER TABLE public."myappLubd_machine" ALTER COLUMN id ADD GENERATED BY DEFAULT AS IDENTITY (
    SEQUENCE NAME public."myappLubd_machine_id_seq"
    START WITH 1
    INCREMENT BY 1
    NO MINVALUE
    NO MAXVALUE
    CACHE 1
);


--
-- Name: myappLubd_machine_preventive_maintenances; Type: TABLE; Schema: public; Owner: mylubd_user
--

CREATE TABLE public."myappLubd_machine_preventive_maintenances" (
    id bigint NOT NULL,
    machine_id integer NOT NULL,
    preventivemaintenance_id bigint NOT NULL
);


ALTER TABLE public."myappLubd_machine_preventive_maintenances" OWNER TO mylubd_user;

--
-- Name: myappLubd_machine_preventive_maintenances_id_seq; Type: SEQUENCE; Schema: public; Owner: mylubd_user
--

ALTER TABLE public."myappLubd_machine_preventive_maintenances" ALTER COLUMN id ADD GENERATED BY DEFAULT AS IDENTITY (
    SEQUENCE NAME public."myappLubd_machine_preventive_maintenances_id_seq"
    START WITH 1
    INCREMENT BY 1
    NO MINVALUE
    NO MAXVALUE
    CACHE 1
);


--
-- Name: myappLubd_maintenancechecklist; Type: TABLE; Schema: public; Owner: mylubd_user
--

CREATE TABLE public."myappLubd_maintenancechecklist" (
    id bigint NOT NULL,
    item character varying(200) NOT NULL,
    description text,
    is_completed boolean NOT NULL,
    completed_at timestamp with time zone,
    "order" integer NOT NULL,
    completed_by_id bigint,
    maintenance_id bigint NOT NULL,
    CONSTRAINT "myappLubd_maintenancechecklist_order_check" CHECK (("order" >= 0))
);


ALTER TABLE public."myappLubd_maintenancechecklist" OWNER TO mylubd_user;

--
-- Name: myappLubd_maintenancechecklist_id_seq; Type: SEQUENCE; Schema: public; Owner: mylubd_user
--

ALTER TABLE public."myappLubd_maintenancechecklist" ALTER COLUMN id ADD GENERATED BY DEFAULT AS IDENTITY (
    SEQUENCE NAME public."myappLubd_maintenancechecklist_id_seq"
    START WITH 1
    INCREMENT BY 1
    NO MINVALUE
    NO MAXVALUE
    CACHE 1
);


--
-- Name: myappLubd_maintenancehistory; Type: TABLE; Schema: public; Owner: mylubd_user
--

CREATE TABLE public."myappLubd_maintenancehistory" (
    id bigint NOT NULL,
    action character varying(100) NOT NULL,
    notes text,
    "timestamp" timestamp with time zone NOT NULL,
    maintenance_id bigint NOT NULL,
    performed_by_id bigint
);


ALTER TABLE public."myappLubd_maintenancehistory" OWNER TO mylubd_user;

--
-- Name: myappLubd_maintenancehistory_id_seq; Type: SEQUENCE; Schema: public; Owner: mylubd_user
--

ALTER TABLE public."myappLubd_maintenancehistory" ALTER COLUMN id ADD GENERATED BY DEFAULT AS IDENTITY (
    SEQUENCE NAME public."myappLubd_maintenancehistory_id_seq"
    START WITH 1
    INCREMENT BY 1
    NO MINVALUE
    NO MAXVALUE
    CACHE 1
);


--
-- Name: myappLubd_maintenanceprocedure; Type: TABLE; Schema: public; Owner: mylubd_user
--

CREATE TABLE public."myappLubd_maintenanceprocedure" (
    id bigint NOT NULL,
    name character varying(200) NOT NULL,
    description text NOT NULL,
    steps jsonb NOT NULL,
    estimated_duration integer NOT NULL,
    required_tools text,
    safety_notes text,
    created_at timestamp with time zone NOT NULL,
    updated_at timestamp with time zone NOT NULL,
    difficulty_level character varying(20) NOT NULL,
    CONSTRAINT "myappLubd_maintenanceprocedure_estimated_duration_check" CHECK ((estimated_duration >= 0))
);


ALTER TABLE public."myappLubd_maintenanceprocedure" OWNER TO mylubd_user;

--
-- Name: myappLubd_maintenanceprocedure_id_seq; Type: SEQUENCE; Schema: public; Owner: mylubd_user
--

ALTER TABLE public."myappLubd_maintenanceprocedure" ALTER COLUMN id ADD GENERATED BY DEFAULT AS IDENTITY (
    SEQUENCE NAME public."myappLubd_maintenanceprocedure_id_seq"
    START WITH 1
    INCREMENT BY 1
    NO MINVALUE
    NO MAXVALUE
    CACHE 1
);


--
-- Name: myappLubd_maintenanceschedule; Type: TABLE; Schema: public; Owner: mylubd_user
--

CREATE TABLE public."myappLubd_maintenanceschedule" (
    id bigint NOT NULL,
    is_recurring boolean NOT NULL,
    next_occurrence timestamp with time zone NOT NULL,
    recurrence_pattern jsonb NOT NULL,
    last_occurrence timestamp with time zone,
    total_occurrences integer NOT NULL,
    is_active boolean NOT NULL,
    maintenance_id bigint NOT NULL,
    CONSTRAINT "myappLubd_maintenanceschedule_total_occurrences_check" CHECK ((total_occurrences >= 0))
);


ALTER TABLE public."myappLubd_maintenanceschedule" OWNER TO mylubd_user;

--
-- Name: myappLubd_maintenanceschedule_id_seq; Type: SEQUENCE; Schema: public; Owner: mylubd_user
--

ALTER TABLE public."myappLubd_maintenanceschedule" ALTER COLUMN id ADD GENERATED BY DEFAULT AS IDENTITY (
    SEQUENCE NAME public."myappLubd_maintenanceschedule_id_seq"
    START WITH 1
    INCREMENT BY 1
    NO MINVALUE
    NO MAXVALUE
    CACHE 1
);


--
-- Name: myappLubd_preventivemaintenance; Type: TABLE; Schema: public; Owner: mylubd_user
--

CREATE TABLE public."myappLubd_preventivemaintenance" (
    id bigint NOT NULL,
    pm_id character varying(16) NOT NULL,
    scheduled_date timestamp with time zone NOT NULL,
    completed_date timestamp with time zone,
    frequency character varying(20) NOT NULL,
    custom_days integer,
    next_due_date timestamp with time zone,
    notes text,
    updated_at timestamp with time zone NOT NULL,
    after_image character varying(100),
    before_image character varying(100),
    created_by_id bigint NOT NULL,
    pmtitle text NOT NULL,
    job_id bigint,
    procedure text,
    after_image_jpeg_path character varying(500),
    before_image_jpeg_path character varying(500),
    actual_duration integer,
    completed_by_id bigint,
    completion_notes text,
    estimated_duration integer,
    priority character varying(20) NOT NULL,
    quality_score integer,
    status character varying(20) NOT NULL,
    verification_date timestamp with time zone,
    verified_by_id bigint,
    procedure_template_id bigint,
    CONSTRAINT "myappLubd_preventivemaintenance_actual_duration_check" CHECK ((actual_duration >= 0)),
    CONSTRAINT "myappLubd_preventivemaintenance_custom_days_check" CHECK ((custom_days >= 0)),
    CONSTRAINT "myappLubd_preventivemaintenance_estimated_duration_check" CHECK ((estimated_duration >= 0)),
    CONSTRAINT "myappLubd_preventivemaintenance_quality_score_check" CHECK ((quality_score >= 0))
);


ALTER TABLE public."myappLubd_preventivemaintenance" OWNER TO mylubd_user;

--
-- Name: myappLubd_preventivemaintenance_id_seq; Type: SEQUENCE; Schema: public; Owner: mylubd_user
--

ALTER TABLE public."myappLubd_preventivemaintenance" ALTER COLUMN id ADD GENERATED BY DEFAULT AS IDENTITY (
    SEQUENCE NAME public."myappLubd_preventivemaintenance_id_seq"
    START WITH 1
    INCREMENT BY 1
    NO MINVALUE
    NO MAXVALUE
    CACHE 1
);


--
-- Name: myappLubd_preventivemaintenance_topics; Type: TABLE; Schema: public; Owner: mylubd_user
--

CREATE TABLE public."myappLubd_preventivemaintenance_topics" (
    id bigint NOT NULL,
    preventivemaintenance_id bigint NOT NULL,
    topic_id integer NOT NULL
);


ALTER TABLE public."myappLubd_preventivemaintenance_topics" OWNER TO mylubd_user;

--
-- Name: myappLubd_preventivemaintenance_topics_id_seq; Type: SEQUENCE; Schema: public; Owner: mylubd_user
--

ALTER TABLE public."myappLubd_preventivemaintenance_topics" ALTER COLUMN id ADD GENERATED BY DEFAULT AS IDENTITY (
    SEQUENCE NAME public."myappLubd_preventivemaintenance_topics_id_seq"
    START WITH 1
    INCREMENT BY 1
    NO MINVALUE
    NO MAXVALUE
    CACHE 1
);


--
-- Name: myappLubd_property; Type: TABLE; Schema: public; Owner: mylubd_user
--

CREATE TABLE public."myappLubd_property" (
    id integer NOT NULL,
    property_id character varying(50) NOT NULL,
    name character varying(255) NOT NULL,
    description text,
    created_at timestamp with time zone NOT NULL,
    is_preventivemaintenance boolean NOT NULL
);


ALTER TABLE public."myappLubd_property" OWNER TO mylubd_user;

--
-- Name: myappLubd_property_id_seq; Type: SEQUENCE; Schema: public; Owner: mylubd_user
--

ALTER TABLE public."myappLubd_property" ALTER COLUMN id ADD GENERATED BY DEFAULT AS IDENTITY (
    SEQUENCE NAME public."myappLubd_property_id_seq"
    START WITH 1
    INCREMENT BY 1
    NO MINVALUE
    NO MAXVALUE
    CACHE 1
);


--
-- Name: myappLubd_property_users; Type: TABLE; Schema: public; Owner: mylubd_user
--

CREATE TABLE public."myappLubd_property_users" (
    id bigint NOT NULL,
    property_id integer NOT NULL,
    user_id bigint NOT NULL
);


ALTER TABLE public."myappLubd_property_users" OWNER TO mylubd_user;

--
-- Name: myappLubd_property_users_id_seq; Type: SEQUENCE; Schema: public; Owner: mylubd_user
--

ALTER TABLE public."myappLubd_property_users" ALTER COLUMN id ADD GENERATED BY DEFAULT AS IDENTITY (
    SEQUENCE NAME public."myappLubd_property_users_id_seq"
    START WITH 1
    INCREMENT BY 1
    NO MINVALUE
    NO MAXVALUE
    CACHE 1
);


--
-- Name: myappLubd_room; Type: TABLE; Schema: public; Owner: mylubd_user
--

CREATE TABLE public."myappLubd_room" (
    room_id integer NOT NULL,
    name character varying(100) NOT NULL,
    room_type character varying(50) NOT NULL,
    is_active boolean NOT NULL,
    created_at timestamp with time zone NOT NULL
);


ALTER TABLE public."myappLubd_room" OWNER TO mylubd_user;

--
-- Name: myappLubd_room_properties; Type: TABLE; Schema: public; Owner: mylubd_user
--

CREATE TABLE public."myappLubd_room_properties" (
    id bigint NOT NULL,
    room_id integer NOT NULL,
    property_id integer NOT NULL
);


ALTER TABLE public."myappLubd_room_properties" OWNER TO mylubd_user;

--
-- Name: myappLubd_room_properties_id_seq; Type: SEQUENCE; Schema: public; Owner: mylubd_user
--

ALTER TABLE public."myappLubd_room_properties" ALTER COLUMN id ADD GENERATED BY DEFAULT AS IDENTITY (
    SEQUENCE NAME public."myappLubd_room_properties_id_seq"
    START WITH 1
    INCREMENT BY 1
    NO MINVALUE
    NO MAXVALUE
    CACHE 1
);


--
-- Name: myappLubd_room_room_id_seq; Type: SEQUENCE; Schema: public; Owner: mylubd_user
--

ALTER TABLE public."myappLubd_room" ALTER COLUMN room_id ADD GENERATED BY DEFAULT AS IDENTITY (
    SEQUENCE NAME public."myappLubd_room_room_id_seq"
    START WITH 1
    INCREMENT BY 1
    NO MINVALUE
    NO MAXVALUE
    CACHE 1
);


--
-- Name: myappLubd_session; Type: TABLE; Schema: public; Owner: mylubd_user
--

CREATE TABLE public."myappLubd_session" (
    id bigint NOT NULL,
    session_token character varying(255) NOT NULL,
    access_token text NOT NULL,
    refresh_token text NOT NULL,
    expires_at timestamp with time zone NOT NULL,
    created_at timestamp with time zone NOT NULL,
    user_id bigint NOT NULL
);


ALTER TABLE public."myappLubd_session" OWNER TO mylubd_user;

--
-- Name: myappLubd_session_id_seq; Type: SEQUENCE; Schema: public; Owner: mylubd_user
--

ALTER TABLE public."myappLubd_session" ALTER COLUMN id ADD GENERATED BY DEFAULT AS IDENTITY (
    SEQUENCE NAME public."myappLubd_session_id_seq"
    START WITH 1
    INCREMENT BY 1
    NO MINVALUE
    NO MAXVALUE
    CACHE 1
);


--
-- Name: myappLubd_topic; Type: TABLE; Schema: public; Owner: mylubd_user
--

CREATE TABLE public."myappLubd_topic" (
    id integer NOT NULL,
    title character varying(160) NOT NULL,
    description text
);


ALTER TABLE public."myappLubd_topic" OWNER TO mylubd_user;

--
-- Name: myappLubd_topic_id_seq; Type: SEQUENCE; Schema: public; Owner: mylubd_user
--

ALTER TABLE public."myappLubd_topic" ALTER COLUMN id ADD GENERATED BY DEFAULT AS IDENTITY (
    SEQUENCE NAME public."myappLubd_topic_id_seq"
    START WITH 1
    INCREMENT BY 1
    NO MINVALUE
    NO MAXVALUE
    CACHE 1
);


--
-- Name: myappLubd_user; Type: TABLE; Schema: public; Owner: mylubd_user
--

CREATE TABLE public."myappLubd_user" (
    id bigint NOT NULL,
    password character varying(128) NOT NULL,
    last_login timestamp with time zone,
    is_superuser boolean NOT NULL,
    username character varying(150) NOT NULL,
    first_name character varying(150) NOT NULL,
    last_name character varying(150) NOT NULL,
    email character varying(254) NOT NULL,
    is_staff boolean NOT NULL,
    is_active boolean NOT NULL,
    date_joined timestamp with time zone NOT NULL,
    property_name character varying(255),
    property_id character varying(50)
);


ALTER TABLE public."myappLubd_user" OWNER TO mylubd_user;

--
-- Name: myappLubd_user_groups; Type: TABLE; Schema: public; Owner: mylubd_user
--

CREATE TABLE public."myappLubd_user_groups" (
    id bigint NOT NULL,
    user_id bigint NOT NULL,
    group_id integer NOT NULL
);


ALTER TABLE public."myappLubd_user_groups" OWNER TO mylubd_user;

--
-- Name: myappLubd_user_groups_id_seq; Type: SEQUENCE; Schema: public; Owner: mylubd_user
--

ALTER TABLE public."myappLubd_user_groups" ALTER COLUMN id ADD GENERATED BY DEFAULT AS IDENTITY (
    SEQUENCE NAME public."myappLubd_user_groups_id_seq"
    START WITH 1
    INCREMENT BY 1
    NO MINVALUE
    NO MAXVALUE
    CACHE 1
);


--
-- Name: myappLubd_user_id_seq; Type: SEQUENCE; Schema: public; Owner: mylubd_user
--

ALTER TABLE public."myappLubd_user" ALTER COLUMN id ADD GENERATED BY DEFAULT AS IDENTITY (
    SEQUENCE NAME public."myappLubd_user_id_seq"
    START WITH 1
    INCREMENT BY 1
    NO MINVALUE
    NO MAXVALUE
    CACHE 1
);


--
-- Name: myappLubd_user_user_permissions; Type: TABLE; Schema: public; Owner: mylubd_user
--

CREATE TABLE public."myappLubd_user_user_permissions" (
    id bigint NOT NULL,
    user_id bigint NOT NULL,
    permission_id integer NOT NULL
);


ALTER TABLE public."myappLubd_user_user_permissions" OWNER TO mylubd_user;

--
-- Name: myappLubd_user_user_permissions_id_seq; Type: SEQUENCE; Schema: public; Owner: mylubd_user
--

ALTER TABLE public."myappLubd_user_user_permissions" ALTER COLUMN id ADD GENERATED BY DEFAULT AS IDENTITY (
    SEQUENCE NAME public."myappLubd_user_user_permissions_id_seq"
    START WITH 1
    INCREMENT BY 1
    NO MINVALUE
    NO MAXVALUE
    CACHE 1
);


--
-- Name: myappLubd_userprofile; Type: TABLE; Schema: public; Owner: mylubd_user
--

CREATE TABLE public."myappLubd_userprofile" (
    id bigint NOT NULL,
    positions text,
    profile_image character varying(100),
    user_id bigint NOT NULL,
    access_token text,
    email_verified boolean NOT NULL,
    google_id character varying(100),
    login_provider character varying(50),
    refresh_token text,
    last_login_google timestamp with time zone,
    reset_password_token character varying(128),
    reset_password_expires_at timestamp with time zone,
    reset_password_used boolean NOT NULL,
    property_name character varying(255),
    property_id character varying(50)
);


ALTER TABLE public."myappLubd_userprofile" OWNER TO mylubd_user;

--
-- Name: myappLubd_userprofile_id_seq; Type: SEQUENCE; Schema: public; Owner: mylubd_user
--

ALTER TABLE public."myappLubd_userprofile" ALTER COLUMN id ADD GENERATED BY DEFAULT AS IDENTITY (
    SEQUENCE NAME public."myappLubd_userprofile_id_seq"
    START WITH 1
    INCREMENT BY 1
    NO MINVALUE
    NO MAXVALUE
    CACHE 1
);


--
-- Name: myappLubd_userprofile_properties; Type: TABLE; Schema: public; Owner: mylubd_user
--

CREATE TABLE public."myappLubd_userprofile_properties" (
    id bigint NOT NULL,
    userprofile_id bigint NOT NULL,
    property_id integer NOT NULL
);


ALTER TABLE public."myappLubd_userprofile_properties" OWNER TO mylubd_user;

--
-- Name: myappLubd_userprofile_properties_id_seq; Type: SEQUENCE; Schema: public; Owner: mylubd_user
--

ALTER TABLE public."myappLubd_userprofile_properties" ALTER COLUMN id ADD GENERATED BY DEFAULT AS IDENTITY (
    SEQUENCE NAME public."myappLubd_userprofile_properties_id_seq"
    START WITH 1
    INCREMENT BY 1
    NO MINVALUE
    NO MAXVALUE
    CACHE 1
);


--
-- Data for Name: auth_group; Type: TABLE DATA; Schema: public; Owner: mylubd_user
--

COPY public.auth_group (id, name) FROM stdin;
\.


--
-- Data for Name: auth_group_permissions; Type: TABLE DATA; Schema: public; Owner: mylubd_user
--

COPY public.auth_group_permissions (id, group_id, permission_id) FROM stdin;
\.


--
-- Data for Name: auth_permission; Type: TABLE DATA; Schema: public; Owner: mylubd_user
--

COPY public.auth_permission (id, name, content_type_id, codename) FROM stdin;
81	Can add user	21	add_user
82	Can change user	21	change_user
83	Can delete user	21	delete_user
84	Can view user	21	view_user
1	Can add log entry	1	add_logentry
2	Can change log entry	1	change_logentry
3	Can delete log entry	1	delete_logentry
4	Can view log entry	1	view_logentry
5	Can add permission	2	add_permission
6	Can change permission	2	change_permission
7	Can delete permission	2	delete_permission
8	Can view permission	2	view_permission
9	Can add group	3	add_group
10	Can change group	3	change_group
11	Can delete group	3	delete_group
12	Can view group	3	view_group
13	Can add user	4	add_user
14	Can change user	4	change_user
15	Can delete user	4	delete_user
16	Can view user	4	view_user
17	Can add content type	5	add_contenttype
18	Can change content type	5	change_contenttype
19	Can delete content type	5	delete_contenttype
20	Can view content type	5	view_contenttype
21	Can add session	6	add_session
63	Can delete Maintenance Procedure	16	delete_maintenanceprocedure
64	Can view Maintenance Procedure	16	view_maintenanceprocedure
65	Can add Maintenance Schedule	17	add_maintenanceschedule
66	Can change Maintenance Schedule	17	change_maintenanceschedule
67	Can delete Maintenance Schedule	17	delete_maintenanceschedule
68	Can view Maintenance Schedule	17	view_maintenanceschedule
69	Can add Maintenance History	18	add_maintenancehistory
70	Can change Maintenance History	18	change_maintenancehistory
71	Can delete Maintenance History	18	delete_maintenancehistory
72	Can view Maintenance History	18	view_maintenancehistory
73	Can add Maintenance Checklist Item	19	add_maintenancechecklist
74	Can change Maintenance Checklist Item	19	change_maintenancechecklist
75	Can delete Maintenance Checklist Item	19	delete_maintenancechecklist
76	Can view Maintenance Checklist Item	19	view_maintenancechecklist
77	Can add history entry	20	add_historyentry
78	Can change history entry	20	change_historyentry
79	Can delete history entry	20	delete_historyentry
80	Can view history entry	20	view_historyentry
22	Can change session	6	change_session
23	Can delete session	6	delete_session
24	Can view session	6	view_session
25	Can add job	7	add_job
26	Can change job	7	change_job
27	Can delete job	7	delete_job
28	Can view job	7	view_job
29	Can add property	8	add_property
30	Can change property	8	change_property
31	Can delete property	8	delete_property
32	Can view property	8	view_property
33	Can add topic	9	add_topic
34	Can change topic	9	change_topic
35	Can delete topic	9	delete_topic
36	Can view topic	9	view_topic
37	Can add user profile	10	add_userprofile
38	Can change user profile	10	change_userprofile
39	Can delete user profile	10	delete_userprofile
40	Can view user profile	10	view_userprofile
41	Can add room	11	add_room
42	Can change room	11	change_room
43	Can delete room	11	delete_room
44	Can view room	11	view_room
45	Can add Job Image	12	add_jobimage
46	Can change Job Image	12	change_jobimage
47	Can delete Job Image	12	delete_jobimage
48	Can view Job Image	12	view_jobimage
49	Can add session	13	add_session
50	Can change session	13	change_session
51	Can delete session	13	delete_session
52	Can view session	13	view_session
53	Can add Preventive Maintenance	14	add_preventivemaintenance
54	Can change Preventive Maintenance	14	change_preventivemaintenance
55	Can delete Preventive Maintenance	14	delete_preventivemaintenance
56	Can view Preventive Maintenance	14	view_preventivemaintenance
57	Can add Machine	15	add_machine
58	Can change Machine	15	change_machine
59	Can delete Machine	15	delete_machine
60	Can view Machine	15	view_machine
61	Can add Maintenance Procedure	16	add_maintenanceprocedure
62	Can change Maintenance Procedure	16	change_maintenanceprocedure
\.


--
-- Data for Name: debug_toolbar_historyentry; Type: TABLE DATA; Schema: public; Owner: mylubd_user
--

COPY public.debug_toolbar_historyentry (request_id, data, created_at) FROM stdin;
\.


--
-- Data for Name: django_admin_log; Type: TABLE DATA; Schema: public; Owner: mylubd_user
--

COPY public.django_admin_log (id, action_time, object_id, object_repr, action_flag, change_message, content_type_id, user_id) FROM stdin;
103	2025-03-26 08:03:19.908+00	98	Talad Noi King - 505	1	[{"added": {}}]	11	1
1	2025-03-25 14:27:00.584+00	1	Lubd Backok Chainatown	1	[{"added": {}}]	8	1
2	2025-03-25 14:27:19.952+00	1	admin's Profile	2	[{"changed": {"fields": ["Properties"]}}]	10	1
3	2025-03-26 06:19:31.532+00	1	Lubd Bangkok Chainatown	2	[{"changed": {"fields": ["Name"]}}]	8	1
4	2025-03-26 06:19:47.016+00	1	Talad Noi King - 301	1	[{"added": {}}]	11	1
5	2025-03-26 06:20:05.667+00	1	admin's Profile	2	[{"changed": {"fields": ["Positions"]}}]	10	1
6	2025-03-26 06:20:31.147+00	1	Air-Conditions	1	[{"added": {}}]	9	1
7	2025-03-26 07:40:36.363+00	2	Talad Noi King - 302	1	[{"added": {}}]	11	1
8	2025-03-26 07:40:53.534+00	3	Talad Noi King - 303	1	[{"added": {}}]	11	1
9	2025-03-26 07:44:06.624+00	4	Siam Yot Loft - 321	1	[{"added": {}}]	11	1
10	2025-03-26 07:44:18.222+00	5	Siam Yot Loft - 421	1	[{"added": {}}]	11	1
11	2025-03-26 07:44:28.241+00	6	Siam Yot Loft - 521	1	[{"added": {}}]	11	1
12	2025-03-26 07:44:51.091+00	7	Chinatown Suite - 329	1	[{"added": {}}]	11	1
13	2025-03-26 07:45:00.972+00	8	Chinatown Suite - 429	1	[{"added": {}}]	11	1
14	2025-03-26 07:45:12.353+00	9	Chinatown Suite - 529	1	[{"added": {}}]	11	1
15	2025-03-26 07:45:23.991+00	10	Chinatown Suite - 629	1	[{"added": {}}]	11	1
16	2025-03-26 07:45:48.423+00	11	Yaowarat King - 308	1	[{"added": {}}]	11	1
17	2025-03-26 07:46:01.766+00	12	Yaowarat King - 309	1	[{"added": {}}]	11	1
18	2025-03-26 07:46:22.678+00	13	Yaowarat King - 408	1	[{"added": {}}]	11	1
19	2025-03-26 07:46:32.418+00	14	Chinatown Suite - 409	1	[{"added": {}}]	11	1
20	2025-03-26 07:46:48.122+00	15	Yaowarat King - 508	1	[{"added": {}}]	11	1
21	2025-03-26 07:46:57.446+00	16	Yaowarat King - 509	1	[{"added": {}}]	11	1
22	2025-03-26 07:47:10.524+00	17	Yaowarat King - 608	1	[{"added": {}}]	11	1
23	2025-03-26 07:47:21.883+00	18	Yaowarat King - 609	1	[{"added": {}}]	11	1
24	2025-03-26 07:47:51.471+00	19	Sampeng Lane Twin - 322	1	[{"added": {}}]	11	1
426	2025-09-15 07:27:02.785+00	3	Ollie	3		21	1
25	2025-03-26 07:47:59.417+00	20	Sampeng Lane Twin - 328	1	[{"added": {}}]	11	1
26	2025-03-26 07:48:08.675+00	21	Sampeng Lane Twin - 323	1	[{"added": {}}]	11	1
27	2025-03-26 07:48:18.103+00	22	Sampeng Lane Twin - 324	1	[{"added": {}}]	11	1
28	2025-03-26 07:48:27.038+00	23	Sampeng Lane Twin - 325	1	[{"added": {}}]	11	1
29	2025-03-26 07:48:36.784+00	24	Sampeng Lane Twin - 326	1	[{"added": {}}]	11	1
30	2025-03-26 07:48:45.074+00	25	Sampeng Lane Twin - 327	1	[{"added": {}}]	11	1
31	2025-03-26 07:49:00.723+00	26	Sampeng Lane Twin - 330	1	[{"added": {}}]	11	1
32	2025-03-26 07:49:09.997+00	27	Sampeng Lane Twin - 331	1	[{"added": {}}]	11	1
33	2025-03-26 07:49:18.403+00	28	Sampeng Lane Twin - 332	1	[{"added": {}}]	11	1
34	2025-03-26 07:49:26.976+00	29	Sampeng Lane Twin - 333	1	[{"added": {}}]	11	1
35	2025-03-26 07:49:42.892+00	30	Sampeng Lane Twin - 422	1	[{"added": {}}]	11	1
36	2025-03-26 07:49:51.783+00	31	Sampeng Lane Twin - 428	1	[{"added": {}}]	11	1
37	2025-03-26 07:50:01.102+00	32	Sampeng Lane Twin - 423	1	[{"added": {}}]	11	1
38	2025-03-26 07:50:08.412+00	33	Sampeng Lane Twin - 424	1	[{"added": {}}]	11	1
39	2025-03-26 07:50:17.5+00	34	Sampeng Lane Twin - 425	1	[{"added": {}}]	11	1
40	2025-03-26 07:50:26.643+00	35	Sampeng Lane Twin - 426	1	[{"added": {}}]	11	1
41	2025-03-26 07:50:35.412+00	36	Sampeng Lane Twin - 427	1	[{"added": {}}]	11	1
42	2025-03-26 07:51:12.32+00	37	Sampeng Lane Twin - 430	1	[{"added": {}}]	11	1
43	2025-03-26 07:51:21.959+00	38	Sampeng Lane Twin - 431	1	[{"added": {}}]	11	1
44	2025-03-26 07:51:29.823+00	39	Sampeng Lane Twin - 432	1	[{"added": {}}]	11	1
45	2025-03-26 07:51:36.798+00	40	Sampeng Lane Twin - 433	1	[{"added": {}}]	11	1
46	2025-03-26 07:52:15.011+00	41	Sampeng Lane Twin - 522	1	[{"added": {}}]	11	1
47	2025-03-26 07:52:23.135+00	42	Sampeng Lane Twin - 523	1	[{"added": {}}]	11	1
48	2025-03-26 07:52:31.259+00	43	Sampeng Lane Twin - 524	1	[{"added": {}}]	11	1
49	2025-03-26 07:52:40.979+00	44	Sampeng Lane Twin - 525	1	[{"added": {}}]	11	1
50	2025-03-26 07:52:50.182+00	45	Sampeng Lane Twin - 526	1	[{"added": {}}]	11	1
51	2025-03-26 07:52:59.511+00	46	Sampeng Lane Twin - 527	1	[{"added": {}}]	11	1
52	2025-03-26 07:53:10.642+00	47	Sampeng Lane Twin - 528	1	[{"added": {}}]	11	1
53	2025-03-26 07:53:26.506+00	48	Sampeng Lane Twin - 530	1	[{"added": {}}]	11	1
54	2025-03-26 07:53:34.898+00	49	Sampeng Lane Twin - 531	1	[{"added": {}}]	11	1
55	2025-03-26 07:53:42.997+00	50	Sampeng Lane Twin - 532	1	[{"added": {}}]	11	1
56	2025-03-26 07:53:50.266+00	51	Sampeng Lane Twin - 533	1	[{"added": {}}]	11	1
57	2025-03-26 07:54:10.692+00	52	Sampeng Lane Twin - 622	1	[{"added": {}}]	11	1
58	2025-03-26 07:54:18.487+00	53	Sampeng Lane Twin - 623	1	[{"added": {}}]	11	1
59	2025-03-26 07:54:26.411+00	54	Sampeng Lane Twin - 624	1	[{"added": {}}]	11	1
60	2025-03-26 07:54:34.185+00	55	Sampeng Lane Twin - 625	1	[{"added": {}}]	11	1
61	2025-03-26 07:54:42.796+00	56	Sampeng Lane Twin - 626	1	[{"added": {}}]	11	1
62	2025-03-26 07:54:51.314+00	57	Sampeng Lane Twin - 627	1	[{"added": {}}]	11	1
63	2025-03-26 07:55:01.393+00	58	Sampeng Lane Twin - 628	1	[{"added": {}}]	11	1
64	2025-03-26 07:55:20.026+00	59	Sampeng Lane Twin - 630	1	[{"added": {}}]	11	1
65	2025-03-26 07:55:28.776+00	60	Sampeng Lane Twin - 631	1	[{"added": {}}]	11	1
66	2025-03-26 07:55:37.039+00	61	Sampeng Lane Twin - 632	1	[{"added": {}}]	11	1
67	2025-03-26 07:55:46.657+00	62	Sampeng Lane Twin - 633	1	[{"added": {}}]	11	1
68	2025-03-26 07:56:28.151+00	63	Talad Noi King - 304	1	[{"added": {}}]	11	1
69	2025-03-26 07:56:39.192+00	64	Talad Noi King - 305	1	[{"added": {}}]	11	1
70	2025-03-26 07:56:50.319+00	65	Talad Noi King - 306	1	[{"added": {}}]	11	1
71	2025-03-26 07:57:00.587+00	66	Talad Noi King - 307	1	[{"added": {}}]	11	1
72	2025-03-26 07:57:12.542+00	67	Talad Noi King - 310	1	[{"added": {}}]	11	1
73	2025-03-26 07:57:22.864+00	68	Talad Noi King - 311	1	[{"added": {}}]	11	1
74	2025-03-26 07:57:35.387+00	69	Talad Noi King - 312	1	[{"added": {}}]	11	1
75	2025-03-26 07:57:45.42+00	70	Talad Noi King - 314	1	[{"added": {}}]	11	1
76	2025-03-26 07:57:55.169+00	71	Talad Noi King - 315	1	[{"added": {}}]	11	1
77	2025-03-26 07:58:11.011+00	72	Talad Noi King - 316	1	[{"added": {}}]	11	1
78	2025-03-26 07:58:20.602+00	73	Talad Noi King - 317	1	[{"added": {}}]	11	1
79	2025-03-26 07:58:34.933+00	74	Talad Noi King - 318	1	[{"added": {}}]	11	1
80	2025-03-26 07:58:43.345+00	75	Talad Noi King - 319	1	[{"added": {}}]	11	1
81	2025-03-26 07:58:53.124+00	76	Talad Noi King - 320	1	[{"added": {}}]	11	1
82	2025-03-26 07:59:04.117+00	77	Talad Noi King - 401	1	[{"added": {}}]	11	1
83	2025-03-26 07:59:13.316+00	78	Talad Noi King - 402	1	[{"added": {}}]	11	1
84	2025-03-26 07:59:23.009+00	79	Talad Noi King - 403	1	[{"added": {}}]	11	1
85	2025-03-26 07:59:41.441+00	80	Talad Noi King - 404	1	[{"added": {}}]	11	1
86	2025-03-26 07:59:50.041+00	81	Talad Noi King - 405	1	[{"added": {}}]	11	1
87	2025-03-26 07:59:59.922+00	82	Talad Noi King - 406	1	[{"added": {}}]	11	1
88	2025-03-26 08:00:09.795+00	83	Talad Noi King - 407	1	[{"added": {}}]	11	1
89	2025-03-26 08:00:36.001+00	84	Talad Noi King - 410	1	[{"added": {}}]	11	1
90	2025-03-26 08:00:59.724+00	85	Talad Noi King - 411	1	[{"added": {}}]	11	1
91	2025-03-26 08:01:15.951+00	86	Talad Noi King - 412	1	[{"added": {}}]	11	1
92	2025-03-26 08:01:27.626+00	87	Talad Noi King - 414	1	[{"added": {}}]	11	1
93	2025-03-26 08:01:35.856+00	88	Talad Noi King - 415	1	[{"added": {}}]	11	1
94	2025-03-26 08:01:43.396+00	89	Talad Noi King - 416	1	[{"added": {}}]	11	1
95	2025-03-26 08:01:50.65+00	90	Talad Noi King - 417	1	[{"added": {}}]	11	1
96	2025-03-26 08:01:58.112+00	91	Talad Noi King - 418	1	[{"added": {}}]	11	1
97	2025-03-26 08:02:07.841+00	92	Talad Noi King - 419	1	[{"added": {}}]	11	1
98	2025-03-26 08:02:15.989+00	93	Talad Noi King - 420	1	[{"added": {}}]	11	1
99	2025-03-26 08:02:43.692+00	94	Talad Noi King - 501	1	[{"added": {}}]	11	1
100	2025-03-26 08:02:53.015+00	95	Talad Noi King - 502	1	[{"added": {}}]	11	1
101	2025-03-26 08:03:01.416+00	96	Talad Noi King - 503	1	[{"added": {}}]	11	1
102	2025-03-26 08:03:11.816+00	97	Talad Noi King - 504	1	[{"added": {}}]	11	1
104	2025-03-26 08:03:28.904+00	99	Talad Noi King - 506	1	[{"added": {}}]	11	1
105	2025-03-26 08:03:38.6+00	100	Talad Noi King - 507	1	[{"added": {}}]	11	1
106	2025-03-26 08:04:00.774+00	101	Talad Noi King - 510	1	[{"added": {}}]	11	1
107	2025-03-26 08:04:17.341+00	102	Talad Noi King - 512	1	[{"added": {}}]	11	1
108	2025-03-26 08:04:24.411+00	103	Talad Noi King - 511	1	[{"added": {}}]	11	1
109	2025-03-26 08:04:32.48+00	104	Talad Noi King - 514	1	[{"added": {}}]	11	1
110	2025-03-26 08:04:39.38+00	105	Talad Noi King - 515	1	[{"added": {}}]	11	1
111	2025-03-26 08:04:47.846+00	106	Talad Noi King - 516	1	[{"added": {}}]	11	1
112	2025-03-26 08:04:55.133+00	107	Talad Noi King - 517	1	[{"added": {}}]	11	1
113	2025-03-26 08:05:02.631+00	108	Talad Noi King - 518	1	[{"added": {}}]	11	1
114	2025-03-26 08:05:10.484+00	109	Talad Noi King - 519	1	[{"added": {}}]	11	1
115	2025-03-26 08:05:18.263+00	110	Talad Noi King - 520	1	[{"added": {}}]	11	1
116	2025-03-26 08:05:33.507+00	111	Talad Noi King - 601	1	[{"added": {}}]	11	1
117	2025-03-26 08:05:41.893+00	112	Talad Noi King - 602	1	[{"added": {}}]	11	1
118	2025-03-26 08:05:49.481+00	113	Talad Noi King - 603	1	[{"added": {}}]	11	1
119	2025-03-26 08:05:57.31+00	114	Talad Noi King - 604	1	[{"added": {}}]	11	1
120	2025-03-26 08:06:04.899+00	115	Talad Noi King - 605	1	[{"added": {}}]	11	1
121	2025-03-26 08:06:12.37+00	116	Talad Noi King - 606	1	[{"added": {}}]	11	1
122	2025-03-26 08:06:24.722+00	117	Talad Noi King - 607	1	[{"added": {}}]	11	1
123	2025-03-26 08:06:59.697+00	118	Talad Noi King - 610	1	[{"added": {}}]	11	1
124	2025-03-26 08:07:13.56+00	119	Talad Noi King - 611	1	[{"added": {}}]	11	1
125	2025-03-26 08:07:22.988+00	120	Talad Noi King - 612	1	[{"added": {}}]	11	1
126	2025-03-26 08:07:35.245+00	121	Talad Noi King - 614	1	[{"added": {}}]	11	1
127	2025-03-26 08:07:44.52+00	122	Talad Noi King - 615	1	[{"added": {}}]	11	1
128	2025-03-26 08:07:57.586+00	123	Talad Noi King - 616	1	[{"added": {}}]	11	1
129	2025-03-26 08:08:19.584+00	124	Talad Noi King - 617	1	[{"added": {}}]	11	1
130	2025-03-26 08:08:30.272+00	125	Talad Noi King - 618	1	[{"added": {}}]	11	1
131	2025-03-26 08:08:38.751+00	126	Talad Noi King - 619	1	[{"added": {}}]	11	1
132	2025-03-26 08:08:50.675+00	127	Talad Noi King - 620	1	[{"added": {}}]	11	1
133	2025-03-26 08:09:03.26+00	128	Tribe Hideout - 210	1	[{"added": {}}]	11	1
134	2025-03-26 08:09:10.632+00	129	Tribe Hideout - 220	1	[{"added": {}}]	11	1
135	2025-03-26 08:09:20.62+00	130	Tribe Hideout - 230	1	[{"added": {}}]	11	1
136	2025-03-26 08:09:52.637+00	131	Talad Noi King - 240	1	[{"added": {}}]	11	1
137	2025-03-26 08:10:05.501+00	132	Tribe Hideout - 250	1	[{"added": {}}]	11	1
138	2025-03-26 08:10:15.463+00	133	Tribe Hideout - 260	1	[{"added": {}}]	11	1
139	2025-03-26 08:35:28.597+00	2	jinkjok's Profile	2	[{"changed": {"fields": ["Positions", "Properties"]}}]	10	1
140	2025-03-26 08:35:58.874+00	1	Lubd Bangkok Chainatown	2	[{"changed": {"fields": ["Users"]}}]	8	1
141	2025-03-26 09:02:51.294+00	2	Barth Room	1	[{"added": {}}]	9	1
142	2025-03-27 02:04:38.52+00	3	Wall and Repaint	1	[{"added": {}}]	9	1
143	2025-03-27 02:04:52.561+00	4	Door	1	[{"added": {}}]	9	1
144	2025-03-27 02:05:55.398+00	5	Ligthting	1	[{"added": {}}]	9	1
145	2025-03-27 02:06:34.939+00	6	Internet and TV	1	[{"added": {}}]	9	1
146	2025-03-27 02:06:54.558+00	7	Water and Hot water	1	[{"added": {}}]	9	1
147	2025-03-27 04:02:46.673+00	2	Lub d Bangkok Siam	1	[{"added": {}}]	8	1
148	2025-03-27 04:03:30.31+00	3	Ollie's Profile	2	[{"changed": {"fields": ["Positions", "Properties"]}}]	10	1
149	2025-03-27 04:03:44.631+00	2	jinkjok	2	[{"changed": {"fields": ["Staff status"]}}]	4	1
150	2025-03-27 04:03:53.85+00	3	Ollie	2	[{"changed": {"fields": ["Staff status"]}}]	4	1
151	2025-03-27 04:05:10.484+00	134	Tribe Hideout - 1301	1	[{"added": {}}]	11	1
152	2025-03-27 04:05:24.43+00	135	Tribe Hideout - 1302	1	[{"added": {}}]	11	1
153	2025-03-27 04:05:45.253+00	136	Tribe Hideout - 1304	1	[{"added": {}}]	11	1
154	2025-03-27 04:06:24.486+00	137	Tribe Hideout - 1303	1	[{"added": {}}]	11	1
155	2025-03-27 04:06:39.735+00	138	Tribe Hideout - 1305	1	[{"added": {}}]	11	1
156	2025-03-27 04:07:09.207+00	139	Tribe Hideout - 1306	1	[{"added": {}}]	11	1
157	2025-03-27 04:07:23.552+00	140	Tribe Hideout - 1307	1	[{"added": {}}]	11	1
158	2025-03-27 04:07:34.289+00	141	Tribe Hideout - 1308	1	[{"added": {}}]	11	1
159	2025-03-27 04:07:44.797+00	142	Tribe Hideout - 1309	1	[{"added": {}}]	11	1
160	2025-03-27 04:08:03.368+00	143	Tribe Hideout - 1310	1	[{"added": {}}]	11	1
161	2025-03-27 04:08:13.778+00	144	Tribe Hideout - 1311	1	[{"added": {}}]	11	1
162	2025-03-27 04:08:26.503+00	145	Tribe Hideout - 1312	1	[{"added": {}}]	11	1
163	2025-03-27 04:08:40.15+00	146	Tribe Hideout - 1313	1	[{"added": {}}]	11	1
164	2025-03-27 04:08:50.69+00	147	Tribe Hideout - 1314	1	[{"added": {}}]	11	1
165	2025-03-27 04:09:25.941+00	148	Siam Square Double - 1401	1	[{"added": {}}]	11	1
166	2025-03-27 04:09:37.745+00	149	Siam Square Double - 1404	1	[{"added": {}}]	11	1
167	2025-03-27 04:09:56.273+00	150	Siam Square Double - 1405	1	[{"added": {}}]	11	1
168	2025-03-27 04:10:18.299+00	151	Siam Square Double - 1406	1	[{"added": {}}]	11	1
169	2025-03-27 04:10:35.601+00	152	Siam Square Double - 1411	1	[{"added": {}}]	11	1
170	2025-03-27 04:11:08.684+00	153	Siam Square Twin - 1402	1	[{"added": {}}]	11	1
171	2025-03-27 04:11:29.173+00	154	Siam Square Twin - 1403	1	[{"added": {}}]	11	1
172	2025-03-27 04:11:51.357+00	155	Siam Square Twin - 1407	1	[{"added": {}}]	11	1
173	2025-03-27 04:12:01.821+00	156	Siam Square Twin - 1408	1	[{"added": {}}]	11	1
174	2025-03-27 04:12:13.951+00	157	Siam Square Twin - 1409	1	[{"added": {}}]	11	1
175	2025-03-27 04:12:31.736+00	158	Siam Square Twin - 1410	1	[{"added": {}}]	11	1
176	2025-03-27 04:12:54.839+00	159	Pratunam Deluxe - 1201	1	[{"added": {}}]	11	1
177	2025-03-27 04:13:03.809+00	160	Pratunam Deluxe - 1202	1	[{"added": {}}]	11	1
178	2025-03-27 04:13:13.456+00	161	Pratunam Deluxe - 1203	1	[{"added": {}}]	11	1
179	2025-03-27 04:13:23.237+00	162	Pratunam Deluxe - 1204	1	[{"added": {}}]	11	1
180	2025-03-27 04:13:33.424+00	163	Pratunam Deluxe - 1205	1	[{"added": {}}]	11	1
181	2025-03-27 04:14:03.957+00	164	Pratunam Deluxe - 1206	1	[{"added": {}}]	11	1
182	2025-03-27 04:14:17.432+00	165	Pratunam Deluxe - 1207	1	[{"added": {}}]	11	1
183	2025-03-27 04:14:47.221+00	166	Pratunam Deluxe - 1208	1	[{"added": {}}]	11	1
184	2025-03-27 04:14:58.177+00	167	Pratunam Deluxe - 1209	1	[{"added": {}}]	11	1
185	2025-03-27 04:15:07.717+00	168	Pratunam Deluxe - 1210	1	[{"added": {}}]	11	1
186	2025-03-27 04:15:18.599+00	169	Pratunam Deluxe - 1211	1	[{"added": {}}]	11	1
187	2025-03-27 04:15:35.067+00	170	Pratunam Deluxe - 1212	1	[{"added": {}}]	11	1
188	2025-03-27 04:16:39.972+00	171	Marasca SD - 1412	1	[{"added": {}}]	11	1
189	2025-03-27 06:10:22.759+00	4	Suriya's Profile	2	[{"changed": {"fields": ["Positions", "Properties"]}}]	10	1
190	2025-03-27 06:10:35.29+00	1	Lubd Bangkok Chainatown	2	[{"changed": {"fields": ["Users"]}}]	8	1
191	2025-03-27 09:50:34.564+00	5	admin_Siam's Profile	2	[{"changed": {"fields": ["Positions", "Properties"]}}]	10	1
192	2025-03-27 09:50:52.234+00	2	Lub d Bangkok Siam	2	[{"changed": {"fields": ["Users"]}}]	8	1
193	2025-04-03 05:17:03.802+00	2	Lub d Bangkok Siam	2	[{"changed": {"fields": ["Users"]}}]	8	1
194	2025-04-03 05:17:30.411+00	5	admin_Siam's Profile	2	[]	10	1
195	2025-04-04 02:45:18.061+00	172	Lobby Area - 1000	1	[{"added": {}}]	11	1
196	2025-04-04 02:46:22.308+00	173	Bath Room  Floor  1 st - 1100	1	[{"added": {}}]	11	1
197	2025-04-04 02:46:45.145+00	174	Bath Room  Floor  3st - 1200	1	[{"added": {}}]	11	1
198	2025-04-04 02:47:49.268+00	175	Kitchen Room - 1400	1	[{"added": {}}]	11	1
199	2025-04-04 10:20:20.966+00	6	Teerasuk's Profile	2	[{"changed": {"fields": ["Positions"]}}]	10	1
200	2025-04-04 10:26:48.205+00	2	Lub d Bangkok Siam	2	[{"changed": {"fields": ["Users"]}}]	8	1
201	2025-04-04 10:36:06.839+00	2	Lub d Bangkok Siam	2	[]	8	1
202	2025-04-04 11:34:34.524+00	2	Lub d Bangkok Siam	2	[{"changed": {"fields": ["Users"]}}]	8	1
203	2025-04-04 11:34:45.931+00	6	Teerasuk's Profile	2	[{"changed": {"fields": ["Properties"]}}]	10	1
204	2025-04-04 12:00:18.903+00	7	Patthana's Profile	2	[{"changed": {"fields": ["Positions", "Properties"]}}]	10	1
205	2025-04-04 12:00:31.339+00	1	Lubd Bangkok Chainatown	2	[{"changed": {"fields": ["Users"]}}]	8	1
206	2025-05-04 15:26:57.527+00	9	Job j254D8FA7 - Completed	2	[{"changed": {"fields": ["Is preventivemaintenance"]}}]	7	1
207	2025-05-04 15:27:05.445+00	7	Job j25E6D428 - Completed	2	[{"changed": {"fields": ["Is preventivemaintenance"]}}]	7	1
208	2025-05-06 02:32:22.554+00	1	PM pm2591E049 - j254D8FA7	1	[{"added": {}}]	14	1
209	2025-05-12 02:12:48.124+00	8	Water Leasks	1	[{"added": {}}]	9	1
210	2025-05-12 03:37:10.015+00	7	Water and Hot water	2	[{"changed": {"fields": ["Description"]}}]	9	1
211	2025-05-13 07:57:29.999+00	9	PM pm2530BA1B - test	3		14	1
212	2025-05-13 07:57:30.005+00	8	PM pm25B91EF7 - test	3		14	1
213	2025-05-13 07:57:30.008+00	7	PM pm25B66D3B - test	3		14	1
214	2025-05-13 07:57:30.011+00	6	PM pm25C4671E - test	3		14	1
215	2025-05-13 07:57:30.014+00	5	PM pm25C23181 - test	3		14	1
216	2025-05-13 07:57:30.017+00	4	PM pm25192465 - test	3		14	1
217	2025-05-13 07:57:30.02+00	3	PM pm25A64B1B - test	3		14	1
218	2025-05-13 07:57:30.022+00	2	PM pm2531F185 - test	3		14	1
219	2025-05-13 07:57:30.024+00	1	PM pm2591E049 - No title	3		14	1
220	2025-09-01 07:06:51.22+00	8	google-oauth2_110208545241072621955	2	[{"changed": {"fields": ["Staff status"]}}]	4	1
221	2025-09-01 07:07:00.354+00	1	Lubd Bangkok Chainatown	2	[{"changed": {"fields": ["Users"]}}]	8	1
222	2025-09-01 07:07:10.729+00	2	Lub d Bangkok Siam	2	[]	8	1
223	2025-09-01 07:52:31.068+00	1	Lubd Bangkok Chainatown	2	[{"changed": {"fields": ["Users"]}}]	8	1
224	2025-09-01 07:56:18.598+00	1	Lubd Bangkok Chainatown	2	[{"changed": {"fields": ["Users"]}}]	8	1
225	2025-09-01 08:07:02.228+00	18	Job j25FDF23F - Pending	3		7	1
226	2025-09-01 08:07:02.236+00	17	Job j258606CF - Completed	3		7	1
227	2025-09-01 08:07:02.24+00	16	Job j2507C2AA - Pending	3		7	1
228	2025-09-01 08:07:02.243+00	15	Job j251D7BFE - Completed	3		7	1
229	2025-09-01 08:07:02.247+00	14	Job j25F044B3 - Completed	3		7	1
230	2025-09-01 08:07:02.251+00	13	Job j25B85419 - Completed	3		7	1
231	2025-09-01 08:07:02.256+00	12	Job j250D7229 - Completed	3		7	1
232	2025-09-01 08:07:02.259+00	11	Job j254155B0 - Completed	3		7	1
233	2025-09-01 08:07:02.263+00	10	Job j25DE1D90 - Completed	3		7	1
234	2025-09-01 08:07:02.266+00	9	Job j254D8FA7 - Completed	3		7	1
235	2025-09-01 08:07:02.27+00	8	Job j257A5FA3 - Completed	3		7	1
236	2025-09-01 08:07:02.274+00	7	Job j25E6D428 - Completed	3		7	1
237	2025-09-01 08:07:02.277+00	5	Job j253DD4DC - Completed	3		7	1
238	2025-09-01 08:07:02.28+00	4	Job j2550E9B7 - Completed	3		7	1
239	2025-09-01 08:07:02.284+00	3	Job j25A442A7 - Completed	3		7	1
240	2025-09-01 08:07:02.288+00	2	Job j257A34DC - Completed	3		7	1
241	2025-09-01 08:07:02.291+00	1	Job j25A3C474 - Completed	3		7	1
242	2025-09-01 09:11:19.911+00	19	Job j252BFF3C - Completed	3		7	1
243	2025-09-01 09:12:28.827+00	11	google-oauth2_108191488042158054811	2	[{"changed": {"fields": ["Staff status"]}}]	4	1
244	2025-09-01 09:12:45.543+00	9	google-oauth2_108556798872465024318	2	[{"changed": {"fields": ["Staff status"]}}]	4	1
245	2025-09-01 09:12:59.326+00	10	google-oauth2_106049868205350075477	2	[{"changed": {"fields": ["Staff status"]}}]	4	1
246	2025-09-01 09:17:25.537+00	1	Lift No1 (M2544AF9284)	1	[{"added": {}}]	15	1
247	2025-09-01 09:17:53.407+00	2	Lift No2 (M2532F43D01)	1	[{"added": {}}]	15	1
248	2025-09-01 09:18:50.49+00	1	Air-Conditions()	2	[{"changed": {"fields": ["Subject"]}}]	9	1
249	2025-09-01 09:19:20.939+00	2	Barth Room()	2	[{"changed": {"fields": ["Subject"]}}]	9	1
250	2025-09-01 09:19:46.257+00	4	Door( )	2	[{"changed": {"fields": ["Subject"]}}]	9	1
251	2025-09-01 09:20:35.131+00	6	Internet and TV(,)	2	[{"changed": {"fields": ["Subject"]}}]	9	1
252	2025-09-01 09:20:59.284+00	5	Ligthting()	2	[{"changed": {"fields": ["Subject"]}}]	9	1
253	2025-09-01 09:21:49.987+00	3	Wall and Repaint (,,)	2	[{"changed": {"fields": ["Subject"]}}]	9	1
254	2025-09-01 09:22:18.198+00	8	Water Leasks ()	2	[{"changed": {"fields": ["Subject"]}}]	9	1
255	2025-09-01 09:22:51.954+00	7	Water and Hot water (,)	2	[{"changed": {"fields": ["Subject"]}}]	9	1
256	2025-09-01 09:23:59.98+00	2	Barth Room(,,)	2	[{"changed": {"fields": ["Subject"]}}]	9	1
257	2025-09-01 09:24:53.474+00	9	Ligthting	3		9	1
258	2025-09-02 02:54:23.538+00	111	Job j251D0695 - Completed	2	[{"changed": {"fields": ["Created at", "Updated at", "Completed at"]}}]	7	1
259	2025-09-02 02:55:29.656+00	109	Job j259D69D0 - Completed	2	[{"changed": {"fields": ["Completed at"]}}]	7	1
260	2025-09-02 02:56:23.721+00	112	Job j25A5ACEF - Completed	2	[{"changed": {"fields": ["Created at", "Updated at", "Completed at"]}}]	7	1
261	2025-09-02 02:57:03.481+00	114	Job j25CE5ADF - Completed	2	[{"changed": {"fields": ["Created at", "Updated at", "Completed at"]}}]	7	1
262	2025-09-02 02:57:34.11+00	108	Job j25522DBF - Completed	2	[{"changed": {"fields": ["Created at", "Updated at", "Completed at"]}}]	7	1
263	2025-09-02 02:58:05.876+00	106	Job j2519E095 - Completed	2	[{"changed": {"fields": ["Created at", "Updated at", "Completed at"]}}]	7	1
264	2025-09-02 02:59:01.071+00	104	Job j25F9EA18 - Completed	2	[{"changed": {"fields": ["Created at", "Updated at", "Completed at"]}}]	7	1
265	2025-09-02 02:59:40.311+00	103	Job j25EA98EC - Completed	2	[{"changed": {"fields": ["Created at", "Updated at", "Completed at"]}}]	7	1
266	2025-09-02 03:00:33.667+00	102	Job j25D7E005 - Completed	2	[{"changed": {"fields": ["Created at", "Updated at", "Completed at"]}}]	7	1
267	2025-09-02 03:01:03.926+00	100	Job j25D58BB0 - Completed	2	[{"changed": {"fields": ["Created at", "Updated at", "Completed at"]}}]	7	1
268	2025-09-02 03:02:21.116+00	99	Job j256BFA7E - Completed	2	[{"changed": {"fields": ["Created at", "Updated at", "Completed at"]}}]	7	1
269	2025-09-02 03:02:49.901+00	98	Job j25B03F89 - Completed	2	[{"changed": {"fields": ["Created at", "Updated at", "Completed at"]}}]	7	1
270	2025-09-02 03:03:19.466+00	97	Job j2509980D - Completed	2	[{"changed": {"fields": ["Created at", "Updated at", "Completed at"]}}]	7	1
271	2025-09-02 03:04:32.303+00	96	Job j25601007 - Completed	2	[{"changed": {"fields": ["Created at", "Updated at", "Completed at"]}}]	7	1
272	2025-09-02 03:05:12.716+00	95	Job j2529F6BF - Completed	2	[{"changed": {"fields": ["Created at", "Updated at", "Completed at"]}}]	7	1
273	2025-09-02 03:05:39.68+00	94	Job j2573C3CD - Completed	2	[{"changed": {"fields": ["Created at", "Updated at", "Completed at"]}}]	7	1
274	2025-09-02 03:06:29.973+00	93	Job j25912339 - Completed	2	[{"changed": {"fields": ["Created at", "Updated at", "Completed at"]}}]	7	1
275	2025-09-02 03:07:12.754+00	92	Job j257A7DCB - Completed	2	[{"changed": {"fields": ["Created at", "Updated at", "Completed at"]}}]	7	1
276	2025-09-02 03:08:07.112+00	91	Job j256C7774 - Completed	2	[{"changed": {"fields": ["Created at", "Updated at", "Completed at"]}}]	7	1
277	2025-09-02 03:08:31.151+00	89	Job j25FF1A88 - Completed	2	[{"changed": {"fields": ["Created at", "Updated at", "Completed at"]}}]	7	1
278	2025-09-02 03:08:59.242+00	88	Job j25302C11 - Completed	2	[{"changed": {"fields": ["Created at", "Updated at", "Completed at"]}}]	7	1
279	2025-09-02 03:09:45.943+00	88	Job j25302C11 - Completed	2	[{"changed": {"fields": ["Created at", "Updated at", "Completed at"]}}]	7	1
280	2025-09-02 03:10:13.734+00	86	Job j25571ACA - Completed	2	[{"changed": {"fields": ["Created at", "Updated at", "Completed at"]}}]	7	1
281	2025-09-02 03:10:42.389+00	85	Job j254E879F - Completed	2	[{"changed": {"fields": ["Created at", "Updated at", "Completed at"]}}]	7	1
282	2025-09-02 03:11:26.397+00	84	Job j253D5B0B - Completed	2	[{"changed": {"fields": ["Created at", "Updated at", "Completed at"]}}]	7	1
283	2025-09-02 03:11:52.233+00	83	Job j25B95E68 - Completed	2	[{"changed": {"fields": ["Created at", "Updated at", "Completed at"]}}]	7	1
284	2025-09-02 03:12:50.016+00	82	Job j258554DC - Completed	2	[{"changed": {"fields": ["Created at", "Updated at", "Completed at"]}}]	7	1
285	2025-09-02 03:13:14.541+00	81	Job j252E14BE - Completed	2	[{"changed": {"fields": ["Created at", "Updated at", "Completed at"]}}]	7	1
286	2025-09-02 03:14:01.609+00	80	Job j25C0F834 - Completed	2	[{"changed": {"fields": ["Created at", "Updated at", "Completed at"]}}]	7	1
287	2025-09-02 03:14:47.548+00	78	Job j25A95E2F - Completed	2	[{"changed": {"fields": ["Created at", "Updated at", "Completed at"]}}]	7	1
288	2025-09-02 03:15:28.667+00	77	Job j25FB4AA1 - Completed	2	[{"changed": {"fields": ["Created at", "Updated at", "Completed at"]}}]	7	1
289	2025-09-02 03:15:54.007+00	76	Job j25090360 - Completed	2	[{"changed": {"fields": ["Created at", "Updated at", "Completed at"]}}]	7	1
290	2025-09-02 03:16:36.768+00	75	Job j255AA6CE - Completed	2	[{"changed": {"fields": ["Created at", "Updated at", "Completed at"]}}]	7	1
291	2025-09-02 03:17:10.231+00	74	Job j259B80FB - Completed	2	[{"changed": {"fields": ["Created at", "Updated at", "Completed at"]}}]	7	1
292	2025-09-02 03:17:38.585+00	73	Job j25A64F23 - Completed	2	[{"changed": {"fields": ["Created at", "Updated at", "Completed at"]}}]	7	1
293	2025-09-02 03:18:07.371+00	72	Job j255144EB - Completed	2	[{"changed": {"fields": ["Created at", "Updated at", "Completed at"]}}]	7	1
294	2025-09-02 03:18:35.847+00	71	Job j2576CF5C - Completed	2	[{"changed": {"fields": ["Created at", "Updated at", "Completed at"]}}]	7	1
295	2025-09-02 03:19:07.086+00	58	Job j25BDB6EF - Completed	2	[{"changed": {"fields": ["Created at", "Updated at", "Completed at"]}}]	7	1
296	2025-09-02 03:19:35.97+00	57	Job j25077BD4 - Completed	2	[{"changed": {"fields": ["Created at", "Updated at", "Completed at"]}}]	7	1
297	2025-09-02 03:24:10.431+00	56	Job j25207A22 - Completed	2	[{"changed": {"fields": ["Created at", "Updated at", "Completed at"]}}]	7	1
298	2025-09-02 03:24:42.834+00	54	Job j2546DB23 - Completed	2	[{"changed": {"fields": ["Created at", "Updated at", "Completed at"]}}]	7	1
299	2025-09-02 03:25:21.147+00	53	Job j25ABAB45 - Completed	2	[{"changed": {"fields": ["Created at", "Updated at", "Completed at"]}}]	7	1
300	2025-09-02 03:25:51.792+00	52	Job j25B559A0 - Completed	2	[{"changed": {"fields": ["Created at", "Updated at", "Completed at"]}}]	7	1
301	2025-09-02 03:26:34.741+00	51	Job j25A9D7EC - Completed	2	[{"changed": {"fields": ["Created at", "Updated at", "Completed at"]}}]	7	1
302	2025-09-02 03:27:08.996+00	50	Job j252EE219 - Completed	2	[{"changed": {"fields": ["Created at", "Updated at", "Completed at"]}}]	7	1
303	2025-09-02 03:27:43.473+00	49	Job j250790F6 - Completed	2	[{"changed": {"fields": ["Created at", "Updated at", "Completed at"]}}]	7	1
304	2025-09-02 03:28:11.233+00	48	Job j25BC4A43 - Completed	2	[{"changed": {"fields": ["Created at", "Updated at", "Completed at"]}}]	7	1
305	2025-09-02 03:28:32.997+00	47	Job j25525166 - Completed	2	[{"changed": {"fields": ["Created at", "Updated at", "Completed at"]}}]	7	1
306	2025-09-02 03:29:00.51+00	46	Job j251F6B96 - Completed	2	[{"changed": {"fields": ["Created at", "Updated at", "Completed at"]}}]	7	1
307	2025-09-02 03:29:42.649+00	44	Job j2527DBFA - Completed	2	[{"changed": {"fields": ["Created at", "Updated at", "Completed at"]}}]	7	1
308	2025-09-02 03:30:15.653+00	43	Job j25A256C1 - Completed	2	[{"changed": {"fields": ["Created at", "Updated at", "Completed at"]}}]	7	1
309	2025-09-02 03:30:40.917+00	42	Job j25B35454 - Completed	2	[{"changed": {"fields": ["Created at", "Updated at", "Completed at"]}}]	7	1
310	2025-09-02 03:31:07.367+00	40	Job j25B80385 - Completed	2	[{"changed": {"fields": ["Created at", "Updated at", "Completed at"]}}]	7	1
311	2025-09-02 03:31:40.342+00	39	Job j25E09123 - Completed	2	[{"changed": {"fields": ["Created at", "Updated at", "Completed at"]}}]	7	1
312	2025-09-02 03:32:06.073+00	38	Job j25B01F52 - Completed	2	[{"changed": {"fields": ["Created at", "Updated at", "Completed at"]}}]	7	1
313	2025-09-02 03:33:02.035+00	37	Job j258DFDCC - Completed	2	[{"changed": {"fields": ["Created at", "Updated at", "Completed at"]}}]	7	1
314	2025-09-02 03:33:36.534+00	36	Job j25A4D1DF - Completed	2	[{"changed": {"fields": ["Created at", "Updated at", "Completed at"]}}]	7	1
315	2025-09-02 03:34:06.307+00	34	Job j25C891F1 - Completed	2	[{"changed": {"fields": ["Created at", "Updated at", "Completed at"]}}]	7	1
316	2025-09-02 03:34:39.222+00	32	Job j2517535C - Completed	2	[{"changed": {"fields": ["Created at", "Updated at", "Completed at"]}}]	7	1
317	2025-09-02 03:35:28.996+00	30	Job j25B5AF56 - Completed	2	[{"changed": {"fields": ["Created at", "Updated at", "Completed at"]}}]	7	1
318	2025-09-02 04:23:52.938+00	11	google-oauth2_108191488042158054811	2	[{"changed": {"fields": ["First name", "Last name"]}}]	4	1
319	2025-09-02 04:29:02.308+00	176	Washing machine no. 1 - 1001	1	[{"added": {}}]	11	1
320	2025-09-02 04:29:41.343+00	177	Washing machine no. 2 - 1002	1	[{"added": {}}]	11	1
321	2025-09-02 04:31:16.914+00	178	Dryer Machine No .1 - 1003	1	[{"added": {}}]	11	1
322	2025-09-02 04:31:33.927+00	179	Dryer Machine No .2 - 1004	1	[{"added": {}}]	11	1
323	2025-09-02 04:33:19.111+00	9	google-oauth2_108556798872465024318	2	[{"changed": {"fields": ["First name", "Last name"]}}]	4	1
324	2025-09-02 04:35:17.904+00	10	google-oauth2_106049868205350075477	2	[{"changed": {"fields": ["First name", "Last name"]}}]	4	1
325	2025-09-02 04:36:10.29+00	10	google-oauth2_106049868205350075477	2	[{"changed": {"fields": ["First name"]}}]	4	1
326	2025-09-02 04:39:21.66+00	139	Job j25CCFB37 - Completed	2	[{"changed": {"fields": ["Created at", "Updated at", "Completed at"]}}]	7	1
327	2025-09-02 04:40:17.009+00	59	Job j252990AD - Completed	2	[{"changed": {"fields": ["Created at", "Updated at", "Completed at"]}}]	7	1
328	2025-09-02 04:40:52.375+00	60	Job j25015F79 - Completed	2	[{"changed": {"fields": ["Created at", "Updated at", "Completed at"]}}]	7	1
329	2025-09-02 04:41:17.304+00	61	Job j25022400 - Completed	2	[{"changed": {"fields": ["Created at", "Updated at", "Completed at"]}}]	7	1
330	2025-09-02 04:41:56.487+00	62	Job j25D51F99 - Completed	2	[{"changed": {"fields": ["Created at", "Updated at", "Completed at"]}}]	7	1
331	2025-09-02 04:42:25.472+00	63	Job j25A2C3FA - Completed	2	[{"changed": {"fields": ["Created at", "Updated at", "Completed at"]}}]	7	1
332	2025-09-02 04:42:49.966+00	64	Job j25B0381C - Completed	2	[{"changed": {"fields": ["Created at", "Updated at", "Completed at"]}}]	7	1
333	2025-09-02 04:43:25.009+00	65	Job j259C1E9B - Completed	2	[{"changed": {"fields": ["Created at", "Updated at", "Completed at"]}}]	7	1
334	2025-09-02 04:43:55.004+00	66	Job j25AE9270 - Completed	2	[{"changed": {"fields": ["Created at", "Updated at", "Completed at"]}}]	7	1
335	2025-09-02 04:44:23.988+00	67	Job j2556C061 - Completed	2	[{"changed": {"fields": ["Created at", "Updated at", "Completed at"]}}]	7	1
336	2025-09-02 04:44:50.457+00	68	Job j257F92F9 - Completed	2	[{"changed": {"fields": ["Created at", "Updated at", "Completed at"]}}]	7	1
337	2025-09-02 04:45:36.469+00	69	Job j2588875B - Completed	2	[{"changed": {"fields": ["Created at", "Updated at", "Completed at"]}}]	7	1
338	2025-09-02 04:46:02.901+00	70	Job j25C1AFCA - Completed	2	[{"changed": {"fields": ["Created at", "Updated at", "Completed at"]}}]	7	1
339	2025-09-02 04:46:28.347+00	105	Job j251615F7 - Completed	2	[{"changed": {"fields": ["Created at", "Updated at", "Completed at"]}}]	7	1
340	2025-09-02 04:46:54.587+00	101	Job j257E26E6 - In Progress	2	[{"changed": {"fields": ["Created at", "Updated at"]}}]	7	1
341	2025-09-02 04:47:39.82+00	107	Job j2593ECD2 - Completed	2	[{"changed": {"fields": ["Completed at"]}}]	7	1
342	2025-09-02 04:48:17.164+00	110	Job j251194A5 - Completed	2	[{"changed": {"fields": ["Created at", "Updated at", "Completed at"]}}]	7	1
343	2025-09-02 04:48:57.39+00	107	Job j2593ECD2 - Completed	2	[{"changed": {"fields": ["Created at", "Updated at", "Completed at"]}}]	7	1
344	2025-09-02 04:49:27.805+00	113	Job j25E1BDFF - Completed	2	[{"changed": {"fields": ["Created at", "Updated at", "Completed at"]}}]	7	1
345	2025-09-02 04:49:57.463+00	138	Job j25B73F5C - Completed	2	[{"changed": {"fields": ["Created at", "Updated at", "Completed at"]}}]	7	1
346	2025-09-02 04:53:02.005+00	20	Job j25F56B1F - Completed	2	[{"changed": {"fields": ["Created at", "Updated at", "Completed at"]}}]	7	1
347	2025-09-02 04:53:22.295+00	21	Job j2588AEEC - Completed	2	[{"changed": {"fields": ["Created at", "Updated at", "Completed at"]}}]	7	1
348	2025-09-02 04:53:46.08+00	22	Job j257E8DD5 - Completed	2	[{"changed": {"fields": ["Created at", "Updated at", "Completed at"]}}]	7	1
349	2025-09-02 04:54:08.149+00	23	Job j2593BD8A - Completed	2	[{"changed": {"fields": ["Created at", "Updated at", "Completed at"]}}]	7	1
350	2025-09-02 04:54:33.727+00	24	Job j25499A64 - Completed	2	[{"changed": {"fields": ["Created at", "Updated at", "Completed at"]}}]	7	1
351	2025-09-02 04:55:07.527+00	25	Job j2585613C - Completed	2	[{"changed": {"fields": ["Created at", "Updated at", "Completed at"]}}]	7	1
352	2025-09-02 04:55:34.064+00	26	Job j25F36A6C - Completed	2	[{"changed": {"fields": ["Created at", "Updated at", "Completed at"]}}]	7	1
353	2025-09-02 04:56:00.609+00	27	Job j2528F021 - Completed	2	[{"changed": {"fields": ["Created at", "Updated at", "Completed at"]}}]	7	1
354	2025-09-02 04:56:36.682+00	28	Job j2589644E - Completed	2	[{"changed": {"fields": ["Created at", "Updated at", "Completed at"]}}]	7	1
355	2025-09-02 04:57:08.628+00	29	Job j25FAD236 - Completed	2	[{"changed": {"fields": ["Created at", "Updated at", "Completed at"]}}]	7	1
356	2025-09-02 04:57:31.355+00	31	Job j25ADF862 - Completed	2	[{"changed": {"fields": ["Created at", "Updated at", "Completed at"]}}]	7	1
357	2025-09-02 04:57:56.728+00	33	Job j257D86FD - Completed	2	[{"changed": {"fields": ["Created at", "Updated at", "Completed at"]}}]	7	1
358	2025-09-02 04:58:26.718+00	137	Job j252F4BAD - Completed	2	[{"changed": {"fields": ["Created at", "Updated at", "Completed at"]}}]	7	1
359	2025-09-02 04:58:45.609+00	136	Job j255276B5 - Completed	2	[{"changed": {"fields": ["Created at", "Updated at", "Completed at"]}}]	7	1
360	2025-09-02 04:59:02.627+00	135	Job j252B6804 - Completed	2	[{"changed": {"fields": ["Created at", "Updated at", "Completed at"]}}]	7	1
361	2025-09-02 04:59:21.884+00	134	Job j25BE3E81 - Completed	2	[{"changed": {"fields": ["Created at", "Updated at", "Completed at"]}}]	7	1
362	2025-09-02 04:59:40.115+00	133	Job j2507A142 - Completed	2	[{"changed": {"fields": ["Created at", "Updated at", "Completed at"]}}]	7	1
363	2025-09-02 05:00:02.206+00	132	Job j254A5DC0 - Completed	2	[{"changed": {"fields": ["Created at", "Updated at", "Completed at"]}}]	7	1
364	2025-09-02 05:00:29.392+00	131	Job j259545CB - Completed	2	[{"changed": {"fields": ["Created at", "Updated at", "Completed at"]}}]	7	1
365	2025-09-02 05:00:51.017+00	130	Job j25E9A4FE - Completed	2	[{"changed": {"fields": ["Created at", "Updated at", "Completed at"]}}]	7	1
366	2025-09-02 05:01:22.131+00	129	Job j25099CBF - Completed	2	[{"changed": {"fields": ["Created at", "Updated at", "Completed at"]}}]	7	1
367	2025-09-02 05:01:46.477+00	128	Job j251BB9FA - Completed	2	[{"changed": {"fields": ["Created at", "Updated at", "Completed at"]}}]	7	1
368	2025-09-02 05:02:09.562+00	127	Job j25FDFAAA - Completed	2	[{"changed": {"fields": ["Created at", "Updated at", "Completed at"]}}]	7	1
369	2025-09-02 05:02:30.222+00	126	Job j2556F4A6 - Completed	2	[{"changed": {"fields": ["Created at", "Updated at", "Completed at"]}}]	7	1
370	2025-09-02 05:02:48.93+00	125	Job j25595A91 - Completed	2	[{"changed": {"fields": ["Created at", "Updated at", "Completed at"]}}]	7	1
371	2025-09-02 05:03:05.863+00	124	Job j25BCA2D5 - Completed	2	[{"changed": {"fields": ["Created at", "Updated at", "Completed at"]}}]	7	1
372	2025-09-02 05:03:24.136+00	123	Job j25E8397F - Completed	2	[{"changed": {"fields": ["Created at", "Updated at", "Completed at"]}}]	7	1
373	2025-09-02 05:03:39.439+00	122	Job j25AEA32C - Completed	2	[{"changed": {"fields": ["Created at", "Updated at", "Completed at"]}}]	7	1
374	2025-09-02 05:03:57.564+00	121	Job j251398F0 - Completed	2	[{"changed": {"fields": ["Created at", "Updated at", "Completed at"]}}]	7	1
375	2025-09-02 05:04:39.892+00	120	Job j2522814C - Completed	2	[{"changed": {"fields": ["Created at", "Completed at"]}}]	7	1
376	2025-09-02 05:05:06.39+00	119	Job j252B1F3F - Completed	2	[{"changed": {"fields": ["Created at", "Updated at", "Completed at"]}}]	7	1
377	2025-09-02 05:05:31.789+00	118	Job j2590C78D - Completed	2	[{"changed": {"fields": ["Created at", "Updated at", "Completed at"]}}]	7	1
378	2025-09-02 05:05:47.16+00	117	Job j2525623D - Completed	2	[{"changed": {"fields": ["Created at", "Updated at", "Completed at"]}}]	7	1
379	2025-09-02 05:06:07.658+00	116	Job j250F74A8 - Completed	2	[{"changed": {"fields": ["Created at", "Updated at", "Completed at"]}}]	7	1
380	2025-09-02 05:06:29.137+00	115	Job j2542BD83 - Completed	2	[{"changed": {"fields": ["Created at", "Updated at", "Completed at"]}}]	7	1
381	2025-09-02 05:06:52.821+00	90	Job j25AA5A53 - Completed	2	[{"changed": {"fields": ["Created at", "Updated at", "Completed at"]}}]	7	1
382	2025-09-02 05:07:09.145+00	87	Job j25F012AD - Completed	2	[{"changed": {"fields": ["Created at", "Updated at", "Completed at"]}}]	7	1
383	2025-09-02 05:07:30.384+00	79	Job j257839C7 - Completed	2	[{"changed": {"fields": ["Created at", "Updated at", "Completed at"]}}]	7	1
384	2025-09-02 05:07:45.563+00	45	Job j251B1E30 - Completed	2	[{"changed": {"fields": ["Created at", "Updated at", "Completed at"]}}]	7	1
385	2025-09-02 05:08:06.802+00	41	Job j25A19272 - Completed	2	[{"changed": {"fields": ["Created at", "Updated at", "Completed at"]}}]	7	1
386	2025-09-02 05:08:31.673+00	35	Job j25D54822 - Completed	2	[{"changed": {"fields": ["Created at", "Updated at", "Completed at"]}}]	7	1
387	2025-09-02 05:10:10.994+00	55	Job j254CF5AF - Completed	2	[{"changed": {"fields": ["Created at", "Updated at", "Completed at"]}}]	7	1
388	2025-09-02 05:10:42.523+00	109	Job j259D69D0 - Completed	2	[{"changed": {"fields": ["Created at", "Updated at", "Completed at"]}}]	7	1
389	2025-09-02 05:20:23.535+00	9	Orther ()	1	[{"added": {}}]	9	1
390	2025-09-02 05:25:51.978+00	8	google-oauth2_110208545241072621955	2	[{"changed": {"fields": ["First name", "Last name"]}}]	4	1
391	2025-09-02 05:26:20.363+00	142	Job j2516383D - Completed	2	[{"changed": {"fields": ["Created at", "Updated at", "Completed at"]}}]	7	1
392	2025-09-02 05:26:35.519+00	140	Job j25B36937 - Pending	2	[{"changed": {"fields": ["Created at", "Updated at"]}}]	7	1
393	2025-09-02 05:26:55.613+00	141	Job j25780D72 - Completed	2	[{"changed": {"fields": ["Created at", "Updated at", "Completed at"]}}]	7	1
394	2025-09-02 06:33:28.2+00	179	Dryer Machine No .2 - 1004	2	[{"changed": {"fields": ["Properties"]}}]	11	1
395	2025-09-02 06:34:30.043+00	10	Furniture	1	[{"added": {}}]	9	1
396	2025-09-02 09:13:28.046+00	10	Furniture ( )	2	[{"changed": {"fields": ["Subject"]}}]	9	1
397	2025-09-03 04:49:05.291+00	180	Talad noie king - 621	1	[{"added": {}}]	11	1
398	2025-09-03 04:50:00.828+00	180	Siam Yot Loft - 621	2	[{"changed": {"fields": ["Room type"]}}]	11	1
399	2025-09-03 04:52:43.406+00	160	Job j25447C9C - Completed	2	[{"changed": {"fields": ["Created at", "Updated at", "Completed at"]}}]	7	1
400	2025-09-03 04:53:39.153+00	159	Job j25C12B4A - Completed	2	[{"changed": {"fields": ["Created at", "Updated at", "Completed at"]}}]	7	1
401	2025-09-03 04:54:20.275+00	158	Job j25ED972B - Completed	2	[{"changed": {"fields": ["Created at", "Updated at", "Completed at"]}}]	7	1
402	2025-09-03 04:55:03.786+00	161	Job j257E3655 - Completed	2	[{"changed": {"fields": ["Created at", "Updated at", "Completed at"]}}]	7	1
403	2025-09-03 04:56:08.982+00	157	Job j25803A51 - Completed	2	[{"changed": {"fields": ["Created at", "Updated at", "Completed at"]}}]	7	1
404	2025-09-03 04:57:23.247+00	156	Job j25E1BC8E - Completed	2	[{"changed": {"fields": ["Created at", "Updated at", "Completed at"]}}]	7	1
405	2025-09-03 04:58:20.975+00	155	Job j254597A9 - Completed	2	[{"changed": {"fields": ["Created at", "Updated at", "Completed at"]}}]	7	1
406	2025-09-03 04:59:15.332+00	154	Job j25E3D45C - Completed	2	[{"changed": {"fields": ["Created at", "Updated at", "Completed at"]}}]	7	1
407	2025-09-03 05:00:03.999+00	153	Job j25773783 - Completed	2	[{"changed": {"fields": ["Created at", "Updated at", "Completed at"]}}]	7	1
408	2025-09-03 05:00:57.83+00	152	Job j256ECF75 - Completed	2	[{"changed": {"fields": ["Created at", "Updated at", "Completed at"]}}]	7	1
409	2025-09-03 05:03:41.522+00	151	Job j25C07BE5 - Completed	2	[{"changed": {"fields": ["Created at", "Updated at", "Completed at"]}}]	7	1
410	2025-09-03 05:05:10.638+00	150	Job j25266CD3 - Completed	2	[{"changed": {"fields": ["Created at", "Updated at", "Completed at"]}}]	7	1
411	2025-09-04 09:49:26.947+00	181	orther - 900	1	[{"added": {}}]	11	1
412	2025-09-04 09:49:56.556+00	181	Orther - 900	2	[{"changed": {"fields": ["Room type"]}}]	11	1
413	2025-09-08 02:48:14.934+00	1	Lubd Bangkok Chainatown	2	[{"changed": {"fields": ["Users"]}}]	8	1
414	2025-09-08 09:08:28.921+00	12	google-oauth2_105427576097642813504	2	[{"changed": {"fields": ["First name", "Last name", "Staff status"]}}]	4	1
415	2025-09-15 07:21:48.309+00	11	google-oauth2_108191488042158054811	2	[{"changed": {"fields": ["Email address"]}}]	21	1
416	2025-09-15 07:22:12.642+00	10	google-oauth2_106049868205350075477	2	[{"changed": {"fields": ["Email address"]}}]	21	1
417	2025-09-15 07:22:38.12+00	9	google-oauth2_108556798872465024318	2	[{"changed": {"fields": ["Email address"]}}]	21	1
418	2025-09-15 07:23:23.385+00	12	google-oauth2_105427576097642813504	2	[{"changed": {"fields": ["Email address"]}}]	21	1
419	2025-09-15 07:23:34.801+00	8	google-oauth2_110208545241072621955	2	[{"changed": {"fields": ["Email address"]}}]	21	1
420	2025-09-15 07:24:27.986+00	55	google-oauth2_105427576097642813504's Profile	2	[{"changed": {"fields": ["Positions", "Properties"]}}]	10	1
421	2025-09-15 07:24:51.99+00	53	google-oauth2_106049868205350075477's Profile	2	[{"changed": {"fields": ["Properties"]}}]	10	1
422	2025-09-15 07:25:10.979+00	56	google-oauth2_110208545241072621955's Profile	2	[{"changed": {"fields": ["Properties"]}}]	10	1
423	2025-09-15 07:25:17.826+00	54	google-oauth2_108556798872465024318's Profile	2	[{"changed": {"fields": ["Properties"]}}]	10	1
424	2025-09-15 07:25:45.146+00	52	google-oauth2_108191488042158054811's Profile	2	[{"changed": {"fields": ["Properties"]}}]	10	1
425	2025-09-15 07:26:29.123+00	51	jinkjok's Profile	3		10	1
427	2025-09-15 07:27:02.792+00	7	Patthana	3		21	1
428	2025-09-15 07:27:02.795+00	4	Suriya	3		21	1
429	2025-09-15 07:27:02.799+00	6	Teerasuk	3		21	1
430	2025-09-30 10:37:04.748568+00	55	google-oauth2_105427576097642813504's Profile	2	[]	10	1
431	2025-09-30 10:39:34.556334+00	12	google-oauth2_105427576097642813504	2	[{"changed": {"fields": ["Property id"]}}]	21	1
432	2025-10-04 02:25:42.02654+00	520	Job j25F8AF00 - Completed	2	[{"changed": {"fields": ["Is preventivemaintenance"]}}]	7	1
433	2025-10-04 02:26:27.357665+00	458	Job j255C14DC - Completed	2	[{"changed": {"fields": ["Is preventivemaintenance"]}}]	7	1
434	2025-10-04 02:26:51.733995+00	433	Job j25A344AD - Completed	2	[{"changed": {"fields": ["Is preventivemaintenance"]}}]	7	1
435	2025-10-04 02:28:31.504417+00	335	Job j259B3A95 - Completed	2	[{"changed": {"fields": ["Is preventivemaintenance"]}}]	7	1
436	2025-10-08 03:18:34.410424+00	15	google-oauth2_105346790676087929737	2	[{"changed": {"fields": ["Staff status"]}}]	21	1
437	2025-10-08 03:22:40.37583+00	58	google-oauth2_105346790676087929737's Profile	2	[{"changed": {"fields": ["Properties"]}}]	10	1
438	2025-10-08 03:23:37.642102+00	15	google-oauth2_105346790676087929737	2	[{"changed": {"fields": ["Property id"]}}]	21	1
439	2025-10-08 03:31:34.902634+00	15	google-oauth2_105346790676087929737	2	[{"changed": {"fields": ["First name", "Last name", "Email address", "Property id"]}}]	21	1
440	2025-10-08 03:32:22.370577+00	15	google-oauth2_105346790676087929737	2	[{"changed": {"fields": ["Property id"]}}]	21	1
441	2025-10-08 05:52:39.288117+00	182	The duo - 1414	1	[{"added": {}}]	11	1
442	2025-10-08 05:57:50.535723+00	183	The complete - 1415	1	[{"added": {}}]	11	1
443	2025-10-08 05:58:10.250928+00	184	The triple - 1416	1	[{"added": {}}]	11	1
444	2025-10-08 06:01:50.544071+00	183	The complete - 1415	2	[{"changed": {"fields": ["Properties"]}}]	11	1
445	2025-10-08 06:02:06.201956+00	182	The duo - 1414	2	[{"changed": {"fields": ["Properties"]}}]	11	1
446	2025-10-08 06:02:23.027152+00	184	The triple - 1416	2	[{"changed": {"fields": ["Properties"]}}]	11	1
447	2025-10-08 11:15:43.390465+00	183	The Compact - 1415	2	[{"changed": {"fields": ["Room type"]}}]	11	1
448	2025-10-08 11:21:45.847545+00	148	The Compact - 1401	2	[{"changed": {"fields": ["Room type"]}}]	11	1
449	2025-10-08 11:21:58.1302+00	153	The Compact - 1402	2	[{"changed": {"fields": ["Room type"]}}]	11	1
450	2025-10-08 11:22:10.952421+00	154	The Compact - 1403	2	[{"changed": {"fields": ["Room type"]}}]	11	1
451	2025-10-08 11:22:24.033781+00	149	The Compact - 1404	2	[{"changed": {"fields": ["Room type"]}}]	11	1
452	2025-10-08 11:22:52.055696+00	150	The Compact - 1405	2	[{"changed": {"fields": ["Room type"]}}]	11	1
453	2025-10-08 11:23:05.136857+00	155	The Compact - 1407	2	[{"changed": {"fields": ["Room type"]}}]	11	1
454	2025-10-08 11:23:25.327491+00	156	The Compact - 1408	2	[{"changed": {"fields": ["Room type"]}}]	11	1
455	2025-10-08 11:23:58.682793+00	158	The Compact - 1410	2	[{"changed": {"fields": ["Room type"]}}]	11	1
456	2025-10-08 11:26:28.931677+00	156	The Triplex - 1408	2	[{"changed": {"fields": ["Room type"]}}]	11	1
457	2025-10-08 11:26:44.881373+00	157	The Triplex - 1409	2	[{"changed": {"fields": ["Room type"]}}]	11	1
458	2025-10-09 01:58:27.070024+00	184	The Duo - 1416	2	[{"changed": {"fields": ["Room type"]}}]	11	1
459	2025-10-09 02:00:25.044928+00	151	The Duo - 1406	2	[{"changed": {"fields": ["Room type"]}}]	11	1
460	2025-10-09 02:03:57.911782+00	152	The Duo - 1411	2	[{"changed": {"fields": ["Room type"]}}]	11	1
461	2025-10-09 02:04:59.380167+00	182	The Duo - 1414	2	[{"changed": {"fields": ["Room type"]}}]	11	1
462	2025-10-09 06:25:40.460875+00	167	Job j251FB708 - Completed	3		7	1
463	2025-10-09 06:36:11.169977+00	159	The Sidekick - 1201	2	[{"changed": {"fields": ["Room type"]}}]	11	1
464	2025-10-09 06:36:19.6748+00	160	The Sidekick - 1202	2	[{"changed": {"fields": ["Room type"]}}]	11	1
465	2025-10-09 06:36:26.33347+00	161	The Sidekick - 1203	2	[{"changed": {"fields": ["Room type"]}}]	11	1
466	2025-10-09 06:36:33.043726+00	162	The Sidekick - 1204	2	[{"changed": {"fields": ["Room type"]}}]	11	1
467	2025-10-09 06:36:38.72296+00	163	The Sidekick - 1205	2	[{"changed": {"fields": ["Room type"]}}]	11	1
468	2025-10-09 06:37:50.153519+00	164	The Upgrade - 1206	2	[{"changed": {"fields": ["Room type"]}}]	11	1
469	2025-10-09 06:38:21.218765+00	165	The Upgrade - 1207	2	[{"changed": {"fields": ["Room type"]}}]	11	1
470	2025-10-09 06:38:26.6935+00	166	The Upgrade - 1208	2	[{"changed": {"fields": ["Room type"]}}]	11	1
471	2025-10-09 06:38:31.471231+00	167	The Upgrade - 1209	2	[{"changed": {"fields": ["Room type"]}}]	11	1
472	2025-10-09 06:38:36.986459+00	168	The Upgrade - 1210	2	[{"changed": {"fields": ["Room type"]}}]	11	1
473	2025-10-09 06:38:44.555421+00	169	The Upgrade - 1211	2	[{"changed": {"fields": ["Room type"]}}]	11	1
474	2025-10-09 06:38:52.284514+00	170	The Upgrade - 1212	2	[{"changed": {"fields": ["Room type"]}}]	11	1
475	2025-10-09 06:41:17.064641+00	185	The Sidekick - 1101	1	[{"added": {}}]	11	1
476	2025-10-09 06:43:11.236724+00	186	The Sidekick - 1102	1	[{"added": {}}]	11	1
477	2025-10-09 06:43:25.593331+00	187	The Sidekick - 1103	1	[{"added": {}}]	11	1
478	2025-10-09 06:43:37.818544+00	188	The Sidekick - 1104	1	[{"added": {}}]	11	1
479	2025-10-09 06:43:58.952191+00	189	The Sidekick - 1105	1	[{"added": {}}]	11	1
480	2025-10-09 06:47:51.789392+00	159	The Upgrade - 1201	2	[{"changed": {"fields": ["Room type"]}}]	11	1
481	2025-10-09 06:48:01.531066+00	160	The Upgrade - 1202	2	[{"changed": {"fields": ["Room type"]}}]	11	1
482	2025-10-09 06:48:08.91021+00	161	The Upgrade - 1203	2	[{"changed": {"fields": ["Room type"]}}]	11	1
483	2025-10-09 06:48:16.221267+00	188	The Upgrade - 1104	2	[{"changed": {"fields": ["Room type"]}}]	11	1
484	2025-10-09 06:48:23.9046+00	162	The Upgrade - 1204	2	[{"changed": {"fields": ["Room type"]}}]	11	1
485	2025-10-09 06:48:30.481672+00	163	The Upgrade - 1205	2	[{"changed": {"fields": ["Room type"]}}]	11	1
486	2025-10-09 07:16:17.535539+00	171	Marasca SD - 1412	3		11	1
487	2025-10-09 07:17:48.016642+00	190	The Compact - 1412	1	[{"added": {}}]	11	1
488	2025-10-09 07:20:45.616129+00	134	Tribe Hideout (4Shared-Beds) - 1301	2	[{"changed": {"fields": ["Room type"]}}]	11	1
489	2025-10-09 07:20:52.971245+00	135	Tribe Hideout (4Shared-Beds) - 1302	2	[{"changed": {"fields": ["Room type"]}}]	11	1
490	2025-10-09 07:20:59.373319+00	137	Tribe Hideout (4Shared-Beds) - 1303	2	[{"changed": {"fields": ["Room type"]}}]	11	1
491	2025-10-09 07:21:04.914816+00	136	Tribe Hideout (4Shared-Beds) - 1304	2	[{"changed": {"fields": ["Room type"]}}]	11	1
492	2025-10-09 07:21:11.904656+00	138	Tribe Hideout (4Shared-Beds) - 1305	2	[{"changed": {"fields": ["Room type"]}}]	11	1
493	2025-10-09 07:21:16.974331+00	139	Tribe Hideout (4Shared-Beds) - 1306	2	[{"changed": {"fields": ["Room type"]}}]	11	1
494	2025-10-09 07:21:22.492495+00	140	Tribe Hideout (4Shared-Beds) - 1307	2	[{"changed": {"fields": ["Room type"]}}]	11	1
495	2025-10-09 07:21:27.923692+00	141	Tribe Hideout (4Shared-Beds) - 1308	2	[{"changed": {"fields": ["Room type"]}}]	11	1
496	2025-10-09 07:21:34.519354+00	142	Tribe Hideout (4Shared-Beds) - 1309	2	[{"changed": {"fields": ["Room type"]}}]	11	1
497	2025-10-09 07:21:40.561454+00	143	Tribe Hideout (4Shared-Beds) - 1310	2	[{"changed": {"fields": ["Room type"]}}]	11	1
498	2025-10-09 07:21:47.098938+00	144	Tribe Hideout (4Shared-Beds) - 1311	2	[{"changed": {"fields": ["Room type"]}}]	11	1
499	2025-10-09 07:21:52.629227+00	145	Tribe Hideout (4Shared-Beds) - 1312	2	[{"changed": {"fields": ["Room type"]}}]	11	1
500	2025-10-09 07:21:59.903068+00	146	Tribe Hideout (4Shared-Beds) - 1313	2	[{"changed": {"fields": ["Room type"]}}]	11	1
501	2025-10-09 07:22:07.358765+00	147	Tribe Hideout (4Shared-Beds) - 1314	2	[{"changed": {"fields": ["Room type"]}}]	11	1
502	2025-10-09 07:22:18.667817+00	191	Tribe Hideout (4Shared-Beds) - 1315	1	[{"added": {}}]	11	1
503	2025-10-16 03:53:52.443043+00	632	Job j2533AB66 - Completed	3		7	1
504	2025-10-16 04:11:57.537742+00	662	Job j25C8C837 - Waiting Sparepart	2	[{"changed": {"fields": ["Status"]}}]	7	1
505	2025-10-16 04:41:45.747833+00	2	jinkjok	3		21	1
506	2025-10-16 05:15:15.568282+00	674	Job j2535DDDA - Completed	2	[{"changed": {"fields": ["Is preventivemaintenance"]}}]	7	1
507	2025-10-16 05:16:37.328461+00	673	Job j25185B79 - Completed	2	[{"changed": {"fields": ["Is preventivemaintenance"]}}]	7	1
\.


--
-- Data for Name: django_content_type; Type: TABLE DATA; Schema: public; Owner: mylubd_user
--

COPY public.django_content_type (id, app_label, model) FROM stdin;
1	admin	logentry
2	auth	permission
3	auth	group
4	auth	user
5	contenttypes	contenttype
6	sessions	session
7	myappLubd	job
8	myappLubd	property
9	myappLubd	topic
10	myappLubd	userprofile
11	myappLubd	room
12	myappLubd	jobimage
13	myappLubd	session
14	myappLubd	preventivemaintenance
15	myappLubd	machine
16	myappLubd	maintenanceprocedure
17	myappLubd	maintenanceschedule
18	myappLubd	maintenancehistory
19	myappLubd	maintenancechecklist
20	debug_toolbar	historyentry
21	myappLubd	user
\.


--
-- Data for Name: django_migrations; Type: TABLE DATA; Schema: public; Owner: mylubd_user
--

COPY public.django_migrations (id, app, name, applied) FROM stdin;
1	contenttypes	0001_initial	2025-09-14 15:51:26.02129+00
2	contenttypes	0002_remove_content_type_name	2025-09-14 15:51:26.038267+00
3	auth	0001_initial	2025-09-14 15:51:26.214036+00
4	auth	0002_alter_permission_name_max_length	2025-09-14 15:51:26.230928+00
5	auth	0003_alter_user_email_max_length	2025-09-14 15:51:26.260126+00
6	auth	0004_alter_user_username_opts	2025-09-14 15:51:26.275504+00
7	auth	0005_alter_user_last_login_null	2025-09-14 15:51:26.297575+00
8	auth	0006_require_contenttypes_0002	2025-09-14 15:51:26.304488+00
9	auth	0007_alter_validators_add_error_messages	2025-09-14 15:51:26.319439+00
10	auth	0008_alter_user_username_max_length	2025-09-14 15:51:26.334505+00
11	auth	0009_alter_user_last_name_max_length	2025-09-14 15:51:26.349517+00
12	auth	0010_alter_group_name_max_length	2025-09-14 15:51:26.372787+00
13	auth	0011_update_proxy_permissions	2025-09-14 15:51:26.387764+00
14	auth	0012_alter_user_first_name_max_length	2025-09-14 15:51:26.401294+00
15	myappLubd	0000_create_user_model	2025-09-14 15:51:26.541985+00
16	admin	0001_initial	2025-09-14 15:51:26.601448+00
17	admin	0002_logentry_remove_auto_add	2025-09-14 15:51:26.617866+00
18	admin	0003_logentry_add_action_flag_choices	2025-09-14 15:51:26.63475+00
19	debug_toolbar	0001_initial	2025-09-14 15:51:26.662369+00
20	myappLubd	0001_initial	2025-09-14 15:51:27.431792+00
21	myappLubd	0002_userprofile_access_token_userprofile_email_verified_and_more	2025-09-14 15:51:27.614227+00
22	myappLubd	0003_job_updated_by	2025-09-14 15:51:27.670868+00
23	myappLubd	0004_session	2025-09-14 15:51:27.766952+00
24	myappLubd	0005_job_is_preventivemaintenance	2025-09-14 15:51:27.806678+00
25	myappLubd	0006_remove_job_myapplubd_j_status_4362b5_idx_and_more	2025-09-14 15:51:28.304292+00
26	myappLubd	0007_preventivemaintenance	2025-09-14 15:51:28.452737+00
27	myappLubd	0008_preventivemaintenance_topics	2025-09-14 15:51:28.52966+00
28	myappLubd	0009_preventivemaintenance_pmtitle_and_more	2025-09-14 15:51:28.799327+00
29	myappLubd	0010_remove_preventivemaintenance_job	2025-09-14 15:51:28.862807+00
30	myappLubd	0011_machine	2025-09-14 15:51:29.061656+00
31	myappLubd	0012_userprofile_last_login_google	2025-09-14 15:51:29.106235+00
32	myappLubd	0013_preventivemaintenance_job	2025-09-14 15:51:29.288131+00
33	myappLubd	0014_userprofile_password_reset_fields	2025-09-14 15:51:29.374942+00
34	myappLubd	0015_preventivemaintenance_procedure	2025-09-14 15:51:29.417757+00
35	myappLubd	0002_add_jpeg_path_to_jobimage	2025-09-14 15:51:29.47118+00
36	myappLubd	0016_merge_20250817_2338	2025-09-14 15:51:29.479411+00
37	myappLubd	0017_preventivemaintenance_after_image_jpeg_path_and_more	2025-09-14 15:51:29.695242+00
38	myappLubd	0018_maintenanceprocedure_and_more	2025-09-14 15:51:30.567559+00
39	myappLubd	0019_maintenanceprocedure_difficulty_level_and_more	2025-09-14 15:51:30.598916+00
40	myappLubd	0020_alter_job_created_at_alter_job_updated_at	2025-09-14 15:51:30.687878+00
41	myappLubd	0021_add_performance_indexes	2025-09-14 15:51:31.645045+00
42	myappLubd	0022_remove_job_job_status_created_idx_and_more	2025-09-14 15:51:31.655052+00
43	myappLubd	0023_remove_job_idx_job_user_status_and_more	2025-09-14 15:51:33.39894+00
44	myappLubd	0024_add_performance_indexes	2025-09-14 15:51:33.708888+00
45	myappLubd	0025_userprofile_property_fields	2025-09-14 15:51:33.78468+00
46	myappLubd	0026_alter_user_options_remove_job_job_status_created_idx_and_more	2025-09-14 15:51:34.397965+00
47	sessions	0001_initial	2025-09-14 15:51:34.448378+00
\.


--
-- Data for Name: django_session; Type: TABLE DATA; Schema: public; Owner: mylubd_user
--

COPY public.django_session (session_key, session_data, expire_date) FROM stdin;
07vhszjzkvpodqlp9ocohps2mpiaigm7	.eJxVjEEOwiAQRe_C2pCZtGXApXvPQIYBpGpoUtpV491tky50-997f1Oe16X4taXZj1FdFarL7xZYXqkeID65PiYtU13mMehD0Sdt-j7F9L6d7t9B4Vb22opBDI5o6MQxWBc4U5-ZkAgYGCNwT4gdRMxgJIEYsLtMMNgIoj5fy1I3KA:1uEIda:UjcCklMxounPzlD4kMMoDJy7VVAEhxXxKiGq_gtbPDE	2025-05-26 02:11:26.586+00
2r74o0x6u9voueoja9z5o0iiqvq5w3kk	eyJfY3NyZnRva2VuIjoiZUpRWjZpWURHejBCa0dzMkV0NzRrbnU1ZHU0YXFBRmQifQ:1uvRFM:WKYH20AVD1A3ckeoRmUfd83EhxGvIdsZGCqGwi5ueVA	2025-09-22 02:04:44.439+00
3rongd7qo30voph3bstarlq5sr0x79ol	eyJfY3NyZnRva2VuIjoibzBlZVh2Ums0bWY3UU5Bc054bTZRNENJNGVER2lVY1kifQ:1uwHsK:sL4AVFAciK80inKcsQsn2R_A5ehU11pQHE2nKFkcKBs	2025-09-24 10:16:28.732+00
4g6ahrr8p5d96koooag5ejjo19giuxlh	.eJxVjLsKg0AQRf9l6yAz-BhNpxJIERvTpFvGXc2qQYO7QiTk36NgY3vPOfcrpLJT48a-HsRZWNKXKOtu7oPpvTPOBPrR51dMi_KdL0spTkLy7IycbT3JVq8JHreK1Xq1Ad3x8Bw9NQ5uaitvU7ydWq8Ydf3KdvdwYNiatY5VhFglRKGvEoY4qbihoGFCImBg1MABIfqgsYFI1aAiiFeZIIw1KPH7AwRcRxI:1utfQE:ibeR2ET_1H4yX8WbfWS8iHX5otuNE0wWpJY8WwlyQTI	2025-09-17 04:48:38.729+00
9lowz2cxhl3hyvs03i80ibk0l1n0uu4n	eyJfY3NyZnRva2VuIjoiUXI2Y1VMaWZsdHBqQTM2TTZySFdLZ3NwMk0wemozMlUifQ:1uvthv:aAKB_zn11WgWbxd6rlN5n_624Tw50Mmhe1Hhidr-0So	2025-09-23 08:28:07.397+00
av9w54r8qqqzj5dvewncr7yqsk3e6376	.eJxVjEEOwiAQRe_C2pCZtGXApXvPQIYBpGpoUtpV491tky50-997f1Oe16X4taXZj1FdFarL7xZYXqkeID65PiYtU13mMehD0Sdt-j7F9L6d7t9B4Vb22opBDI5o6MQxWBc4U5-ZkAgYGCNwT4gdRMxgJIEYsLtMMNgIoj5fy1I3KA:1tx5Ds:M2AlriI69rQNgMPT4OnIYBDlmz-ndKGVZhYd-gqbOyA	2025-04-08 14:25:44.101+00
e6t2d5c5rdiqhppnapsca8w7k5azi3ku	.eJxVjEEOwiAQRe_C2pCZtGXApXvPQIYBpGpoUtpV491tky50-997f1Oe16X4taXZj1FdFarL7xZYXqkeID65PiYtU13mMehD0Sdt-j7F9L6d7t9B4Vb22opBDI5o6MQxWBc4U5-ZkAgYGCNwT4gdRMxgJIEYsLtMMNgIoj5fy1I3KA:1txK6Z:cE7woKYnWvSTrEXqWZNoOtBceMFKynzDcYgC8NMuefg	2025-04-09 06:19:11.405+00
ketecz80fokb7ztxljyz00xg6nbmepvw	.eJxVjEEOwiAQRe_C2pCZtGXApXvPQIYBpGpoUtpV491tky50-997f1Oe16X4taXZj1FdFarL7xZYXqkeID65PiYtU13mMehD0Sdt-j7F9L6d7t9B4Vb22opBDI5o6MQxWBc4U5-ZkAgYGCNwT4gdRMxgJIEYsLtMMNgIoj5fy1I3KA:1uy3W6:a_QWTsIwmJ5pDk7srH-961V9gWcwR7rt0i_WEDqYwpw	2025-09-29 07:20:50.486+00
kp3a4p72tmvldfvdwqkl3ou8a9srzoql	.eJxVjEEOwiAQRe_C2pCZtGXApXvPQIYBpGpoUtpV491tky50-997f1Oe16X4taXZj1FdFarL7xZYXqkeID65PiYtU13mMehD0Sdt-j7F9L6d7t9B4Vb22opBDI5o6MQxWBc4U5-ZkAgYGCNwT4gdRMxgJIEYsLtMMNgIoj5fy1I3KA:1u0e98:kM6Rl8FoZbvhssT9fz3spz8Z2Y6vzTBsUR4ls52poIA	2025-04-18 10:19:34.811+00
md89re5zkxbs6c2k6lkwpx9vy1dwssf8	eyJfY3NyZnRva2VuIjoiNGljb2NIQTBYTVZmczVhd2dyc1FOWUFPVWFVR3FOR0sifQ:1uvfrM:LsYfcNaxDcSz91zpRBPkdBAPeBxxREG-SnX1rwoiW2E	2025-09-22 17:40:56.039+00
mobomrlfhq5z93n95f4oguy0g0i0lluv	eyJfY3NyZnRva2VuIjoiYlI4am9OVHBSQWZRTVpBZTdmcFhpblJXV0kyNElMY1YifQ:1uwC5u:fxNf9mKlgH7bj1vPuevLVBZDmueOjW6pSVf6gLT8tSQ	2025-09-24 04:06:06.073+00
nj20wfxymdsdllbk3pswp70lfhj36t2z	eyJfY3NyZnRva2VuIjoiRk02MGhmMkJHb1FuR3h2WlNmd3FvZm5HVXJZWm5JZDUifQ:1uv7yh:8isiD6VI52BiwJyFWnTkLIhS9n-sWbGInemc-a8czlI	2025-09-21 05:30:15.711+00
o5e65c4mxfs2gidtvkwz336z8ss02nj8	.eJxVjEEOwiAQRe_C2pCZtGXApXvPQIYBpGpoUtpV491tky50-997f1Oe16X4taXZj1FdFarL7xZYXqkeID65PiYtU13mMehD0Sdt-j7F9L6d7t9B4Vb22opBDI5o6MQxWBc4U5-ZkAgYGCNwT4gdRMxgJIEYsLtMMNgIoj5fy1I3KA:1uC855:2sPheadMqxuzh4ZuVNyVZETpK-4lEHitXVt5HVPiaL4	2025-05-20 02:30:51.147+00
onk71xmyjw7qzqkaqjo80heo18mlqdoq	eyJfY3NyZnRva2VuIjoiQnRmUlBUd3J4aGNPNFZyRWtpVWl0SVBRRUFoMTlQbUYifQ:1uwGzi:-hTDyUxNGiNNWazIJ-IkSZZbTr6uIn0XrYdHBKkKUNc	2025-09-24 09:20:02.537+00
pn9o6196bpeyxf4omazupavj02qyyu8n	.eJxVjEEOwiAQRe_C2pCZtGXApXvPQIYBpGpoUtpV491tky50-997f1Oe16X4taXZj1FdFarL7xZYXqkeID65PiYtU13mMehD0Sdt-j7F9L6d7t9B4Vb22opBDI5o6MQxWBc4U5-ZkAgYGCNwT4gdRMxgJIEYsLtMMNgIoj5fy1I3KA:1uE5oM:jVHwdekkvDgwZGUp2fUjWBYsIQJAMbu0XoxozzLLzqU	2025-05-25 12:29:42.383+00
r00ifjqh70asoc5zn4ej9i77m9s826qg	.eJxVjL0OgjAURt-lsyH3BqHFTRPdlMm5ubTlx5KCpRiN8d0tCQvrd875vkyqyddhsMaxA6P7s7h5m5bWNsezC6G7vD7vHsbGpGOJju2YpDm0cp6Ml52OCW63ilS8WoB-kGuGRA0u-K5KFiVZ6ZRcB2360-puDlqa2lgLlSNWBedZqgoCUVRU831NHDkHAkINtOeIKWisIVcGVA4iyhwyoUGx3x-krUfp:1usyU2:dpFUh_2XIoTuRkassQwmKjRap4j7hpaz8nCMiv5W4Ek	2025-09-15 06:57:42.003+00
ufl8o8iys9vqxgxxl5s9pa8jracve8rc	.eJxVjEEOwiAQRe_C2pCZtGXApXvPQIYBpGpoUtpV491tky50-997f1Oe16X4taXZj1FdFarL7xZYXqkeID65PiYtU13mMehD0Sdt-j7F9L6d7t9B4Vb22opBDI5o6MQxWBc4U5-ZkAgYGCNwT4gdRMxgJIEYsLtMMNgIoj5fy1I3KA:1txjrH:SULPxZ6elPcimNAegmDQCcWdRzzOHdkNeHxi5m6PyKs	2025-04-10 09:49:07.515+00
uirka5um00as44l5kq1nyizkefj4puad	.eJxVjEEOwiAQRe_C2pCZtGXApXvPQIYBpGpoUtpV491tky50-997f1Oe16X4taXZj1FdFarL7xZYXqkeID65PiYtU13mMehD0Sdt-j7F9L6d7t9B4Vb22opBDI5o6MQxWBc4U5-ZkAgYGCNwT4gdRMxgJIEYsLtMMNgIoj5fy1I3KA:1uD3cF:IrXw1uCVitXmSHhWoe1gGN-L1d468tSo_u-bb0FgzJ0	2025-05-22 15:56:55.998+00
vgwkilit2lc9rod20rjct1shx4e0wjuo	.eJxVjEEOwiAQRe_C2pCZtGXApXvPQIYBpGpoUtpV491tky50-997f1Oe16X4taXZj1FdFarL7xZYXqkeID65PiYtU13mMehD0Sdt-j7F9L6d7t9B4Vb22opBDI5o6MQxWBc4U5-ZkAgYGCNwT4gdRMxgJIEYsLtMMNgIoj5fy1I3KA:1uBbEw:xuFZYxldgyz1nZwdfucyusFifkuFQxeGHPeFwi54eLM	2025-05-18 15:26:50.031+00
z86bbnnauy39no79xbonwra29v9h5ssw	.eJxVjEsLgkAURv_LrEPu4OOO7QqMwqRVLtzIdWZ8FQ46ikT031Nw4_Y753xflks7lKN56Y4dWXRPuhPG9gaXnuIsmtv0Ia7Z52kmmNOqZweW0zTW-WT1kDdqSfh-K0guVytQLXWVcaTpxqEpnFVxNmqdxCj9Pm_u7qAmWy-1kAHnRYjouzIkEGFBJXolIUcEAuIKyEPOXVC8hEBqkAGIRUbwhQLJfn8N9kco:1uwbCn:1qnqApz5ikgBFMKtB-6PCz6bPvRMkXtsLnw14TYXXbQ	2025-09-25 06:54:53.222+00
99uocd9alliqs5pj6svhgdt6t7j1y5ii	.eJxVjEEOwiAQRe_C2pCZtGXApXvPQIYBpGpoUtpV491tky50-997f1Oe16X4taXZj1FdFarL7xZYXqkeID65PiYtU13mMehD0Sdt-j7F9L6d7t9B4Vb22opBDI5o6MQxWBc4U5-ZkAgYGCNwT4gdRMxgJIEYsLtMMNgIoj5fy1I3KA:1v3Xi7:NoWnBsA6oetQwTZNgFZFPR3ZRVH6nqOlNqCBnczxkvA	2025-10-14 10:35:55.614686+00
ptvezgn477lch7oa0845v9y0cxdcdvf8	.eJxVjEEOwiAQRe_C2pCZtGXApXvPQIYBpGpoUtpV491tky50-997f1Oe16X4taXZj1FdFarL7xZYXqkeID65PiYtU13mMehD0Sdt-j7F9L6d7t9B4Vb22opBDI5o6MQxWBc4U5-ZkAgYGCNwT4gdRMxgJIEYsLtMMNgIoj5fy1I3KA:1v63vg:AUo_JXvN9tp7j3UOE_8woXl2fmjwlwf7-AziftplAO8	2025-10-21 09:24:20.508082+00
jh3gm365meo33fpx80urdd87ifd9rsft	.eJxVjEEOwiAQRe_C2pCZtGXApXvPQIYBpGpoUtpV491tky50-997f1Oe16X4taXZj1FdFarL7xZYXqkeID65PiYtU13mMehD0Sdt-j7F9L6d7t9B4Vb22opBDI5o6MQxWBc4U5-ZkAgYGCNwT4gdRMxgJIEYsLtMMNgIoj5fy1I3KA:1v6KWZ:NKEp1POwAivtUKMGjndlvkZvAEXC7mfaBtBwjB4xVo0	2025-10-22 03:07:31.360966+00
lt3icedkguq3dlff8msf23uljm8cesnh	.eJxVjEEOwiAQRe_C2pCZtGXApXvPQIYBpGpoUtpV491tky50-997f1Oe16X4taXZj1FdFarL7xZYXqkeID65PiYtU13mMehD0Sdt-j7F9L6d7t9B4Vb22opBDI5o6MQxWBc4U5-ZkAgYGCNwT4gdRMxgJIEYsLtMMNgIoj5fy1I3KA:1v9F3W:0YlJ_TUmWvzkcwJmmDJCvFdIHkZaq9rV3Cd--umJs1U	2025-10-30 03:53:34.142938+00
\.


--
-- Data for Name: myappLubd_job; Type: TABLE DATA; Schema: public; Owner: mylubd_user
--

COPY public."myappLubd_job" (id, job_id, is_defective, description, remarks, status, priority, created_at, updated_at, completed_at, user_id, updated_by_id, is_preventivemaintenance) FROM stdin;
258	j25A6FF34	f	 shower 	.	completed	medium	2025-09-16 18:40:08.778063+00	2025-09-16 18:40:08.77821+00	2025-09-16 18:40:08.778213+00	10	10	f
265	j25064B59	f		.	completed	medium	2025-09-16 19:15:42.759366+00	2025-09-16 19:15:42.759553+00	2025-09-16 19:15:42.759556+00	10	10	f
259	j25B447C9	f		.	completed	medium	2025-09-16 18:41:47.664302+00	2025-09-16 18:41:47.664441+00	2025-09-16 18:41:47.664447+00	10	10	f
266	j25DFB57D	f		.	completed	medium	2025-09-16 19:18:54.684768+00	2025-09-16 19:18:54.684941+00	2025-09-16 19:18:54.684946+00	10	10	f
260	j25F61296	f		.	completed	medium	2025-09-16 18:43:58.626193+00	2025-09-16 18:43:58.626347+00	2025-09-16 18:43:58.62635+00	10	10	f
267	j25545C8A	f		.	completed	medium	2025-09-16 19:20:17.945876+00	2025-09-16 19:20:17.946124+00	2025-09-16 19:20:17.946129+00	10	10	f
261	j25E6AD9F	f		.	completed	medium	2025-09-16 18:45:58.868374+00	2025-09-16 18:45:58.868515+00	2025-09-16 18:45:58.868519+00	10	10	f
268	j25F02E1B	f		.	completed	medium	2025-09-16 19:23:07.67743+00	2025-09-16 19:23:07.677645+00	2025-09-16 19:23:07.67765+00	10	10	f
158	j25ED972B	f			completed	medium	2025-08-28 02:47:37+00	2025-08-28 02:47:37+00	2025-08-28 02:47:37+00	9	1	f
255	j25E7E509	f		.	completed	medium	2025-09-16 18:30:50.744997+00	2025-09-16 18:30:50.745177+00	2025-09-16 18:30:50.745182+00	10	10	f
262	j252EB9F8	f		.	completed	medium	2025-09-16 18:48:12.371289+00	2025-09-16 18:48:12.37149+00	2025-09-16 18:48:12.371493+00	10	10	f
211	j2512D586	f		.	completed	medium	2025-09-07 08:55:21.992+00	2025-09-07 08:55:21.992+00	2025-09-07 08:55:21.992+00	11	11	f
256	j25233D7B	f		.	completed	medium	2025-09-16 18:34:46.277033+00	2025-09-16 18:34:46.277685+00	2025-09-16 18:34:46.277709+00	10	10	f
263	j252662CA	f		.	completed	medium	2025-09-16 19:07:08.370876+00	2025-09-16 19:07:08.37102+00	2025-09-16 19:07:08.371023+00	10	10	f
20	j25F56B1F	f			completed	medium	2025-08-31 08:19:33+00	2025-08-31 08:19:33+00	2025-08-31 08:19:33+00	10	1	f
21	j2588AEEC	f		.	completed	medium	2025-08-31 08:36:11+00	2025-08-31 08:36:11+00	2025-08-31 08:36:11+00	10	1	f
22	j257E8DD5	f		.	completed	medium	2025-08-31 08:39:53+00	2025-08-31 08:39:53+00	2025-08-31 08:39:53+00	10	1	f
23	j2593BD8A	f	 shower 	.	completed	medium	2025-08-31 08:41:47+00	2025-08-31 08:41:47+00	2025-08-31 08:41:47+00	10	1	f
24	j25499A64	f		.	completed	medium	2025-08-30 08:43:55+00	2025-08-30 08:43:55+00	2025-08-30 08:43:55+00	10	1	f
25	j2585613C	f		.	completed	medium	2025-08-30 08:46:33+00	2025-08-30 08:46:33+00	2025-08-30 08:46:33+00	10	1	f
26	j25F36A6C	f		.	completed	medium	2025-08-29 08:49:42+00	2025-08-29 08:49:42+00	2025-08-29 08:49:42+00	10	1	f
27	j2528F021	f		.	completed	medium	2025-08-29 08:51:50+00	2025-08-29 08:51:50+00	2025-08-29 08:51:50+00	10	1	f
28	j2589644E	f		.	completed	medium	2025-08-28 08:54:34+00	2025-08-28 08:54:34+00	2025-08-28 08:54:34+00	10	1	f
29	j25FAD236	f		.	completed	medium	2025-08-28 08:59:27+00	2025-08-28 08:59:27+00	2025-08-28 08:59:27+00	10	1	f
30	j25B5AF56	f		.	completed	medium	2025-08-01 09:00:21+00	2025-08-01 09:00:21+00	2025-08-01 09:00:21+00	11	1	f
31	j25ADF862	f		.	completed	medium	2025-08-27 09:01:26+00	2025-08-27 09:01:26+00	2025-08-27 09:01:26+00	10	1	f
32	j2517535C	f		.	completed	medium	2025-08-01 09:03:31+00	2025-08-01 09:03:31+00	2025-08-01 09:03:31+00	11	1	f
33	j257D86FD	f		.	completed	medium	2025-08-26 09:04:07+00	2025-08-26 09:04:07+00	2025-08-26 09:04:07+00	10	1	f
34	j25C891F1	f		.	completed	medium	2025-08-01 09:04:50+00	2025-08-01 09:04:50+00	2025-08-01 09:04:50+00	11	1	f
35	j25D54822	f		.	completed	medium	2025-08-01 09:06:17+00	2025-08-01 09:06:17+00	2025-08-01 09:06:17+00	10	1	f
36	j25A4D1DF	f		.	completed	medium	2025-08-01 09:06:18+00	2025-08-01 09:06:18+00	2025-08-01 09:06:18+00	11	1	f
37	j258DFDCC	f		.	completed	medium	2025-08-03 09:07:54+00	2025-08-03 09:07:54+00	2025-08-03 09:07:54+00	11	1	f
38	j25B01F52	f		.	completed	medium	2025-08-04 09:09:33+00	2025-08-04 09:09:33+00	2025-08-04 09:09:33+00	11	1	f
39	j25E09123	f		.	completed	medium	2025-08-04 09:11:21+00	2025-08-04 09:11:21+00	2025-08-04 09:11:21+00	11	1	f
40	j25B80385	f		.	completed	medium	2025-08-05 09:12:36+00	2025-08-05 09:12:36+00	2025-08-05 09:12:36+00	11	1	f
41	j25A19272	f		.	completed	medium	2025-08-01 09:13:00+00	2025-08-01 09:13:00+00	2025-08-01 09:13:00+00	10	1	f
42	j25B35454	f		.	completed	medium	2025-08-05 09:13:40+00	2025-08-05 09:13:40+00	2025-08-05 09:13:40+00	11	1	f
43	j25A256C1	f		.	completed	medium	2025-08-05 09:15:05+00	2025-08-05 09:15:05+00	2025-08-05 09:15:05+00	11	1	f
44	j2527DBFA	f		.	completed	medium	2025-08-05 09:16:04+00	2025-08-05 09:16:04+00	2025-08-05 09:16:04+00	11	1	f
45	j251B1E30	f		.	completed	medium	2025-08-01 09:16:51+00	2025-08-01 09:16:51+00	2025-08-01 09:16:51+00	10	1	f
46	j251F6B96	f		.	completed	medium	2025-08-09 09:18:00+00	2025-08-09 09:18:00+00	2025-08-09 09:18:00+00	11	1	f
47	j25525166	f		.	completed	medium	2025-08-09 09:19:59+00	2025-08-09 09:19:59+00	2025-08-09 09:19:59+00	11	1	f
254	j257C6EF6	f		.	completed	medium	2025-09-16 13:20:15.891836+00	2025-09-17 14:38:02.233806+00	2025-09-17 14:38:02.23349+00	8	8	f
48	j25BC4A43	f		.	completed	medium	2025-08-09 09:21:46+00	2025-08-09 09:21:46+00	2025-08-09 09:21:46+00	11	1	f
592	j25D00AC5	t	Water is leask.	.	pending	medium	2025-10-08 05:04:01.706705+00	2025-10-08 05:04:01.706845+00	\N	8	8	f
49	j250790F6	f		.	completed	medium	2025-08-09 09:23:34+00	2025-08-09 09:23:34+00	2025-08-09 09:23:34+00	11	1	f
50	j252EE219	f		.	completed	medium	2025-08-09 09:24:40+00	2025-08-09 09:24:40+00	2025-08-09 09:24:40+00	11	1	f
51	j25A9D7EC	f		.	completed	medium	2025-08-10 09:26:38+00	2025-08-10 09:26:38+00	2025-08-10 09:26:38+00	11	1	f
52	j25B559A0	f		.	completed	medium	2025-08-11 09:28:29+00	2025-08-11 09:28:29+00	2025-08-11 09:28:29+00	11	1	f
53	j25ABAB45	f		.	completed	medium	2025-08-12 09:29:42+00	2025-08-12 09:29:42+00	2025-08-12 09:29:42+00	11	1	f
54	j2546DB23	f		.	completed	medium	2025-08-12 09:31:07+00	2025-08-12 09:31:07+00	2025-08-12 09:31:07+00	11	1	f
55	j254CF5AF	f		.	completed	medium	2025-08-31 09:32:14+00	2025-08-31 09:32:14+00	2025-08-31 09:32:14+00	11	1	f
56	j25207A22	f		.	completed	medium	2025-08-15 09:33:50+00	2025-08-15 09:33:50+00	2025-08-15 09:33:50+00	11	1	f
57	j25077BD4	f		.	completed	medium	2025-08-16 09:35:08+00	2025-08-16 09:35:08+00	2025-08-16 09:35:08+00	11	1	f
58	j25BDB6EF	f		.	completed	medium	2025-08-16 09:37:52+00	2025-08-16 09:37:52+00	2025-08-16 09:37:52+00	11	1	f
59	j252990AD	f			completed	medium	2025-08-13 09:44:31+00	2025-08-13 09:44:31+00	2025-08-13 09:44:31+00	9	1	f
60	j25015F79	f		 led	completed	medium	2025-08-14 09:46:15+00	2025-08-14 09:46:15+00	2025-08-14 09:46:15+00	9	1	f
61	j25022400	f			completed	medium	2025-08-11 09:49:17+00	2025-08-11 09:49:17+00	2025-08-11 09:49:17+00	9	1	f
62	j25D51F99	f			completed	medium	2025-08-08 09:52:07+00	2025-08-08 09:52:07+00	2025-08-08 09:52:07+00	9	1	f
63	j25A2C3FA	f			completed	medium	2025-08-09 09:55:38+00	2025-08-09 09:55:38+00	2025-08-09 09:55:38+00	9	1	f
64	j25B0381C	f		xpan 	completed	medium	2025-08-08 09:58:09+00	2025-08-08 09:58:09+00	2025-08-08 09:58:09+00	9	1	f
65	j259C1E9B	f	 	fast bond	completed	medium	2025-08-06 10:00:18+00	2025-08-06 10:00:18+00	2025-08-06 10:00:18+00	9	1	f
66	j25AE9270	f			completed	medium	2025-08-05 10:07:37+00	2025-08-05 10:07:37+00	2025-08-05 10:07:37+00	9	1	f
67	j2556C061	f			completed	medium	2025-08-18 10:08:34+00	2025-08-18 10:08:34+00	2025-08-18 10:08:34+00	9	1	f
68	j257F92F9	f			completed	medium	2025-08-04 10:10:11+00	2025-08-04 10:10:11+00	2025-08-04 10:10:11+00	9	1	f
69	j2588875B	f		  	completed	medium	2025-08-04 10:13:00+00	2025-08-04 10:13:00+00	2025-08-04 10:13:00+00	9	1	f
70	j25C1AFCA	f			completed	medium	2025-08-03 10:16:58+00	2025-08-03 10:16:58+00	2025-08-03 10:16:58+00	9	1	f
71	j2576CF5C	f		.	completed	medium	2025-08-16 10:23:17+00	2025-08-16 10:23:17+00	2025-08-16 10:23:17+00	11	1	f
72	j255144EB	f		.	completed	medium	2025-08-16 10:26:30+00	2025-08-16 10:26:30+00	2025-08-16 10:26:30+00	11	1	f
73	j25A64F23	f		.	completed	medium	2025-08-16 10:27:35+00	2025-08-16 10:27:35+00	2025-08-16 10:27:35+00	11	1	f
74	j259B80FB	f		.	completed	medium	2025-08-16 10:29:03+00	2025-08-16 10:29:03+00	2025-08-16 10:29:03+00	11	1	f
75	j255AA6CE	f		.	completed	medium	2025-08-16 10:31:25+00	2025-08-16 10:31:25+00	2025-08-16 10:31:25+00	11	1	f
76	j25090360	f		.	completed	medium	2025-08-17 10:32:53+00	2025-08-17 10:32:53+00	2025-08-17 10:32:53+00	11	1	f
77	j25FB4AA1	f		.	completed	medium	2025-08-17 10:35:05+00	2025-08-17 10:35:05+00	2025-08-17 10:35:05+00	11	1	f
78	j25A95E2F	f		.	completed	medium	2025-08-17 10:36:55+00	2025-08-17 10:36:55+00	2025-08-17 10:36:55+00	11	1	f
79	j257839C7	f		.	completed	medium	2025-08-01 10:37:47+00	2025-08-01 10:37:47+00	2025-08-01 10:37:47+00	10	1	f
80	j25C0F834	f		.	completed	medium	2025-08-18 10:37:49+00	2025-08-18 10:37:49+00	2025-08-18 10:37:49+00	11	1	f
81	j252E14BE	f		.	completed	medium	2025-08-18 10:39:48+00	2025-08-18 10:39:48+00	2025-08-18 10:39:48+00	11	1	f
82	j258554DC	f	 	.	completed	medium	2025-08-18 10:42:18+00	2025-08-18 10:42:18+00	2025-08-18 10:42:18+00	11	1	f
83	j25B95E68	f		.	completed	medium	2025-08-18 10:43:06+00	2025-08-18 10:43:06+00	2025-08-18 10:43:06+00	11	1	f
84	j253D5B0B	f		.	completed	medium	2025-08-18 10:44:43+00	2025-08-18 10:44:43+00	2025-08-18 10:44:43+00	11	1	f
85	j254E879F	f		.	completed	medium	2025-08-24 10:47:10+00	2025-08-24 10:47:10+00	2025-08-24 10:47:10+00	11	1	f
86	j25571ACA	f		.	completed	medium	2025-08-24 10:48:32+00	2025-08-24 10:48:32+00	2025-08-24 10:48:32+00	11	1	f
87	j25F012AD	f			completed	medium	2025-08-02 10:49:42+00	2025-08-02 10:49:42+00	2025-08-02 10:49:42+00	10	1	f
88	j25302C11	f		.	completed	medium	2025-08-24 10:49:49+00	2025-08-24 10:49:49+00	2025-08-24 10:49:49+00	11	1	f
89	j25FF1A88	f		.	completed	medium	2025-08-27 10:52:06+00	2025-08-27 10:52:06+00	2025-08-27 10:52:06+00	11	1	f
90	j25AA5A53	f		.	completed	medium	2025-08-02 10:52:09+00	2025-08-02 10:52:09+00	2025-08-02 10:52:09+00	10	1	f
91	j256C7774	f		.	completed	medium	2025-08-27 10:54:52+00	2025-08-27 10:54:52+00	2025-08-27 10:54:52+00	11	1	f
92	j257A7DCB	f		.	completed	medium	2025-08-27 10:55:53+00	2025-08-27 10:55:53+00	2025-08-27 10:55:53+00	11	1	f
93	j25912339	f		.	completed	medium	2025-08-27 10:57:09+00	2025-08-27 10:57:09+00	2025-08-27 10:57:09+00	11	1	f
94	j2573C3CD	f		.	completed	medium	2025-08-27 10:58:26+00	2025-08-27 10:58:26+00	2025-08-27 10:58:26+00	11	1	f
95	j2529F6BF	f		.	completed	medium	2025-08-27 10:59:24+00	2025-08-27 10:59:24+00	2025-08-27 10:59:24+00	11	1	f
96	j25601007	f		.	completed	medium	2025-08-27 11:00:24+00	2025-08-27 11:00:24+00	2025-08-27 11:00:24+00	11	1	f
97	j2509980D	f		.	completed	medium	2025-08-27 11:01:46+00	2025-08-27 11:01:46+00	2025-08-27 11:01:46+00	11	1	f
98	j25B03F89	f		.	completed	medium	2025-08-28 11:03:20+00	2025-08-28 11:03:20+00	2025-08-28 11:03:20+00	11	1	f
99	j256BFA7E	f		.	completed	medium	2025-08-28 11:05:03+00	2025-08-28 11:05:03+00	2025-08-28 11:05:03+00	11	1	f
100	j25D58BB0	f		.	completed	medium	2025-08-28 11:06:27+00	2025-08-28 11:06:27+00	2025-08-28 11:06:27+00	11	1	f
101	j257E26E6	f		 +  	completed	medium	2025-08-29 11:07:33+00	2025-09-03 02:20:56.102+00	2025-09-03 02:20:56.102+00	9	9	f
102	j25D7E005	f		.	completed	medium	2025-08-28 11:07:36+00	2025-08-28 11:07:36+00	2025-08-28 11:07:36+00	11	1	f
103	j25EA98EC	f		.	completed	medium	2025-08-28 11:10:30+00	2025-08-28 11:10:30+00	2025-08-28 11:10:30+00	11	1	f
104	j25F9EA18	f		.	completed	medium	2025-08-28 11:11:38+00	2025-08-28 11:11:38+00	2025-08-28 11:11:38+00	11	1	f
105	j251615F7	f	 /		completed	medium	2025-08-01 11:12:14+00	2025-08-01 11:12:14+00	2025-08-01 11:12:14+00	9	1	f
106	j2519E095	f		.	completed	medium	2025-08-31 11:13:12+00	2025-08-31 11:13:12+00	2025-08-31 11:13:12+00	11	1	f
107	j2593ECD2	f	  	  fastbond	completed	medium	2025-08-26 11:13:51+00	2025-08-26 11:13:51+00	2025-08-26 11:13:51+00	9	1	f
108	j25522DBF	f		.	completed	medium	2025-08-31 11:15:12+00	2025-08-31 11:15:12+00	2025-08-31 11:15:12+00	11	1	f
109	j259D69D0	f		.	completed	medium	2025-08-30 11:16:12+00	2025-08-30 11:16:12+00	2025-08-31 11:16:12+00	11	1	f
110	j251194A5	f		 	completed	medium	2025-08-27 11:16:42+00	2025-08-27 11:16:42+00	2025-08-27 11:16:42+00	9	1	f
111	j251D0695	f		.	completed	medium	2025-08-30 11:17:41+00	2025-08-30 11:17:41+00	2025-08-30 11:17:41+00	11	1	f
112	j25A5ACEF	f		..	completed	medium	2025-08-31 11:19:33+00	2025-08-31 11:19:33+00	2025-08-31 11:19:33+00	11	1	f
113	j25E1BDFF	f			completed	medium	2025-08-30 11:20:34+00	2025-08-30 11:20:34+00	2025-08-30 11:20:34+00	9	1	f
114	j25CE5ADF	f		.	completed	medium	2025-08-31 11:20:38+00	2025-08-31 11:20:38+00	2025-08-31 11:20:38+00	11	1	f
115	j2542BD83	f		.	completed	medium	2025-08-14 11:26:26+00	2025-08-14 11:26:26+00	2025-08-14 11:26:26+00	10	1	f
116	j250F74A8	f		.	completed	medium	2025-08-05 11:27:36+00	2025-08-05 11:27:36+00	2025-08-05 11:27:36+00	10	1	f
117	j2525623D	f		.	completed	medium	2025-08-06 11:28:57+00	2025-08-06 11:28:57+00	2025-08-06 11:28:57+00	10	1	f
118	j2590C78D	f		.	completed	medium	2025-08-02 11:30:16+00	2025-08-02 11:30:16+00	2025-08-02 11:30:16+00	10	1	f
119	j252B1F3F	f		.	completed	medium	2025-08-14 11:31:45+00	2025-08-14 11:31:45+00	2025-08-14 11:31:45+00	10	1	f
120	j2522814C	f		.	completed	medium	2025-08-09 11:34:02+00	2025-09-01 11:34:02.422+00	2025-08-09 11:34:02+00	10	1	f
121	j251398F0	f		.	completed	medium	2025-08-05 11:35:50+00	2025-08-05 11:35:50+00	2025-08-05 11:35:50+00	10	1	f
122	j25AEA32C	f		.	completed	medium	2025-08-05 11:36:44+00	2025-08-05 11:36:44+00	2025-08-05 11:36:44+00	10	1	f
123	j25E8397F	f		.	completed	medium	2025-08-05 11:37:44+00	2025-08-05 11:37:44+00	2025-08-05 11:37:44+00	10	1	f
124	j25BCA2D5	f		.	completed	medium	2025-08-13 11:38:47+00	2025-08-13 11:38:47+00	2025-08-13 11:38:47+00	10	1	f
125	j25595A91	f		.	completed	medium	2025-08-12 11:39:46+00	2025-08-12 11:39:46+00	2025-08-12 11:39:46+00	10	1	f
126	j2556F4A6	f		.	completed	medium	2025-08-09 11:40:40+00	2025-08-09 11:40:40+00	2025-08-09 11:40:40+00	10	1	f
127	j25FDFAAA	f		.	completed	medium	2025-08-10 11:45:03+00	2025-08-10 11:45:03+00	2025-08-10 11:45:03+00	10	1	f
128	j251BB9FA	f		.	completed	medium	2025-08-09 11:49:00+00	2025-08-09 11:49:00+00	2025-08-09 11:49:00+00	10	1	f
129	j25099CBF	f		.	completed	medium	2025-08-11 11:54:20+00	2025-08-11 11:54:20+00	2025-08-11 11:54:20+00	10	1	f
130	j25E9A4FE	f		.	completed	medium	2025-08-19 11:55:23+00	2025-08-19 11:55:23+00	2025-08-19 11:55:23+00	10	1	f
131	j259545CB	f		.	completed	medium	2025-08-20 11:56:18+00	2025-08-20 11:56:18+00	2025-08-20 11:56:18+00	10	1	f
132	j254A5DC0	f		.	completed	medium	2025-08-20 11:57:20+00	2025-08-20 11:57:20+00	2025-08-20 11:57:20+00	10	1	f
133	j2507A142	f		.	completed	medium	2025-08-23 11:58:34+00	2025-08-23 11:58:34+00	2025-08-23 11:58:34+00	10	1	f
134	j25BE3E81	f		.	completed	medium	2025-08-24 11:59:29+00	2025-08-24 11:59:29+00	2025-08-24 11:59:29+00	10	1	f
135	j252B6804	f		.	completed	medium	2025-08-23 12:00:30+00	2025-08-23 12:00:30+00	2025-08-23 12:00:30+00	10	1	f
136	j255276B5	f			completed	medium	2025-08-23 12:02:34+00	2025-08-23 12:02:34+00	2025-08-23 12:02:34+00	10	1	f
137	j252F4BAD	f		.	completed	medium	2025-08-26 12:03:58+00	2025-08-26 12:03:58+00	2025-08-26 12:03:58+00	10	1	f
617	j2596731A	t	Please  cleaning.	.	pending	medium	2025-10-08 06:17:39.67018+00	2025-10-08 06:17:39.670327+00	\N	8	8	f
138	j25B73F5C	f	 alarm 	 	completed	medium	2025-08-13 14:48:51+00	2025-08-13 14:48:51+00	2025-08-13 14:48:51+00	9	1	f
139	j25CCFB37	f		hold 	completed	medium	2025-08-12 14:53:26+00	2025-08-12 14:53:26+00	2025-08-12 14:53:26+00	9	1	f
141	j25780D72	f		.	completed	medium	2025-08-25 05:22:19+00	2025-08-25 05:22:19+00	2025-08-25 05:22:19+00	8	1	f
142	j2516383D	f		.	completed	medium	2025-08-25 05:24:47+00	2025-08-25 05:24:47+00	2025-08-25 05:24:47+00	8	1	f
143	j252599FA	f		.	completed	medium	2025-09-02 08:35:52.855+00	2025-09-02 08:35:52.855+00	2025-09-02 08:35:52.855+00	11	11	f
144	j25EA450A	f		.	completed	medium	2025-09-02 09:01:04.384+00	2025-09-02 09:01:04.384+00	2025-09-02 09:01:04.384+00	11	11	f
145	j258E7850	f		.	completed	medium	2025-09-02 09:08:10.316+00	2025-09-02 09:08:10.316+00	2025-09-02 09:08:10.316+00	10	10	f
146	j25555415	f		.	completed	medium	2025-09-02 09:10:41.58+00	2025-09-02 09:10:41.58+00	2025-09-02 09:10:41.58+00	10	10	f
147	j25C4B42B	f		.	completed	medium	2025-09-02 09:12:34.804+00	2025-09-02 09:12:34.804+00	2025-09-02 09:12:34.804+00	10	10	f
148	j25A35E7B	f		.	completed	medium	2025-09-02 09:27:35.954+00	2025-09-02 09:27:35.954+00	2025-09-02 09:27:35.954+00	11	11	f
149	j25FEA733	f		.	completed	medium	2025-09-02 09:44:31.861+00	2025-09-02 09:44:31.862+00	2025-09-02 09:44:31.862+00	10	10	f
150	j25266CD3	f		 +	completed	medium	2025-08-25 02:19:52+00	2025-08-25 02:19:52+00	2025-08-25 02:19:52+00	9	1	f
151	j25C07BE5	f			completed	medium	2025-08-25 02:29:49+00	2025-08-25 02:29:49+00	2025-08-25 02:29:49+00	9	1	f
152	j256ECF75	f		 + 	completed	medium	2025-08-25 02:32:22+00	2025-08-25 02:32:22+00	2025-08-25 02:32:22+00	9	1	f
153	j25773783	f			completed	medium	2025-08-27 02:35:02+00	2025-08-27 02:35:02+00	2025-08-27 02:35:02+00	9	1	f
154	j25E3D45C	f		 	completed	medium	2025-08-27 02:39:29+00	2025-08-27 02:39:29+00	2025-08-27 02:39:29+00	9	1	f
155	j254597A9	f			completed	medium	2025-08-27 02:42:43+00	2025-08-27 02:42:43+00	2025-08-27 02:42:43+00	9	1	f
156	j25E1BC8E	f			completed	medium	2025-08-27 02:44:42+00	2025-08-27 02:44:42+00	2025-08-27 02:44:42+00	9	1	f
157	j25803A51	f			completed	medium	2025-08-27 02:45:53+00	2025-08-27 02:45:53+00	2025-08-27 02:45:53+00	9	1	f
159	j25C12B4A	f			completed	medium	2025-08-28 02:50:27+00	2025-08-28 02:50:27+00	2025-08-28 02:50:27+00	9	1	f
160	j25447C9C	f			completed	medium	2025-08-28 04:45:54+00	2025-08-28 04:45:54+00	2025-08-28 04:45:54+00	9	1	f
161	j257E3655	f	 		completed	medium	2025-08-28 04:53:48+00	2025-08-28 04:53:48+00	2025-08-28 04:53:48+00	9	1	f
162	j2563E0BE	f		 	completed	medium	2025-09-03 08:24:53.267+00	2025-09-03 08:24:53.267+00	2025-09-03 08:24:53.267+00	9	9	f
163	j259A7EC3	f			completed	medium	2025-09-03 08:25:58.353+00	2025-09-03 08:25:58.353+00	2025-09-03 08:25:58.353+00	9	9	f
164	j25E25278	f		.	completed	medium	2025-09-03 10:27:58.818+00	2025-09-03 10:27:58.818+00	2025-09-03 10:27:58.818+00	10	10	f
165	j25C7F82E	f		.	completed	medium	2025-09-03 12:28:20.013+00	2025-09-03 12:28:20.013+00	2025-09-03 12:28:20.013+00	10	10	f
166	j2525EC36	f		.	completed	medium	2025-09-03 12:29:39.73+00	2025-09-03 12:29:39.73+00	2025-09-03 12:29:39.73+00	10	10	f
168	j2559E059	f		.	completed	medium	2025-09-03 17:20:08.477+00	2025-09-03 17:20:08.477+00	2025-09-03 17:20:08.477+00	10	10	f
169	j25210045	f		.	completed	medium	2025-09-03 17:21:33.488+00	2025-09-03 17:21:33.488+00	2025-09-03 17:21:33.488+00	10	10	f
170	j2576D819	f		.	completed	medium	2025-09-04 09:58:12.247+00	2025-09-04 10:03:36.699+00	2025-09-04 10:03:36.698+00	8	8	f
171	j25BFA424	f			completed	medium	2025-09-04 09:59:33.807+00	2025-09-04 09:59:33.807+00	2025-09-04 09:59:33.807+00	9	9	f
172	j2568F1AF	f	 lobby 	.	completed	medium	2025-09-04 15:04:02.608+00	2025-09-04 15:04:02.608+00	2025-09-04 15:04:02.608+00	10	10	f
173	j252A5833	f		.	completed	medium	2025-09-04 15:05:38.523+00	2025-09-04 15:05:38.523+00	2025-09-04 15:05:38.523+00	10	10	f
174	j25DD16FA	f		.	completed	medium	2025-09-04 15:08:39.46+00	2025-09-04 15:08:39.46+00	2025-09-04 15:08:39.46+00	10	10	f
175	j25A7B41E	f		.	completed	medium	2025-09-04 15:11:12.968+00	2025-09-04 15:11:12.968+00	2025-09-04 15:11:12.968+00	10	10	f
177	j259DE5C7	f			completed	medium	2025-09-05 04:28:00.694+00	2025-09-05 04:28:00.694+00	2025-09-05 04:28:00.694+00	9	9	f
178	j25F1A63D	f		 fastbond 	completed	medium	2025-09-05 04:35:25.1+00	2025-09-05 04:35:25.1+00	2025-09-05 04:35:25.1+00	9	9	f
179	j258AB0EE	f			completed	medium	2025-09-05 06:57:36.753+00	2025-09-05 06:57:36.753+00	2025-09-05 06:57:36.753+00	9	9	f
180	j2540C313	f			completed	medium	2025-09-05 06:58:19.908+00	2025-09-05 06:58:19.908+00	2025-09-05 06:58:19.908+00	9	9	f
181	j25D30678	f			completed	medium	2025-09-05 09:08:33.475+00	2025-09-05 09:08:33.476+00	2025-09-05 09:08:33.476+00	9	9	f
182	j25E3345D	f			completed	medium	2025-09-05 09:22:44.045+00	2025-09-06 03:20:30.016+00	2025-09-06 03:20:30.016+00	9	9	f
183	j25FB9656	f			completed	medium	2025-09-05 09:24:12.784+00	2025-09-11 06:08:49.71+00	2025-09-11 06:08:49.71+00	9	9	f
195	j2502F2A3	f			completed	medium	2025-09-05 09:41:08.991+00	2025-09-06 06:07:13.17+00	2025-09-06 06:07:13.17+00	9	9	f
201	j25221681	f		.	completed	medium	2025-09-05 15:52:43.482+00	2025-09-05 15:52:43.482+00	2025-09-05 15:52:43.482+00	11	11	f
202	j2537F08F	f			completed	medium	2025-09-06 06:05:03.332+00	2025-09-06 06:05:03.332+00	2025-09-06 06:05:03.332+00	9	9	f
203	j25547220	f			completed	medium	2025-09-06 06:06:53.087+00	2025-09-06 06:06:53.087+00	2025-09-06 06:06:53.087+00	9	9	f
204	j25C7458C	f		.	completed	medium	2025-09-06 11:48:11.558+00	2025-09-06 11:48:11.558+00	2025-09-06 11:48:11.558+00	11	11	f
205	j25A8BFB2	f	  1	.	pending	medium	2025-09-06 11:50:41.795+00	2025-09-06 11:50:41.795+00	\N	11	11	f
206	j2576F473	f	  TV	.	pending	medium	2025-09-06 12:12:14.658+00	2025-09-06 12:12:14.659+00	\N	11	11	f
207	j2581F47B	f	 	.	completed	medium	2025-09-06 13:04:53.011+00	2025-09-06 13:04:53.012+00	2025-09-06 13:04:53.012+00	11	11	f
208	j255C4689	f		.	completed	medium	2025-09-06 15:15:35.138+00	2025-09-06 15:15:35.138+00	2025-09-06 15:15:35.138+00	11	11	f
209	j256DD40F	f		.	completed	medium	2025-09-07 07:18:42.083+00	2025-09-07 07:18:42.084+00	2025-09-07 07:18:42.084+00	11	11	f
210	j255CBEDE	f	 	.	in_progress	medium	2025-09-07 08:17:12.914+00	2025-09-09 06:37:16.804+00	\N	11	8	f
212	j252315D0	f		.	completed	medium	2025-09-07 09:18:39.221+00	2025-09-07 09:18:39.222+00	2025-09-07 09:18:39.222+00	11	11	f
213	j25A29FE1	f		.	completed	medium	2025-09-07 09:26:15.619+00	2025-09-07 09:26:15.619+00	2025-09-07 09:26:15.619+00	10	10	f
214	j25403E67	f		.	completed	medium	2025-09-07 09:30:43.546+00	2025-09-07 09:30:43.546+00	2025-09-07 09:30:43.546+00	10	10	f
215	j25C09E60	f		.	completed	medium	2025-09-07 09:34:19.595+00	2025-09-07 09:34:19.595+00	2025-09-07 09:34:19.595+00	10	10	f
216	j25A61A3E	f		.	completed	medium	2025-09-07 09:35:36.483+00	2025-09-07 09:35:36.483+00	2025-09-07 09:35:36.483+00	10	10	f
217	j256B1F2B	f		.	completed	medium	2025-09-07 09:39:43.617+00	2025-09-07 09:39:43.617+00	2025-09-07 09:39:43.617+00	10	10	f
218	j2574EAC6	f		.	completed	medium	2025-09-07 11:40:15.433+00	2025-09-07 11:40:15.433+00	2025-09-07 11:40:15.433+00	11	11	f
194	j25EAFA8C	f			completed	medium	2025-09-05 09:40:30.714+00	2025-09-22 06:43:16.774877+00	2025-09-22 06:43:16.77464+00	9	9	f
192	j258EE829	f		  	completed	medium	2025-09-05 09:38:39.269+00	2025-09-22 06:43:29.445505+00	2025-09-22 06:43:29.445212+00	9	9	f
184	j253A5E33	f			completed	medium	2025-09-05 09:25:45.963+00	2025-09-22 06:43:59.565529+00	2025-09-22 06:43:59.565063+00	9	9	f
185	j250DE98E	f			completed	medium	2025-09-05 09:31:50.117+00	2025-09-22 06:44:07.1309+00	2025-09-22 06:44:07.130637+00	9	9	f
200	j2580E42B	f			completed	medium	2025-09-05 09:49:42.513+00	2025-09-22 06:44:53.9042+00	2025-09-22 06:44:53.903875+00	9	9	f
197	j25870658	f		 	completed	medium	2025-09-05 09:47:21.176+00	2025-09-22 06:45:17.533872+00	2025-09-22 06:45:17.533606+00	9	9	f
198	j25B84560	f			completed	medium	2025-09-05 09:48:01.571+00	2025-09-22 06:45:35.745988+00	2025-09-22 06:45:35.745678+00	9	9	f
199	j258C3A81	f			completed	medium	2025-09-05 09:48:51.614+00	2025-09-22 06:45:41.654945+00	2025-09-22 06:45:41.654702+00	9	9	f
193	j2595799F	f			completed	medium	2025-09-05 09:39:36.564+00	2025-09-22 07:01:33.642157+00	2025-09-22 07:01:33.641887+00	9	9	f
191	j25AF7808	f			completed	medium	2025-09-05 09:37:27.674+00	2025-09-22 07:01:51.864455+00	2025-09-22 07:01:51.864101+00	9	9	f
219	j250E66E0	f	 	.	completed	medium	2025-09-07 13:16:21.627+00	2025-09-07 13:16:21.627+00	2025-09-07 13:16:21.627+00	11	11	f
220	j2532F70B	f	  1	.	completed	medium	2025-09-08 02:10:40.129+00	2025-09-11 02:49:19.771+00	2025-09-11 02:49:19.771+00	11	8	f
188	j25D023A6	f			completed	medium	2025-09-05 09:34:59.612+00	2025-10-04 00:27:46.066924+00	2025-10-04 00:27:46.066704+00	9	9	f
186	j250538BD	f			completed	medium	2025-09-05 09:32:32.664+00	2025-10-04 00:27:50.677435+00	2025-10-04 00:27:50.67715+00	9	9	f
187	j25692E8C	f			completed	medium	2025-09-05 09:33:27.54+00	2025-10-04 00:28:02.089002+00	2025-10-04 00:28:02.088753+00	9	9	f
189	j25B78E89	f			completed	medium	2025-09-05 09:35:39.317+00	2025-10-04 00:28:05.796328+00	2025-10-04 00:28:05.796061+00	9	9	f
221	j25A6C4C7	f		.	completed	medium	2025-09-08 04:06:20.98+00	2025-09-08 04:06:20.98+00	2025-09-08 04:06:20.98+00	11	11	f
222	j253B2437	f		.	completed	medium	2025-09-08 04:29:38.664+00	2025-09-08 04:29:38.664+00	2025-09-08 04:29:38.664+00	11	11	f
223	j25A2F03A	f		.	completed	medium	2025-09-08 04:48:28.29+00	2025-09-08 04:48:28.29+00	2025-09-08 04:48:28.29+00	11	11	f
224	j25414D1E	f		.	completed	medium	2025-09-08 04:49:40.876+00	2025-09-08 04:49:40.877+00	2025-09-08 04:49:40.877+00	11	11	f
225	j255CCC92	f		.	completed	medium	2025-09-08 05:36:45.611+00	2025-09-08 05:36:45.612+00	2025-09-08 05:36:45.612+00	11	11	f
226	j25231CD4	f		.	completed	medium	2025-09-08 09:25:12.151+00	2025-09-08 09:25:12.151+00	2025-09-08 09:25:12.151+00	11	11	f
227	j259E3050	f		.	completed	medium	2025-09-08 10:04:27.03+00	2025-09-08 10:04:27.031+00	2025-09-08 10:04:27.031+00	11	11	f
228	j250CC144	f	 	.	completed	medium	2025-09-08 12:02:52.269+00	2025-09-09 06:34:49.113+00	2025-09-09 06:34:49.112+00	11	8	f
229	j2596732F	f		.	completed	medium	2025-09-08 12:06:49.628+00	2025-09-08 12:06:49.628+00	2025-09-08 12:06:49.628+00	11	11	f
230	j25055826	f	 529   429  \r\n()	.	completed	medium	2025-09-08 12:17:22.423+00	2025-09-11 02:49:33.983+00	2025-09-11 02:49:33.982+00	11	8	f
231	j25F74851	f		.	completed	medium	2025-09-08 14:36:37.768+00	2025-09-08 14:36:37.768+00	2025-09-08 14:36:37.768+00	11	11	f
232	j25EC74CE	f		.	completed	medium	2025-09-08 14:52:33.836+00	2025-09-08 14:52:33.837+00	2025-09-08 14:52:33.837+00	11	11	f
233	j253F88E2	f			completed	medium	2025-09-09 09:20:28.923+00	2025-09-09 09:20:28.923+00	2025-09-09 09:20:28.923+00	9	9	f
234	j25447081	f	 	 	completed	medium	2025-09-09 10:48:52.801+00	2025-09-09 10:48:52.801+00	2025-09-09 10:48:52.801+00	9	9	f
235	j254B4DB9	f	+  	 	completed	medium	2025-09-09 11:54:39.995+00	2025-09-09 11:54:39.995+00	2025-09-09 11:54:39.995+00	9	9	f
236	j25E1DE12	f		.	completed	medium	2025-09-09 12:46:28.903+00	2025-09-09 12:46:28.903+00	2025-09-09 12:46:28.903+00	10	10	f
237	j25CA7A15	f		.	completed	medium	2025-09-09 12:50:11.669+00	2025-09-09 12:50:11.67+00	2025-09-09 12:50:11.67+00	10	10	f
238	j25362BEA	f		.	completed	medium	2025-09-09 12:52:54.894+00	2025-09-09 12:52:54.894+00	2025-09-09 12:52:54.894+00	10	10	f
239	j25053ACC	f		.	completed	medium	2025-09-09 12:55:52.419+00	2025-09-09 12:55:52.419+00	2025-09-09 12:55:52.419+00	10	10	f
240	j258D8313	f		.	completed	medium	2025-09-10 12:04:12.589+00	2025-09-10 12:04:12.59+00	2025-09-10 12:04:12.59+00	10	10	f
241	j2505301C	f		.	completed	medium	2025-09-10 12:06:53.919+00	2025-09-10 12:06:53.919+00	2025-09-10 12:06:53.919+00	10	10	f
242	j2500B3CD	f		.	completed	medium	2025-09-11 03:24:30.191+00	2025-09-11 03:24:30.192+00	2025-09-11 03:24:30.192+00	11	11	f
243	j25033390	f		.	completed	medium	2025-09-11 03:44:08.464+00	2025-09-11 03:44:08.464+00	2025-09-11 03:44:08.464+00	11	11	f
244	j257090F0	f		.	completed	medium	2025-09-11 03:47:28.085+00	2025-09-11 03:47:28.085+00	2025-09-11 03:47:28.085+00	11	11	f
245	j258CF221	f		.	pending	medium	2025-09-11 09:04:36.646+00	2025-09-11 09:04:36.646+00	\N	11	11	f
246	j2555EE8A	f	\r\n	.	pending	medium	2025-09-11 09:11:35.871+00	2025-09-11 09:11:35.871+00	\N	11	11	f
247	j2549B714	f		.	completed	medium	2025-09-11 09:38:11.443+00	2025-09-11 09:38:11.443+00	2025-09-11 09:38:11.443+00	11	11	f
248	j25E1944E	f		.	completed	medium	2025-09-11 09:41:22.555+00	2025-09-11 09:41:22.555+00	2025-09-11 09:41:22.555+00	11	11	f
250	j259D2AA9	f		.	completed	medium	2025-09-15 08:45:30.319+00	2025-09-15 08:45:30.319+00	2025-09-15 08:45:30.319+00	11	11	f
257	j252C3C18	f		.	completed	medium	2025-09-16 18:38:29.610714+00	2025-09-16 18:38:29.610962+00	2025-09-16 18:38:29.610968+00	10	10	f
264	j259BE638	f		.	completed	medium	2025-09-16 19:12:14.464778+00	2025-09-16 19:12:14.464975+00	2025-09-16 19:12:14.46498+00	10	10	f
269	j257697E3	f		   	completed	medium	2025-09-17 10:35:46.056504+00	2025-09-17 10:35:46.056654+00	2025-09-17 10:35:46.056657+00	9	9	f
270	j25BED0E1	f			completed	medium	2025-09-17 10:39:27.800806+00	2025-09-17 10:39:27.800972+00	2025-09-17 10:39:27.800976+00	9	9	f
271	j25BD25C5	f		 +  	completed	medium	2025-09-17 10:46:54.494765+00	2025-09-17 10:46:54.494887+00	2025-09-17 10:46:54.494889+00	9	9	f
272	j25BF6B73	f			completed	medium	2025-09-17 10:49:03.608099+00	2025-09-17 10:49:03.608237+00	2025-09-17 10:49:03.608241+00	9	9	f
252	j256E8338	f		.	completed	medium	2025-09-16 13:17:28.867076+00	2025-09-17 14:37:45.820989+00	2025-09-17 14:37:45.820641+00	8	8	f
253	j25BDE5B2	f		.	completed	medium	2025-09-16 13:18:44.183244+00	2025-09-17 14:37:55.618648+00	2025-09-17 14:37:55.618096+00	8	8	f
249	j2573D304	f	  	.	completed	medium	2025-09-11 10:24:51.464+00	2025-09-18 01:41:16.128033+00	2025-09-18 01:41:16.127689+00	11	1	f
273	j25088117	f			completed	medium	2025-09-18 06:00:20.012379+00	2025-09-18 06:00:20.012526+00	2025-09-18 06:00:20.01253+00	9	9	f
274	j25EEB5D1	f			completed	medium	2025-09-18 06:32:55.602672+00	2025-09-18 06:32:55.60284+00	2025-09-18 06:32:55.602844+00	9	9	f
275	j25EB4830	f	 lobby  2 	.	completed	medium	2025-09-18 06:55:34.764078+00	2025-09-18 06:55:34.76421+00	2025-09-18 06:55:34.764213+00	10	10	f
276	j25310C83	f		.	completed	medium	2025-09-18 06:57:15.149754+00	2025-09-18 06:57:15.149961+00	2025-09-18 06:57:15.149965+00	10	10	f
277	j25628408	f		.	completed	medium	2025-09-18 06:58:40.54884+00	2025-09-18 06:58:40.548983+00	2025-09-18 06:58:40.548986+00	10	10	f
278	j25923473	f		.	completed	medium	2025-09-18 07:00:03.552548+00	2025-09-18 07:00:03.553418+00	2025-09-18 07:00:03.553426+00	10	10	f
279	j25C54FB0	f		.	completed	medium	2025-09-18 07:01:16.940276+00	2025-09-18 07:01:16.940448+00	2025-09-18 07:01:16.940452+00	10	10	f
280	j254002F4	f		.	completed	medium	2025-09-18 07:03:04.533614+00	2025-09-18 07:03:04.533783+00	2025-09-18 07:03:04.533787+00	10	10	f
281	j254A6AB7	f			completed	medium	2025-09-18 09:41:14.51711+00	2025-09-18 09:41:14.517246+00	2025-09-18 09:41:14.51725+00	9	9	f
282	j254FB5C2	f		.	completed	medium	2025-09-18 10:21:53.700495+00	2025-09-18 10:21:53.700681+00	2025-09-18 10:21:53.700688+00	11	11	f
283	j25B2B669	f		.	completed	medium	2025-09-18 10:22:49.689284+00	2025-09-18 10:22:49.68942+00	2025-09-18 10:22:49.689424+00	11	11	f
284	j25A422C9	f	 CCTV	.	completed	medium	2025-09-18 10:24:07.538507+00	2025-09-18 10:24:07.538675+00	2025-09-18 10:24:07.538679+00	11	11	f
285	j255B2B79	f	 CCTV	.	completed	medium	2025-09-18 10:24:59.419825+00	2025-09-18 10:24:59.419981+00	2025-09-18 10:24:59.419987+00	11	11	f
286	j2557EDF7	f		.	completed	medium	2025-09-18 10:59:12.67655+00	2025-09-18 10:59:12.67666+00	2025-09-18 10:59:12.676663+00	11	11	f
287	j25DF66E3	f		.	completed	medium	2025-09-18 11:00:59.243047+00	2025-09-18 11:00:59.243237+00	2025-09-18 11:00:59.243241+00	11	11	f
288	j25ED4A12	f		.	completed	medium	2025-09-18 11:02:07.666913+00	2025-09-18 11:02:07.667073+00	2025-09-18 11:02:07.667076+00	11	11	f
291	j259B1224	f		.	completed	medium	2025-09-19 10:00:23.657605+00	2025-09-19 10:00:23.657758+00	2025-09-19 10:00:23.657762+00	11	11	f
292	j257467E3	f		.	completed	medium	2025-09-19 10:24:57.769292+00	2025-09-19 10:24:57.769426+00	2025-09-19 10:24:57.769429+00	11	11	f
293	j259E51E1	f		.	completed	medium	2025-09-19 15:15:21.292095+00	2025-09-19 15:15:21.292292+00	2025-09-19 15:15:21.292297+00	11	11	f
294	j25C8C5B3	f	 +  	 	completed	medium	2025-09-20 03:34:03.068101+00	2025-09-20 03:34:03.068257+00	2025-09-20 03:34:03.06826+00	9	9	f
295	j25174297	f			completed	medium	2025-09-20 06:45:46.66977+00	2025-09-20 06:45:46.670089+00	2025-09-20 06:45:46.670102+00	9	9	f
296	j25CC4523	f		.	completed	medium	2025-09-21 03:43:02.342587+00	2025-09-21 03:43:02.342751+00	2025-09-21 03:43:02.342755+00	10	10	f
297	j25E64E9C	f		.	completed	medium	2025-09-21 03:43:50.176914+00	2025-09-21 03:43:50.177128+00	2025-09-21 03:43:50.177133+00	10	10	f
298	j2503F020	f		.	completed	medium	2025-09-21 03:44:41.114925+00	2025-09-21 03:44:41.115062+00	2025-09-21 03:44:41.115066+00	10	10	f
299	j251DF55B	f		.	completed	medium	2025-09-21 03:45:58.264217+00	2025-09-21 03:45:58.26442+00	2025-09-21 03:45:58.264424+00	10	10	f
300	j25B69923	f		.	completed	medium	2025-09-21 08:19:16.637485+00	2025-09-21 08:19:16.637643+00	2025-09-21 08:19:16.637647+00	11	11	f
301	j25693E7E	f		.	completed	medium	2025-09-21 09:08:51.601675+00	2025-09-21 09:08:51.601808+00	2025-09-21 09:08:51.601811+00	11	11	f
302	j259DCFA0	f		.	completed	medium	2025-09-21 09:10:02.590769+00	2025-09-21 09:10:02.590903+00	2025-09-21 09:10:02.590906+00	11	11	f
303	j256F8FF4	f		.	completed	medium	2025-09-21 09:11:13.392721+00	2025-09-21 09:11:13.392839+00	2025-09-21 09:11:13.392842+00	11	11	f
304	j251DF1A6	f		.	completed	medium	2025-09-21 09:12:12.158397+00	2025-09-21 09:12:12.158566+00	2025-09-21 09:12:12.158571+00	11	11	f
305	j256CFDE5	f		.	completed	medium	2025-09-21 09:13:45.800724+00	2025-09-21 09:13:45.800847+00	2025-09-21 09:13:45.800849+00	11	11	f
306	j251051AC	f		.	completed	medium	2025-09-21 09:22:10.644791+00	2025-09-21 09:22:10.644921+00	2025-09-21 09:22:10.644924+00	10	10	t
307	j252A1228	f	 	.	completed	medium	2025-09-21 09:25:28.555236+00	2025-09-21 09:25:28.555359+00	2025-09-21 09:25:28.555361+00	10	10	t
308	j256CFE25	f		.	completed	medium	2025-09-21 09:28:39.856306+00	2025-09-21 09:28:39.856434+00	2025-09-21 09:28:39.856438+00	10	10	t
309	j25CD1167	f		.	completed	medium	2025-09-21 09:30:30.278359+00	2025-09-21 09:30:30.278488+00	2025-09-21 09:30:30.278491+00	10	10	t
310	j25997346	f		.	completed	medium	2025-09-21 09:33:04.218565+00	2025-09-21 09:33:04.218706+00	2025-09-21 09:33:04.21871+00	10	10	t
311	j25901513	f		.	completed	medium	2025-09-21 09:33:14.66032+00	2025-09-21 09:33:14.660459+00	2025-09-21 09:33:14.660462+00	10	10	t
312	j25C7290E	f		.	completed	medium	2025-09-21 09:34:53.902925+00	2025-09-21 09:34:53.903043+00	2025-09-21 09:34:53.903046+00	10	10	t
313	j25FCECCE	f		.	completed	medium	2025-09-21 09:36:09.661044+00	2025-09-21 09:36:09.661207+00	2025-09-21 09:36:09.661212+00	10	10	t
314	j25DB1A00	f		.	completed	medium	2025-09-21 09:37:49.324143+00	2025-09-21 09:37:49.324262+00	2025-09-21 09:37:49.324264+00	10	10	t
315	j2557B26F	f		.	completed	medium	2025-09-21 09:39:31.883827+00	2025-09-21 09:39:31.883955+00	2025-09-21 09:39:31.883958+00	10	10	t
316	j254ED8B5	f		.	completed	medium	2025-09-21 09:41:07.660322+00	2025-09-21 09:41:07.660455+00	2025-09-21 09:41:07.660458+00	10	10	t
317	j253FEFE2	f		.	completed	medium	2025-09-21 09:42:49.823612+00	2025-09-21 09:42:49.823747+00	2025-09-21 09:42:49.82375+00	10	10	t
318	j25B17A45	f		.	completed	medium	2025-09-21 09:44:25.727551+00	2025-09-21 09:44:25.727667+00	2025-09-21 09:44:25.727671+00	10	10	t
319	j250F6F68	f		.	completed	medium	2025-09-21 09:45:29.852107+00	2025-09-21 09:45:29.852257+00	2025-09-21 09:45:29.85226+00	10	10	t
320	j25E02865	f		.	completed	medium	2025-09-21 09:46:56.705958+00	2025-09-21 09:46:56.70611+00	2025-09-21 09:46:56.706114+00	10	10	t
321	j2514D06B	f		.	completed	medium	2025-09-21 09:50:24.959824+00	2025-09-21 09:50:24.959921+00	2025-09-21 09:50:24.959923+00	10	10	t
322	j258432C7	f		.	completed	medium	2025-09-21 09:51:26.81829+00	2025-09-21 09:51:26.818458+00	2025-09-21 09:51:26.818461+00	10	10	t
323	j25B5E760	f	622  ()	.	pending	medium	2025-09-21 14:19:46.683753+00	2025-09-21 14:19:46.683894+00	\N	11	11	f
325	j257A5458	f		.	completed	medium	2025-09-22 05:53:10.6374+00	2025-09-22 05:53:10.637506+00	2025-09-22 05:53:10.637509+00	11	11	t
326	j25172568	f			completed	medium	2025-09-22 06:00:33.254747+00	2025-09-22 06:00:33.254893+00	2025-09-22 06:00:33.254896+00	9	9	t
196	j25EF29E7	f			completed	medium	2025-09-05 09:46:23.203+00	2025-09-22 06:43:02.836001+00	2025-09-22 06:43:02.835713+00	9	9	f
327	j25E7AF5D	f			completed	medium	2025-09-22 07:20:18.075355+00	2025-09-22 07:20:18.075582+00	2025-09-22 07:20:18.075586+00	9	9	f
328	j2563D673	f			completed	medium	2025-09-22 07:22:04.247457+00	2025-09-22 07:22:04.247618+00	2025-09-22 07:22:04.247622+00	9	9	t
329	j257E354D	f	+	 	completed	medium	2025-09-22 07:38:15.400481+00	2025-09-22 07:38:15.400605+00	2025-09-22 07:38:15.400613+00	9	9	t
330	j256056E9	f	+		completed	medium	2025-09-22 07:40:24.767768+00	2025-09-22 07:40:24.767894+00	2025-09-22 07:40:24.767897+00	9	9	t
331	j25874FE0	f		.	completed	medium	2025-09-22 07:50:22.345845+00	2025-09-22 07:50:22.345977+00	2025-09-22 07:50:22.345981+00	11	11	t
332	j25DA6633	f		.	completed	medium	2025-09-22 07:53:28.925454+00	2025-09-22 07:53:28.925595+00	2025-09-22 07:53:28.9256+00	11	11	t
333	j25FEB1D9	f	pu  606	   606	completed	medium	2025-09-22 07:56:40.237251+00	2025-09-22 07:56:40.237375+00	2025-09-22 07:56:40.237377+00	9	9	f
334	j250426D7	f			completed	medium	2025-09-22 08:29:29.680089+00	2025-09-22 08:29:29.680219+00	2025-09-22 08:29:29.680223+00	9	9	f
336	j259591DE	f		.	completed	medium	2025-09-22 10:48:42.162124+00	2025-09-22 10:48:42.162271+00	2025-09-22 10:48:42.162274+00	11	11	f
337	j254E19A9	f		.	completed	medium	2025-09-22 14:41:05.100961+00	2025-09-22 14:41:05.10109+00	2025-09-22 14:41:05.101093+00	10	10	t
338	j2562997D	f		.	completed	medium	2025-09-22 14:43:29.077742+00	2025-09-22 14:43:29.077889+00	2025-09-22 14:43:29.077893+00	10	10	t
339	j25FC4767	f		.	completed	medium	2025-09-22 14:45:28.508051+00	2025-09-22 14:45:28.508166+00	2025-09-22 14:45:28.508169+00	10	10	t
340	j25C230AE	f		.	completed	medium	2025-09-22 14:46:44.192414+00	2025-09-22 14:46:44.192554+00	2025-09-22 14:46:44.192558+00	10	10	t
341	j25E9D72B	f		.	completed	medium	2025-09-22 14:48:07.211459+00	2025-09-22 14:48:07.211579+00	2025-09-22 14:48:07.211583+00	10	10	t
342	j255465AE	f		.	completed	medium	2025-09-22 14:49:33.295548+00	2025-09-22 14:49:33.295683+00	2025-09-22 14:49:33.295687+00	10	10	t
343	j256944F6	f		.	completed	medium	2025-09-22 14:51:03.14264+00	2025-09-22 14:51:03.142781+00	2025-09-22 14:51:03.142784+00	10	10	t
344	j258E53BA	f		.	completed	medium	2025-09-22 14:52:15.678505+00	2025-09-22 14:52:15.678653+00	2025-09-22 14:52:15.678656+00	10	10	t
345	j25F7CBC4	f		.	completed	medium	2025-09-22 15:00:34.257077+00	2025-09-22 15:00:34.2572+00	2025-09-22 15:00:34.257203+00	10	10	t
346	j25D334E3	f		.	completed	medium	2025-09-22 15:01:48.314106+00	2025-09-22 15:01:48.314249+00	2025-09-22 15:01:48.314253+00	10	10	f
347	j256065A0	f		.	completed	medium	2025-09-22 15:02:50.903776+00	2025-09-22 15:02:50.903896+00	2025-09-22 15:02:50.903899+00	10	10	t
348	j25677EE9	f		.	completed	medium	2025-09-22 15:04:07.762123+00	2025-09-22 15:04:07.762625+00	2025-09-22 15:04:07.762634+00	10	10	t
349	j258C1E91	f		.	completed	medium	2025-09-22 15:05:10.61627+00	2025-09-22 15:05:10.616402+00	2025-09-22 15:05:10.616405+00	10	10	t
350	j25BB34B1	f		.	completed	medium	2025-09-22 15:06:54.569181+00	2025-09-22 15:06:54.569289+00	2025-09-22 15:06:54.569293+00	10	10	t
351	j25E0138C	f		.	completed	medium	2025-09-22 15:08:11.444509+00	2025-09-22 15:08:11.444672+00	2025-09-22 15:08:11.444676+00	10	10	t
352	j253C7618	f		.	completed	medium	2025-09-22 15:09:08.384346+00	2025-09-22 15:09:08.384494+00	2025-09-22 15:09:08.384497+00	10	10	t
335	j259B3A95	f	  + 	 	completed	medium	2025-09-22 08:48:33+00	2025-10-04 02:28:31.4971+00	2025-09-22 08:48:33+00	9	1	t
353	j2587F868	f		.	completed	medium	2025-09-22 15:11:14.091204+00	2025-09-22 15:11:14.091375+00	2025-09-22 15:11:14.091379+00	10	10	t
354	j2546FF1B	f		.	completed	medium	2025-09-22 15:12:38.755891+00	2025-09-22 15:12:38.756049+00	2025-09-22 15:12:38.756053+00	10	10	t
355	j25DD68FE	f		.	completed	medium	2025-09-22 15:13:53.512233+00	2025-09-22 15:13:53.512424+00	2025-09-22 15:13:53.51243+00	10	10	t
356	j25ED4CCB	f		.	completed	medium	2025-09-22 15:15:04.979523+00	2025-09-22 15:15:04.979645+00	2025-09-22 15:15:04.979649+00	10	10	t
357	j25221BF7	f		.	completed	medium	2025-09-22 15:15:55.730049+00	2025-09-22 15:15:55.730233+00	2025-09-22 15:15:55.730236+00	10	10	t
358	j25E67CE1	f		.	completed	medium	2025-09-22 15:17:08.585969+00	2025-09-22 15:17:08.586114+00	2025-09-22 15:17:08.586117+00	10	10	t
359	j2560FFAD	f		.	completed	medium	2025-09-22 15:18:05.314583+00	2025-09-22 15:18:05.314734+00	2025-09-22 15:18:05.314737+00	10	10	t
360	j25D28CF5	f		.	completed	medium	2025-09-22 15:19:41.722456+00	2025-09-22 15:19:41.722608+00	2025-09-22 15:19:41.722611+00	10	10	t
361	j25716472	f		.	completed	medium	2025-09-22 15:21:37.609813+00	2025-09-22 15:21:37.609942+00	2025-09-22 15:21:37.609946+00	10	10	t
362	j256677C3	f		.	completed	medium	2025-09-22 15:23:18.578345+00	2025-09-22 15:23:18.578469+00	2025-09-22 15:23:18.578473+00	10	10	t
363	j25021275	f	327  	.	pending	medium	2025-09-22 16:02:17.856536+00	2025-09-22 16:02:17.856657+00	\N	11	11	f
364	j250BB8A9	f		.	pending	medium	2025-09-22 16:27:09.886162+00	2025-09-22 16:27:09.886294+00	\N	10	10	f
365	j2529BEB4	f		.	completed	medium	2025-09-23 12:16:16.08657+00	2025-09-23 12:16:16.086737+00	2025-09-23 12:16:16.086743+00	10	10	t
366	j2551B62B	f		.	completed	medium	2025-09-23 12:19:23.879369+00	2025-09-23 12:19:23.879549+00	2025-09-23 12:19:23.879553+00	10	10	t
367	j25E2B3D6	f		.	completed	medium	2025-09-23 12:20:45.667028+00	2025-09-23 12:20:45.667168+00	2025-09-23 12:20:45.667173+00	10	10	t
368	j254CAF88	f		.	completed	medium	2025-09-23 12:21:43.457536+00	2025-09-23 12:21:43.457656+00	2025-09-23 12:21:43.457659+00	10	10	t
369	j258697C6	f		.	completed	medium	2025-09-23 12:23:15.648054+00	2025-09-23 12:23:15.648178+00	2025-09-23 12:23:15.64818+00	10	10	t
370	j2506B45E	f		.	completed	medium	2025-09-23 12:25:31.045108+00	2025-09-23 12:25:31.045238+00	2025-09-23 12:25:31.045242+00	10	10	t
371	j255486AC	f		.	completed	medium	2025-09-23 12:26:49.481079+00	2025-09-23 12:26:49.481281+00	2025-09-23 12:26:49.481287+00	10	10	t
372	j25DA2FA0	f		.	completed	medium	2025-09-23 12:28:11.083129+00	2025-09-23 12:28:11.083341+00	2025-09-23 12:28:11.083346+00	10	10	f
373	j2503D163	f		.	completed	medium	2025-09-23 12:29:38.048056+00	2025-09-23 12:29:38.048191+00	2025-09-23 12:29:38.048194+00	10	10	f
374	j25B5A7D1	f		.	completed	medium	2025-09-23 12:32:17.196703+00	2025-09-23 12:32:17.196837+00	2025-09-23 12:32:17.196842+00	10	10	f
375	j254F5DA0	f		.	completed	medium	2025-09-23 12:33:24.824875+00	2025-09-23 12:33:24.825019+00	2025-09-23 12:33:24.825022+00	10	10	f
376	j250136F5	f	2	.	completed	medium	2025-09-23 12:35:10.174526+00	2025-09-23 12:35:10.17492+00	2025-09-23 12:35:10.174926+00	10	10	f
377	j2586B99E	f	  		completed	medium	2025-09-23 12:45:19.752262+00	2025-09-23 12:45:19.752412+00	2025-09-23 12:45:19.752415+00	9	9	f
378	j259DEFDB	f	  		completed	medium	2025-09-23 12:46:52.708359+00	2025-09-23 12:46:52.708513+00	2025-09-23 12:46:52.708516+00	9	9	f
379	j25A1ADF3	f			completed	medium	2025-09-23 12:49:07.285018+00	2025-09-23 12:49:07.285148+00	2025-09-23 12:49:07.285151+00	9	9	f
380	j25272056	f		 	completed	medium	2025-09-23 12:50:25.458189+00	2025-09-23 12:50:25.458332+00	2025-09-23 12:50:25.458334+00	9	9	f
381	j25D5935D	f	 628 	 628	completed	medium	2025-09-23 12:51:37.641372+00	2025-09-23 12:51:37.641514+00	2025-09-23 12:51:37.641517+00	9	9	f
382	j251F72A5	f			completed	medium	2025-09-23 12:53:24.193076+00	2025-09-23 12:53:24.193224+00	2025-09-23 12:53:24.193227+00	9	9	f
383	j25E6D0EB	f			completed	medium	2025-09-23 12:54:24.574991+00	2025-09-23 12:54:24.575133+00	2025-09-23 12:54:24.575136+00	9	9	f
384	j2502A1E3	f	  		completed	medium	2025-09-23 12:56:33.052901+00	2025-09-23 12:56:33.053019+00	2025-09-23 12:56:33.053023+00	9	9	f
385	j25E5CF15	f			completed	medium	2025-09-23 12:58:09.560281+00	2025-09-23 12:58:09.560418+00	2025-09-23 12:58:09.560421+00	9	9	f
386	j25F65344	f		xpan  	completed	medium	2025-09-24 08:57:53.484786+00	2025-09-24 08:57:53.484956+00	2025-09-24 08:57:53.48496+00	9	9	f
387	j254C9DA3	f	 		completed	medium	2025-09-24 08:59:19.232143+00	2025-09-24 08:59:19.232328+00	2025-09-24 08:59:19.232331+00	9	9	t
388	j259731EA	f	  		completed	medium	2025-09-24 09:29:59.79077+00	2025-09-24 09:29:59.79091+00	2025-09-24 09:29:59.790913+00	9	9	t
389	j2560E434	f		  	completed	medium	2025-09-24 09:31:07.235594+00	2025-09-24 09:31:07.235778+00	2025-09-24 09:31:07.235783+00	9	9	t
390	j251C621D	f		\r\n  	completed	medium	2025-09-24 09:42:53.969148+00	2025-09-24 09:42:53.969287+00	2025-09-24 09:42:53.969291+00	9	9	t
391	j25914E57	f		.	completed	medium	2025-09-24 09:50:29.285931+00	2025-09-24 09:50:29.286089+00	2025-09-24 09:50:29.286092+00	10	10	t
392	j25BAE910	f		.	completed	medium	2025-09-24 09:52:47.810825+00	2025-09-24 09:52:47.811091+00	2025-09-24 09:52:47.811095+00	10	10	t
393	j257B4F8B	f		.	completed	medium	2025-09-24 09:54:22.21862+00	2025-09-24 09:54:22.218762+00	2025-09-24 09:54:22.218766+00	10	10	t
394	j25E16C5F	f		.	completed	medium	2025-09-24 09:55:20.129351+00	2025-09-24 09:55:20.129504+00	2025-09-24 09:55:20.129508+00	10	10	t
395	j25D42569	f		.	completed	medium	2025-09-24 09:56:22.714644+00	2025-09-24 09:56:22.714771+00	2025-09-24 09:56:22.714774+00	10	10	t
396	j25F63A8E	f		.	completed	medium	2025-09-24 09:58:11.586033+00	2025-09-24 09:58:11.586187+00	2025-09-24 09:58:11.586191+00	10	10	t
397	j255098D1	f		.	completed	medium	2025-09-24 09:59:10.248258+00	2025-09-24 09:59:10.248414+00	2025-09-24 09:59:10.248417+00	10	10	t
398	j25FB279B	f		.	completed	medium	2025-09-24 10:04:24.834635+00	2025-09-24 10:04:24.834778+00	2025-09-24 10:04:24.834781+00	10	10	t
399	j2550DC4C	f		.	completed	medium	2025-09-24 10:05:33.750057+00	2025-09-24 10:05:33.750183+00	2025-09-24 10:05:33.750186+00	10	10	t
400	j25214899	f		.	completed	medium	2025-09-24 10:07:27.152673+00	2025-09-24 10:07:27.152824+00	2025-09-24 10:07:27.152828+00	10	10	t
401	j2546539D	f		.	completed	medium	2025-09-24 10:11:23.33928+00	2025-09-24 10:11:23.339419+00	2025-09-24 10:11:23.339422+00	10	10	t
402	j25C9BECC	f		.	completed	medium	2025-09-24 10:12:46.746937+00	2025-09-24 10:12:46.747106+00	2025-09-24 10:12:46.747112+00	10	10	t
403	j256D8523	f	 4 	.	completed	medium	2025-09-24 10:18:07.687549+00	2025-09-24 10:18:07.687699+00	2025-09-24 10:18:07.687702+00	10	10	f
404	j2540C29D	f		.	completed	medium	2025-09-24 10:19:16.820179+00	2025-09-24 10:19:16.820328+00	2025-09-24 10:19:16.82033+00	10	10	f
405	j25928734	f		.	completed	medium	2025-09-24 10:20:10.089191+00	2025-09-24 10:20:10.089334+00	2025-09-24 10:20:10.089338+00	10	10	f
406	j25973FD6	f		.	completed	medium	2025-09-24 10:21:42.570286+00	2025-09-24 10:21:42.570434+00	2025-09-24 10:21:42.570437+00	10	10	f
407	j25944EA9	f		.	completed	medium	2025-09-24 10:22:43.837516+00	2025-09-24 10:22:43.837621+00	2025-09-24 10:22:43.837623+00	10	10	t
408	j252BADAB	f		.	completed	medium	2025-09-24 10:25:05.353647+00	2025-09-24 10:25:05.353798+00	2025-09-24 10:25:05.353801+00	10	10	f
409	j258F2C91	f	  	  	completed	medium	2025-09-24 11:23:34.187933+00	2025-09-24 11:23:34.188116+00	2025-09-24 11:23:34.18812+00	9	9	t
410	j255D5D7A	f	  	  	completed	medium	2025-09-24 11:24:36.822241+00	2025-09-24 11:24:36.822412+00	2025-09-24 11:24:36.822416+00	9	9	t
411	j25F43643	f	  	  	completed	medium	2025-09-24 11:25:33.895058+00	2025-09-24 11:25:33.895216+00	2025-09-24 11:25:33.895219+00	9	9	t
412	j25DD780D	f	  	  	completed	medium	2025-09-24 11:26:17.972149+00	2025-09-24 11:26:17.972339+00	2025-09-24 11:26:17.972344+00	9	9	t
413	j25EBFB4E	f	  	  	completed	medium	2025-09-24 11:41:52.910523+00	2025-09-24 11:41:52.910663+00	2025-09-24 11:41:52.910666+00	9	9	t
414	j250DDD87	f	  	  	completed	medium	2025-09-24 11:42:47.673037+00	2025-09-24 11:42:47.67316+00	2025-09-24 11:42:47.673163+00	9	9	t
415	j25261B5B	f	  	  	completed	medium	2025-09-24 11:56:08.524669+00	2025-09-24 11:56:08.5248+00	2025-09-24 11:56:08.524803+00	9	9	t
416	j258BD3E3	f	  	  	completed	medium	2025-09-24 11:57:02.828861+00	2025-09-24 11:57:02.829356+00	2025-09-24 11:57:02.82936+00	9	9	t
417	j25F82B2C	f	 		completed	medium	2025-09-24 13:16:57.269031+00	2025-09-24 13:16:57.269213+00	2025-09-24 13:16:57.269217+00	9	9	f
418	j252A1A1D	f	 	 	completed	medium	2025-09-24 15:25:01.752816+00	2025-09-24 15:25:01.75294+00	2025-09-24 15:25:01.752943+00	9	9	f
419	j258569E3	f		.	completed	medium	2025-09-25 02:02:23.349556+00	2025-09-25 02:02:23.349729+00	2025-09-25 02:02:23.349732+00	11	11	f
420	j2569CB2B	f		.	completed	medium	2025-09-25 03:19:44.656859+00	2025-09-25 03:19:44.657036+00	2025-09-25 03:19:44.65704+00	11	11	t
421	j25B5FBC7	f		.	completed	medium	2025-09-25 04:51:16.640006+00	2025-09-25 04:51:16.64026+00	2025-09-25 04:51:16.640263+00	11	11	f
422	j2599ABB9	f		.	completed	medium	2025-09-25 07:15:46.142918+00	2025-09-25 07:15:46.143154+00	2025-09-25 07:15:46.14316+00	11	11	t
426	j25B81A3D	f		 12  6500k  15w    E27	waiting_sparepart	medium	2025-09-25 07:57:29.368697+00	2025-09-25 07:57:29.368905+00	\N	9	9	f
441	j25BAE543	f		.	completed	medium	2025-09-26 05:18:48.018311+00	2025-09-26 05:18:48.01848+00	2025-09-26 05:18:48.018483+00	11	11	f
442	j255426B0	f	 +  	 +  	completed	medium	2025-09-26 08:36:01.346635+00	2025-09-26 08:36:01.346834+00	2025-09-26 08:36:01.34684+00	9	9	t
450	j257ED8DB	f		.	completed	medium	2025-09-27 03:45:21.036912+00	2025-09-27 03:45:21.037033+00	2025-09-27 03:45:21.037036+00	11	11	t
466	j25533858	f		.	completed	medium	2025-09-28 12:12:33.587124+00	2025-09-28 12:12:33.587262+00	2025-09-28 12:12:33.587266+00	10	10	t
473	j2583E0F7	f		.	completed	medium	2025-09-29 15:41:00.710977+00	2025-09-29 15:41:00.711169+00	2025-09-29 15:41:00.711173+00	10	10	t
481	j258A5CC1	f	 	.	completed	medium	2025-09-29 15:55:39.314949+00	2025-09-29 15:55:39.315053+00	2025-09-29 15:55:39.315057+00	10	10	t
489	j25F0BF80	f		.	completed	medium	2025-09-30 09:44:39.227069+00	2025-09-30 09:44:39.227236+00	2025-09-30 09:44:39.22724+00	11	11	f
490	j258FC7B7	f		.	completed	medium	2025-09-30 15:01:37.649644+00	2025-09-30 15:01:37.649832+00	2025-09-30 15:01:37.649836+00	10	10	f
498	j25646FAE	f		.	completed	medium	2025-09-30 15:12:53.803668+00	2025-09-30 15:12:53.80381+00	2025-09-30 15:12:53.803815+00	10	10	f
502	j25AA7C01	f	 	.	completed	medium	2025-10-02 12:46:03.908855+00	2025-10-02 12:46:03.909045+00	2025-10-02 12:46:03.909048+00	10	10	t
510	j25A93DDF	f		.	completed	medium	2025-10-02 14:53:19.92797+00	2025-10-02 14:53:19.928168+00	2025-10-02 14:53:19.928174+00	10	10	f
517	j253C2C57	f	pu + 	 608	completed	medium	2025-10-03 04:44:02.712217+00	2025-10-03 04:44:02.712409+00	2025-10-03 04:44:02.712411+00	9	9	f
521	j2509A1D6	f			completed	medium	2025-10-03 06:27:00.616569+00	2025-10-03 06:27:00.616797+00	2025-10-03 06:27:00.616801+00	9	9	f
526	j25B065DD	f		.	completed	medium	2025-10-03 09:38:56.713179+00	2025-10-03 09:38:56.713473+00	2025-10-03 09:38:56.713479+00	11	11	f
527	j255799EB	f		.	completed	medium	2025-10-03 12:56:49.14957+00	2025-10-03 12:56:49.14973+00	2025-10-03 12:56:49.149732+00	11	11	f
520	j25F8AF00	f	 + 		completed	medium	2025-10-03 05:30:30+00	2025-10-04 02:25:42.016659+00	2025-10-03 05:30:30+00	9	1	t
458	j255C14DC	f	 lobby 	 	completed	medium	2025-09-27 10:15:56+00	2025-10-04 02:26:27.350959+00	2025-09-27 10:15:56+00	9	1	t
433	j25A344AD	f	 	 	completed	medium	2025-09-25 09:54:55+00	2025-10-04 02:26:51.722563+00	2025-09-25 09:54:55+00	9	1	t
528	j254FA183	f		3	completed	medium	2025-10-04 04:39:36.25163+00	2025-10-04 04:39:36.251812+00	2025-10-04 04:39:36.251816+00	9	9	f
529	j251180E6	f		.	completed	medium	2025-10-04 08:44:56.554819+00	2025-10-04 08:44:56.554975+00	2025-10-04 08:44:56.554978+00	11	11	f
140	j25B36937	f			completed	medium	2025-08-25 05:21:38+00	2025-10-07 09:12:48.64286+00	2025-10-07 09:12:48.642562+00	8	8	f
552	j2566EDFF	f		.	completed	medium	2025-10-07 12:50:35.597807+00	2025-10-07 12:50:35.597955+00	2025-10-07 12:50:35.597958+00	10	10	f
568	j25612464	t	Shower bathroom door dirty	Shower bathroom door dirty	pending	medium	2025-10-08 03:47:26.194501+00	2025-10-08 03:47:26.194621+00	\N	15	15	f
576	j253F2AC9	t	Deep clean Cove light	Deep clean cove light	pending	medium	2025-10-08 04:34:29.836129+00	2025-10-08 04:34:29.836242+00	\N	15	15	f
584	j25EA5CB4	t	Deep clean tissue holder	Deep clean tissue holder	pending	medium	2025-10-08 04:50:49.965253+00	2025-10-08 04:50:49.965364+00	\N	15	15	f
593	j25E02FCD	t	Improper installation	.	pending	medium	2025-10-08 05:04:59.394524+00	2025-10-08 05:04:59.394647+00	\N	8	8	f
601	j25F2731F	t	Mirror not close properly	Mirror not close properly	pending	medium	2025-10-08 05:41:06.995472+00	2025-10-08 05:41:06.995591+00	\N	15	15	f
609	j25CA34A4	t	Please  cleaning	Need cleaning	pending	medium	2025-10-08 06:06:44.487089+00	2025-10-08 06:06:44.487219+00	\N	8	8	f
618	j25A84404	f	 608	 	completed	medium	2025-10-09 03:59:03.012952+00	2025-10-09 03:59:03.013126+00	2025-10-09 03:59:03.013129+00	9	9	f
619	j253E492C	f		.	completed	medium	2025-10-09 07:58:47.730167+00	2025-10-09 07:58:47.730305+00	2025-10-09 07:58:47.730308+00	11	11	f
560	j25CD36BE	f			completed	medium	2025-10-08 00:40:07.964436+00	2025-10-10 06:56:01.793148+00	2025-10-10 06:56:01.792569+00	9	9	f
622	j257AD35C	f			completed	medium	2025-10-10 06:57:09.762881+00	2025-10-10 06:57:09.763019+00	2025-10-10 06:57:09.763022+00	9	9	f
630	j25E7D7C5	f			completed	medium	2025-10-11 09:14:30.534452+00	2025-10-11 09:14:30.534611+00	2025-10-11 09:14:30.534615+00	9	9	f
638	j2573FA50	t	Mirror not close properly	Mirror not close properly	pending	medium	2025-10-14 02:39:43.612412+00	2025-10-14 02:39:43.612547+00	\N	15	15	f
646	j253E6D01	t	Pole repaint	Pole repaint	pending	medium	2025-10-14 03:24:12.152515+00	2025-10-14 03:24:12.152651+00	\N	15	15	f
654	j25D6B225	t	Mirror not close properly	Mirror not close properly	pending	medium	2025-10-14 03:40:55.127627+00	2025-10-14 03:40:55.127752+00	\N	15	15	f
423	j258B4D7B	f		.	completed	medium	2025-09-25 07:19:47.245813+00	2025-09-25 07:19:47.245955+00	2025-09-25 07:19:47.245958+00	11	11	t
427	j250161C1	f		.	completed	medium	2025-09-25 08:22:41.822459+00	2025-09-25 08:22:41.822628+00	2025-09-25 08:22:41.822631+00	11	11	t
434	j25DE0C72	f	internet 	 switch 6 	completed	medium	2025-09-25 12:04:39.016727+00	2025-09-25 12:04:39.016861+00	2025-09-25 12:04:39.016867+00	9	9	f
443	j25767211	f	 +  	 +  	completed	medium	2025-09-26 08:36:51.551235+00	2025-09-26 08:36:51.551386+00	2025-09-26 08:36:51.55139+00	9	9	t
451	j25F1D444	f		.	completed	medium	2025-09-27 03:46:12.572741+00	2025-09-27 03:46:12.572852+00	2025-09-27 03:46:12.572855+00	11	11	t
459	j258F5859	f			completed	medium	2025-09-27 11:09:38.981632+00	2025-09-27 11:09:38.981744+00	2025-09-27 11:09:38.981748+00	9	9	f
467	j25950A28	f		.	completed	medium	2025-09-28 12:13:35.62718+00	2025-09-28 12:13:35.627326+00	2025-09-28 12:13:35.627329+00	10	10	t
474	j25E5BE1E	f		.	completed	medium	2025-09-29 15:42:12.999863+00	2025-09-29 15:42:13.000063+00	2025-09-29 15:42:13.000067+00	10	10	f
482	j25312E29	f		.	completed	medium	2025-09-30 03:33:05.507014+00	2025-09-30 03:33:05.50713+00	2025-09-30 03:33:05.507133+00	11	11	f
491	j25654F0A	f		.	completed	medium	2025-09-30 15:02:55.526993+00	2025-09-30 15:02:55.527143+00	2025-09-30 15:02:55.527146+00	10	10	f
499	j25588F71	f		   	pending	medium	2025-10-01 05:15:03.610912+00	2025-10-01 05:15:03.611335+00	\N	9	9	f
503	j2538B705	f		.	completed	medium	2025-10-02 12:48:24.341062+00	2025-10-02 12:48:24.342209+00	2025-10-02 12:48:24.342217+00	10	10	t
511	j2596A811	f		.	completed	medium	2025-10-02 14:55:05.975106+00	2025-10-02 14:55:05.975245+00	2025-10-02 14:55:05.975249+00	10	10	f
518	j2586E8B2	f		 fast bond 	completed	medium	2025-10-03 04:45:22.108692+00	2025-10-03 04:45:22.108883+00	2025-10-03 04:45:22.108886+00	9	9	f
522	j25FC71A3	f		.	completed	medium	2025-10-03 07:31:34.917813+00	2025-10-03 07:31:34.917974+00	2025-10-03 07:31:34.917978+00	11	11	f
190	j25C145F5	f			completed	medium	2025-09-05 09:36:12.615+00	2025-10-04 00:27:38.783358+00	2025-10-04 00:27:38.783052+00	9	9	f
530	j25AAE56B	f			completed	medium	2025-10-04 10:00:33.694364+00	2025-10-04 10:00:33.694524+00	2025-10-04 10:00:33.694528+00	9	9	f
538	j256005E1	f		.	completed	medium	2025-10-06 12:57:56.079257+00	2025-10-06 12:57:56.079396+00	2025-10-06 12:57:56.079399+00	11	11	f
545	j2567E5D8	f	 3	.	completed	medium	2025-10-07 12:39:45.064216+00	2025-10-07 12:39:45.064431+00	2025-10-07 12:39:45.064441+00	10	10	f
553	j25FE79C4	f		.	completed	medium	2025-10-07 12:51:30.731555+00	2025-10-07 12:51:30.731689+00	2025-10-07 12:51:30.731692+00	10	10	f
561	j2521B788	f	 covelight 	 	completed	medium	2025-10-08 03:26:57.717374+00	2025-10-08 03:26:57.717499+00	2025-10-08 03:26:57.717501+00	9	9	f
569	j2578C487	t	Scratch marks in bathroom	Scratch marks in bathroom	pending	medium	2025-10-08 03:49:05.075757+00	2025-10-08 03:49:05.075906+00	\N	15	15	f
577	j25DAE1F6	t	Repaint wall	Repaint wall	pending	medium	2025-10-08 04:36:22.872007+00	2025-10-08 04:36:22.872134+00	\N	15	15	f
585	j25C19077	t	Improper installation	Re sealing	pending	medium	2025-10-08 04:51:22.969639+00	2025-10-08 04:51:22.969788+00	\N	8	8	f
594	j25EACFB7	t	Improper installation	.	pending	medium	2025-10-08 05:07:10.663747+00	2025-10-08 05:07:10.663885+00	\N	8	8	f
602	j256390CF	t	Bathroom door dirt	Bathroom door dirty	pending	medium	2025-10-08 05:42:42.58847+00	2025-10-08 05:42:42.588596+00	\N	15	15	f
610	j25436A58	t	The shower door bathroom not close properly	The shower door bathroom not close properly	pending	medium	2025-10-08 06:08:57.624959+00	2025-10-08 06:08:57.625139+00	\N	15	15	f
620	j25A2739B	f			completed	medium	2025-10-09 08:40:13.087585+00	2025-10-09 08:40:13.087727+00	2025-10-09 08:40:13.08773+00	9	9	f
623	j258616E5	f	 		completed	medium	2025-10-10 06:57:43.333505+00	2025-10-10 06:57:43.333657+00	2025-10-10 06:57:43.333663+00	9	9	f
631	j25ABFB3B	f		.	completed	medium	2025-10-11 14:34:12.051302+00	2025-10-11 14:34:12.051423+00	2025-10-11 14:34:12.051427+00	11	11	f
639	j25D561EE	t	Pole  color not smooth can repaint again	Pole color not smooth can repaint again	pending	medium	2025-10-14 02:50:13.6256+00	2025-10-14 02:50:13.625726+00	\N	15	15	f
647	j2533B821	t	Water leaking	Water leaking	pending	medium	2025-10-14 03:28:13.18597+00	2025-10-14 03:28:13.186086+00	\N	15	15	f
655	j259763F4	t	Wall repaint	Wall repaint	pending	medium	2025-10-14 03:41:48.216264+00	2025-10-14 03:41:48.216413+00	\N	15	15	f
656	j257297EF	f		.	completed	medium	2025-10-14 09:43:45.753794+00	2025-10-14 09:43:45.753915+00	2025-10-14 09:43:45.753919+00	10	10	f
666	j25856071	f		.	completed	medium	2025-10-15 11:26:28.436913+00	2025-10-15 11:26:28.437031+00	2025-10-15 11:26:28.437035+00	10	10	f
673	j25185B79	f			completed	medium	2025-10-16 04:14:47+00	2025-10-16 05:16:37.320695+00	2025-10-16 04:14:47+00	9	1	t
685	j25F94839	f			completed	medium	2025-10-18 07:55:22.562024+00	2025-10-18 07:55:22.562192+00	2025-10-18 07:55:22.562197+00	9	9	f
692	j253A1329	f		.	completed	medium	2025-10-18 11:01:41.8176+00	2025-10-18 11:01:41.817751+00	2025-10-18 11:01:41.817755+00	11	11	f
699	j25C61232	f		.	completed	medium	2025-10-20 03:13:37.124395+00	2025-10-20 03:13:37.124543+00	2025-10-20 03:13:37.124546+00	11	11	f
706	j256E41A7	f		.	completed	medium	2025-10-20 05:18:16.139488+00	2025-10-20 05:18:16.139608+00	2025-10-20 05:18:16.139611+00	11	11	f
713	j25FD8004	f		.	completed	medium	2025-10-21 02:27:30.451187+00	2025-10-21 02:27:30.451424+00	2025-10-21 02:27:30.451428+00	11	11	f
720	j2565F3BB	f	 	.	completed	medium	2025-10-21 08:30:42.912957+00	2025-10-21 08:30:42.91308+00	2025-10-21 08:30:42.913083+00	11	11	f
424	j25AABCCD	f		.	completed	medium	2025-09-25 07:21:34.849103+00	2025-09-25 07:21:34.849297+00	2025-09-25 07:21:34.849301+00	11	11	t
428	j253530C2	f		.	completed	medium	2025-09-25 08:41:54.136863+00	2025-09-25 08:41:54.13702+00	2025-09-25 08:41:54.137024+00	11	11	t
435	j25809AF2	f	 	fast bond 	completed	medium	2025-09-25 12:13:44.444143+00	2025-09-25 12:13:44.444284+00	2025-09-25 12:13:44.44429+00	9	9	f
444	j2505A268	f	 	.	completed	medium	2025-09-26 08:43:04.541746+00	2025-09-26 08:43:04.542075+00	2025-09-26 08:43:04.542081+00	11	11	f
452	j25157EFD	f		.	completed	medium	2025-09-27 04:17:30.685513+00	2025-09-27 04:17:30.685641+00	2025-09-27 04:17:30.685645+00	11	11	f
460	j257DC65A	f	  508 509	.	completed	medium	2025-09-28 04:38:20.699075+00	2025-09-28 04:38:20.699204+00	2025-09-28 04:38:20.699207+00	11	11	t
468	j25DEF1D5	f		.	completed	medium	2025-09-29 07:31:03.381217+00	2025-09-29 07:31:03.381361+00	2025-09-29 07:31:03.381364+00	11	11	f
475	j259646FF	f		.	completed	medium	2025-09-29 15:44:39.824765+00	2025-09-29 15:44:39.82486+00	2025-09-29 15:44:39.824863+00	10	10	f
483	j25CCDE39	f		.	completed	medium	2025-09-30 03:56:23.758347+00	2025-09-30 03:56:23.758472+00	2025-09-30 03:56:23.758475+00	11	11	f
492	j25B36ED1	f		.	completed	medium	2025-09-30 15:04:14.793358+00	2025-09-30 15:04:14.793511+00	2025-09-30 15:04:14.793514+00	10	10	f
500	j251B8892	f	+ 	 	completed	medium	2025-10-01 05:17:46.552382+00	2025-10-01 05:17:46.552558+00	2025-10-01 05:17:46.552562+00	9	9	f
504	j25FE1634	f		.	completed	medium	2025-10-02 12:50:13.630923+00	2025-10-02 12:50:13.631054+00	2025-10-02 12:50:13.631057+00	10	10	t
512	j253EA565	f		.	completed	medium	2025-10-02 14:55:53.793437+00	2025-10-02 14:55:53.793565+00	2025-10-02 14:55:53.79357+00	10	10	f
519	j2548815B	f			completed	medium	2025-10-03 04:47:03.837666+00	2025-10-03 04:47:03.837841+00	2025-10-03 04:47:03.837845+00	9	9	f
523	j25770022	f		.	completed	medium	2025-10-03 08:18:43.836424+00	2025-10-03 08:18:43.836549+00	2025-10-03 08:18:43.836551+00	11	11	t
176	j25750235	f			completed	medium	2025-09-05 04:07:58.972+00	2025-10-04 00:27:57.375126+00	2025-10-04 00:27:57.374885+00	9	9	f
531	j252BCB1D	f		.	completed	medium	2025-10-04 11:55:26.790532+00	2025-10-04 11:55:26.790652+00	2025-10-04 11:55:26.790656+00	11	11	f
539	j25327133	f			completed	medium	2025-10-07 04:01:08.266742+00	2025-10-07 04:01:08.266875+00	2025-10-07 04:01:08.266879+00	9	9	f
546	j25399F01	f		.	completed	medium	2025-10-07 12:41:55.693229+00	2025-10-07 12:41:55.693582+00	2025-10-07 12:41:55.693585+00	10	10	f
554	j25F535A8	f		.	completed	medium	2025-10-07 12:52:27.602886+00	2025-10-07 12:52:27.603028+00	2025-10-07 12:52:27.603031+00	10	10	f
570	j25698A26	t	Not securely installed.	Not securely installed.	pending	medium	2025-10-08 03:51:52.60763+00	2025-10-08 03:51:52.607754+00	\N	15	15	f
578	j25534900	t	Deep clean cove light	Deep clean cove light	pending	medium	2025-10-08 04:37:46.052541+00	2025-10-08 04:37:46.052678+00	\N	15	15	f
586	j25A0ADF9	t	Tower set leaning	Tower set leaning	pending	medium	2025-10-08 04:54:37.608572+00	2025-10-08 04:54:37.608672+00	\N	15	15	f
595	j25B27002	t	Repaint wall beside mirror	Repaint wall beside mirror	pending	medium	2025-10-08 05:07:41.952823+00	2025-10-08 05:07:41.952952+00	\N	15	15	f
603	j255E5236	t	Deep clean master control	Deep clean master control	pending	medium	2025-10-08 05:44:59.962761+00	2025-10-08 05:44:59.962882+00	\N	15	15	f
611	j2505EF04	t	Repaint wall in the bathroom	Repaint wall in the bathroom	pending	medium	2025-10-08 06:10:48.249502+00	2025-10-08 06:10:48.249625+00	\N	15	15	f
621	j2554F3BD	f	 6	 	completed	medium	2025-10-09 08:41:22.798826+00	2025-10-10 06:55:43.964738+00	2025-10-10 06:55:43.964479+00	9	9	f
624	j25C4C73B	f			completed	medium	2025-10-10 06:58:36.054191+00	2025-10-10 06:58:36.054332+00	2025-10-10 06:58:36.054338+00	9	9	f
640	j25D25455	t	Mirror not close properly	Mirror not close properly	pending	medium	2025-10-14 02:56:59.857942+00	2025-10-14 02:56:59.85806+00	\N	15	15	f
648	j25BB39CA	t	Pole repaint	Pole repaint	pending	medium	2025-10-14 03:31:29.00983+00	2025-10-14 03:31:29.009958+00	\N	15	15	f
657	j2519B6F4	f		.	completed	medium	2025-10-14 09:44:58.964439+00	2025-10-14 09:44:58.964591+00	2025-10-14 09:44:58.964595+00	10	10	f
660	j25536759	f			completed	medium	2025-10-15 09:34:01.108557+00	2025-10-15 09:34:01.108707+00	2025-10-15 09:34:01.108711+00	9	9	f
667	j25D950A7	f		.	completed	medium	2025-10-15 11:27:17.909504+00	2025-10-15 11:27:17.909617+00	2025-10-15 11:27:17.90962+00	10	10	f
674	j2535DDDA	f			completed	medium	2025-10-16 04:16:29+00	2025-10-16 05:15:15.550275+00	2025-10-16 04:16:29+00	9	1	t
675	j25144C77	f		 	completed	medium	2025-10-16 05:54:45.554839+00	2025-10-16 05:54:45.554974+00	2025-10-16 05:54:45.554977+00	9	9	f
679	j259C1C2B	f		.	completed	medium	2025-10-17 15:36:55.26109+00	2025-10-17 15:36:55.261251+00	2025-10-17 15:36:55.261256+00	11	11	f
686	j25BA4009	f		.	completed	medium	2025-10-18 08:15:20.388891+00	2025-10-18 08:15:20.389016+00	2025-10-18 08:15:20.389019+00	11	11	f
693	j25394E75	f		.	completed	medium	2025-10-18 11:02:17.563723+00	2025-10-18 11:02:17.563867+00	2025-10-18 11:02:17.56387+00	11	11	f
700	j255369E6	f		.	completed	medium	2025-10-20 03:14:23.547068+00	2025-10-20 03:14:23.547238+00	2025-10-20 03:14:23.547242+00	11	11	f
707	j258E8211	f		.	completed	medium	2025-10-20 05:34:27.456809+00	2025-10-20 05:34:27.456927+00	2025-10-20 05:34:27.45693+00	11	11	f
714	j2530F980	f			completed	medium	2025-10-21 03:59:46.488636+00	2025-10-21 03:59:46.48881+00	2025-10-21 03:59:46.488814+00	9	9	f
425	j2515EAFF	f		.	completed	medium	2025-09-25 07:30:54.794426+00	2025-09-25 07:30:54.794713+00	2025-09-25 07:30:54.794719+00	11	11	t
324	j254A124D	f	606  	.	pending	medium	2025-09-21 14:21:57.041472+00	2025-09-25 09:00:15.440901+00	2025-09-25 08:59:57.903462+00	11	11	f
436	j25B7FB76	f	 		completed	medium	2025-09-25 14:38:48.214232+00	2025-09-25 14:38:48.214362+00	2025-09-25 14:38:48.214364+00	9	9	f
445	j2562A88C	f	 		completed	medium	2025-09-26 08:53:04.928308+00	2025-09-26 08:53:04.928448+00	2025-09-26 08:53:04.928451+00	9	9	f
453	j255C9C7A	f		.	completed	medium	2025-09-27 05:24:24.868619+00	2025-09-27 05:24:24.868885+00	2025-09-27 05:24:24.868888+00	11	11	f
461	j253A2B32	f			completed	medium	2025-09-28 11:59:30.215961+00	2025-09-28 11:59:30.216086+00	2025-09-28 11:59:30.216089+00	10	10	f
469	j25941976	f		.	completed	medium	2025-09-29 07:32:05.507713+00	2025-09-29 07:32:05.507841+00	2025-09-29 07:32:05.507844+00	11	11	f
476	j25F5916B	f		.	completed	medium	2025-09-29 15:45:48.783372+00	2025-09-29 15:45:48.783576+00	2025-09-29 15:45:48.783581+00	10	10	f
484	j2581CB6A	f		.	completed	medium	2025-09-30 04:18:31.585449+00	2025-09-30 04:18:31.585583+00	2025-09-30 04:18:31.585587+00	11	11	f
493	j251AE5F6	f	 4	.	completed	medium	2025-09-30 15:05:28.261586+00	2025-09-30 15:05:28.261781+00	2025-09-30 15:05:28.261785+00	10	10	f
501	j255B1BC8	f	 generators		completed	medium	2025-10-01 05:20:56.518036+00	2025-10-01 05:20:56.518206+00	2025-10-01 05:20:56.518209+00	9	9	f
505	j258C4482	f		.	completed	medium	2025-10-02 12:54:06.641996+00	2025-10-02 12:54:06.642131+00	2025-10-02 12:54:06.642133+00	10	10	t
513	j25C39825	f		.	completed	medium	2025-10-02 14:58:05.735368+00	2025-10-02 14:58:05.735591+00	2025-10-02 14:58:05.735594+00	10	10	f
524	j2553A3C0	f		.	completed	medium	2025-10-03 08:48:16.270219+00	2025-10-03 08:48:16.270376+00	2025-10-03 08:48:16.270379+00	11	11	t
532	j259F7812	f		.	completed	medium	2025-10-04 11:59:18.087008+00	2025-10-04 11:59:18.087118+00	2025-10-04 11:59:18.087121+00	11	11	f
540	j25A0DA55	f			completed	medium	2025-10-07 04:01:53.527004+00	2025-10-07 04:01:53.527141+00	2025-10-07 04:01:53.527144+00	9	9	f
547	j25E2D972	f		.	completed	medium	2025-10-07 12:44:30.51235+00	2025-10-07 12:44:30.512529+00	2025-10-07 12:44:30.512533+00	10	10	f
555	j254FE4D9	f		.	completed	medium	2025-10-07 12:53:11.66251+00	2025-10-07 12:53:11.66264+00	2025-10-07 12:53:11.662642+00	10	10	f
563	j2521B2FE	t	Washbasin water leaking	Washbasin water leaking	pending	medium	2025-10-08 03:37:58.299173+00	2025-10-08 03:37:58.299334+00	\N	15	15	f
571	j25F95502	t	Bathroom door dirty	Bathroom door dirty	pending	medium	2025-10-08 03:53:38.087477+00	2025-10-08 03:53:38.087609+00	\N	15	15	f
579	j25BC2EAD	t	Improper installation	Re install	pending	medium	2025-10-08 04:39:10.281583+00	2025-10-08 04:39:10.281715+00	\N	8	8	f
587	j25A8B856	t	Improper installation	Re install.	pending	medium	2025-10-08 04:55:50.576975+00	2025-10-08 04:55:50.577141+00	\N	8	8	f
596	j25B2FE69	t	Need clean.	.	pending	medium	2025-10-08 05:08:13.543401+00	2025-10-08 05:08:13.54355+00	\N	8	8	f
604	j25B1B819	t	The door hard close.	.	pending	medium	2025-10-08 05:48:16.620231+00	2025-10-08 05:48:16.620372+00	\N	8	8	f
612	j258BB7B9	t	Mirror not close properly	Mirror not close properly	pending	medium	2025-10-08 06:12:44.216216+00	2025-10-08 06:12:44.216417+00	\N	15	15	f
625	j259319CC	f		.	completed	medium	2025-10-10 08:25:09.009717+00	2025-10-10 08:25:09.00988+00	2025-10-10 08:25:09.009885+00	11	11	f
633	j25CA4386	f			completed	medium	2025-10-12 03:36:23.296324+00	2025-10-12 03:36:23.296457+00	2025-10-12 03:36:23.29646+00	9	9	f
641	j25534BD7	t	Mirror not close properly	Mirror not close properly	pending	medium	2025-10-14 02:58:11.88128+00	2025-10-14 02:58:11.881398+00	\N	15	15	f
649	j257B6580	t	Mirror not close properly	Mirror not close properly	pending	medium	2025-10-14 03:32:30.931532+00	2025-10-14 03:32:30.931736+00	\N	15	15	f
658	j25F61EF7	f	 3	.	completed	medium	2025-10-14 09:46:52.508108+00	2025-10-14 09:46:52.508282+00	2025-10-14 09:46:52.508285+00	10	10	f
661	j2581DA9B	f	 	  ()	completed	medium	2025-10-15 09:36:55.517055+00	2025-10-15 09:36:55.517194+00	2025-10-15 09:36:55.517198+00	9	9	f
668	j2545C522	f		.	completed	medium	2025-10-15 11:32:32.456399+00	2025-10-15 11:32:32.456487+00	2025-10-15 11:32:32.45649+00	10	10	f
676	j25B32AA7	f	   2 		completed	medium	2025-10-17 02:55:41.250177+00	2025-10-17 02:55:41.250346+00	2025-10-17 02:55:41.250349+00	9	9	f
680	j25294DF8	f			completed	medium	2025-10-17 23:30:06.494807+00	2025-10-17 23:30:06.495006+00	2025-10-17 23:30:06.49501+00	9	9	f
687	j2508A44E	f		.	completed	medium	2025-10-18 08:57:45.74898+00	2025-10-18 08:57:45.74908+00	2025-10-18 08:57:45.749081+00	11	11	f
694	j2540E61F	f		.	completed	medium	2025-10-19 03:02:01.294442+00	2025-10-19 03:02:01.294575+00	2025-10-19 03:02:01.294578+00	11	11	f
701	j25345FAA	f		.	completed	medium	2025-10-20 03:55:06.473028+00	2025-10-20 03:55:06.47321+00	2025-10-20 03:55:06.473215+00	11	11	f
708	j25C08BA9	f		.	completed	medium	2025-10-20 15:09:42.176657+00	2025-10-20 15:09:42.176807+00	2025-10-20 15:09:42.176811+00	10	10	f
715	j2579C07D	f			completed	medium	2025-10-21 04:01:44.340126+00	2025-10-21 04:01:44.340314+00	2025-10-21 04:01:44.340318+00	9	9	f
429	j256986F0	f	 \r\n	.	completed	medium	2025-09-25 09:01:57.645233+00	2025-09-25 09:01:57.645381+00	2025-09-25 09:01:57.645386+00	11	11	f
437	j253C0612	f		.	completed	medium	2025-09-26 04:29:14.771685+00	2025-09-26 04:29:14.771852+00	2025-09-26 04:29:14.771855+00	11	11	t
446	j2501A2E1	f		.	completed	medium	2025-09-27 02:39:39.177297+00	2025-09-27 02:39:39.177417+00	2025-09-27 02:39:39.17742+00	11	11	t
454	j2523A768	f		.	completed	medium	2025-09-27 05:34:30.296668+00	2025-09-27 05:34:30.296795+00	2025-09-27 05:34:30.296798+00	11	11	f
462	j25EB145C	f		.	completed	medium	2025-09-28 12:01:37.205254+00	2025-09-28 12:01:37.205417+00	2025-09-28 12:01:37.205421+00	10	10	t
470	j25D7117E	f		.	completed	medium	2025-09-29 07:32:49.718476+00	2025-09-29 07:32:49.718601+00	2025-09-29 07:32:49.718605+00	11	11	f
477	j25547982	f	make up		completed	medium	2025-09-29 15:49:08.19056+00	2025-09-29 15:49:08.190686+00	2025-09-29 15:49:08.19069+00	10	10	f
485	j25347463	f		.	completed	medium	2025-09-30 04:49:21.331513+00	2025-09-30 04:49:21.331654+00	2025-09-30 04:49:21.331657+00	11	11	t
494	j25389E5F	f		.	completed	medium	2025-09-30 15:06:26.424713+00	2025-09-30 15:06:26.424857+00	2025-09-30 15:06:26.424859+00	10	10	f
506	j250EC229	f		.	completed	medium	2025-10-02 12:55:44.92874+00	2025-10-02 12:55:44.928867+00	2025-10-02 12:55:44.928872+00	10	10	t
514	j2574CBBA	f			completed	medium	2025-10-02 22:34:02.716277+00	2025-10-02 22:34:02.716781+00	2025-10-02 22:34:02.71679+00	9	9	f
525	j25A52876	f		.	completed	medium	2025-10-03 09:16:00.486675+00	2025-10-03 09:16:00.486805+00	2025-10-03 09:16:00.486809+00	11	11	f
533	j25A5195F	f		.	completed	medium	2025-10-05 08:00:03.146206+00	2025-10-05 08:00:03.146355+00	2025-10-05 08:00:03.146359+00	11	11	f
541	j2502FD91	f			completed	medium	2025-10-07 04:03:35.888706+00	2025-10-07 04:03:35.888843+00	2025-10-07 04:03:35.888846+00	9	9	f
548	j25DF1613	f		.	completed	medium	2025-10-07 12:46:56.642258+00	2025-10-07 12:46:56.642373+00	2025-10-07 12:46:56.642376+00	10	10	f
556	j25EBB8CB	f		.	completed	medium	2025-10-07 12:55:41.182843+00	2025-10-07 12:55:41.182966+00	2025-10-07 12:55:41.18297+00	10	10	t
564	j2518185A	t	Bumper dirty	Bumper dirty	pending	medium	2025-10-08 03:39:36.883447+00	2025-10-08 03:39:36.883577+00	\N	15	15	f
572	j25E06C86	t	The door shower room doesnt close properly	The door shower room doesnt close properly	pending	medium	2025-10-08 04:15:32.823387+00	2025-10-08 04:15:32.823525+00	\N	15	15	f
580	j253A86C0	t	Mirror not close properly	Mirror not close properly	pending	medium	2025-10-08 04:44:07.588609+00	2025-10-08 04:44:07.588742+00	\N	15	15	f
588	j2573F394	t	Improper installation	.	pending	medium	2025-10-08 05:00:35.025242+00	2025-10-08 05:00:35.025354+00	\N	8	8	f
597	j25E3CB34	t	Rubber bumper fix	Rubber bumper	pending	medium	2025-10-08 05:15:38.592858+00	2025-10-08 05:15:38.593002+00	\N	15	15	f
605	j256C91B8	f			completed	medium	2025-10-08 06:02:05.530138+00	2025-10-08 06:02:05.530262+00	2025-10-08 06:02:05.530412+00	9	9	f
613	j252BCEE3	t	Improper installation	.	pending	medium	2025-10-08 06:13:28.457908+00	2025-10-08 06:13:28.458033+00	\N	8	8	f
626	j25CCDD2D	f		.	completed	medium	2025-10-10 08:26:11.252591+00	2025-10-10 08:26:11.252739+00	2025-10-10 08:26:11.252743+00	11	11	f
634	j25D24B91	f		.	completed	medium	2025-10-13 04:03:17.656411+00	2025-10-13 04:03:17.656501+00	2025-10-13 04:03:17.656503+00	11	11	f
642	j2545AD88	t	The door closes and hits the wall causing marks.	The door closes and hits the wall causing marks.	pending	medium	2025-10-14 03:03:57.226544+00	2025-10-14 03:03:57.226662+00	\N	15	15	f
650	j256E15EB	t	Mirror not close properly	Mirror not close properly	pending	medium	2025-10-14 03:34:37.828891+00	2025-10-14 03:34:37.829033+00	\N	15	15	f
659	j25753771	f		.	completed	medium	2025-10-14 09:50:22.992421+00	2025-10-14 09:50:22.992549+00	2025-10-14 09:50:22.992552+00	10	10	f
669	j2569660B	f		.	completed	medium	2025-10-15 11:36:04.069652+00	2025-10-15 11:36:04.069764+00	2025-10-15 11:36:04.069767+00	10	10	f
662	j25C8C837	f	 		waiting_sparepart	medium	2025-10-15 09:38:10+00	2025-10-16 04:11:57.525415+00	2025-10-15 09:38:10+00	9	1	f
677	j251F248B	f	 Netflix 	.	completed	medium	2025-10-17 07:48:29.578366+00	2025-10-17 07:48:29.578496+00	2025-10-17 07:48:29.5785+00	11	11	f
681	j25827166	f	  		completed	medium	2025-10-18 02:03:10.651604+00	2025-10-18 02:03:10.651737+00	2025-10-18 02:03:10.65174+00	9	9	f
688	j25763959	f		.	completed	medium	2025-10-18 09:16:55.650663+00	2025-10-18 09:16:55.650872+00	2025-10-18 09:16:55.650881+00	11	11	f
695	j257DD8D2	f		.	completed	medium	2025-10-19 03:27:16.393685+00	2025-10-19 03:27:16.393879+00	2025-10-19 03:27:16.393887+00	11	11	f
702	j254E1AE2	f		.	completed	medium	2025-10-20 04:02:21.101735+00	2025-10-20 04:02:21.101909+00	2025-10-20 04:02:21.101913+00	11	11	f
709	j25CD9AD4	f		.	completed	medium	2025-10-20 15:11:26.803415+00	2025-10-20 15:11:26.803549+00	2025-10-20 15:11:26.803553+00	10	10	f
716	j2504E991	f		.	completed	medium	2025-10-21 04:46:01.708296+00	2025-10-21 04:46:01.708451+00	2025-10-21 04:46:01.708455+00	11	11	f
430	j25F73AB9	f	  	  	completed	medium	2025-09-25 09:33:31.846234+00	2025-09-25 09:33:31.846371+00	2025-09-25 09:33:31.846375+00	9	9	t
438	j250829A1	f		.	completed	medium	2025-09-26 04:30:02.106374+00	2025-09-26 04:30:02.106516+00	2025-09-26 04:30:02.10652+00	11	11	f
447	j25457CDD	f		.	completed	medium	2025-09-27 02:44:36.637467+00	2025-09-27 02:44:36.637599+00	2025-09-27 02:44:36.637603+00	11	11	f
455	j258E33D1	f	 	.	completed	medium	2025-09-27 06:35:12.751178+00	2025-09-27 06:35:12.751306+00	2025-09-27 06:35:12.751308+00	11	11	t
463	j25D0F9CE	f		.	completed	medium	2025-09-28 12:07:57.039585+00	2025-09-28 12:07:57.039721+00	2025-09-28 12:07:57.039724+00	10	10	t
471	j2520B3AF	f		.	completed	medium	2025-09-29 07:43:57.976938+00	2025-09-29 07:43:57.977075+00	2025-09-29 07:43:57.977079+00	11	11	f
478	j25676B75	f	make up		completed	medium	2025-09-29 15:50:02.545688+00	2025-09-29 15:50:02.54583+00	2025-09-29 15:50:02.545835+00	10	10	f
486	j25252263	f		.	completed	medium	2025-09-30 05:03:58.772578+00	2025-09-30 05:03:58.77271+00	2025-09-30 05:03:58.772713+00	11	11	f
495	j25E74720	f	 adap 	.	completed	medium	2025-09-30 15:07:44.793503+00	2025-09-30 15:07:44.79368+00	2025-09-30 15:07:44.793683+00	10	10	f
507	j259A0892	f	 adap	.	completed	medium	2025-10-02 12:59:09.225271+00	2025-10-02 12:59:09.225399+00	2025-10-02 12:59:09.225401+00	10	10	f
515	j25B52C1E	f			completed	medium	2025-10-02 22:36:35.883812+00	2025-10-02 22:36:35.883953+00	2025-10-02 22:36:35.883957+00	9	9	f
534	j256E425F	f		.	completed	medium	2025-10-05 11:17:34.519919+00	2025-10-05 11:17:34.520035+00	2025-10-05 11:17:34.520039+00	11	11	f
542	j2550F20C	f	  		completed	medium	2025-10-07 04:06:10.42771+00	2025-10-07 04:06:10.427825+00	2025-10-07 04:06:10.427829+00	9	9	f
549	j255D6FDD	f		.	completed	medium	2025-10-07 12:47:58.627884+00	2025-10-07 12:47:58.628022+00	2025-10-07 12:47:58.628025+00	10	10	f
557	j2568C026	f		.	completed	medium	2025-10-07 12:56:32.215873+00	2025-10-07 12:56:32.216002+00	2025-10-07 12:56:32.216005+00	10	10	t
565	j255DE519	t	Bathroom door handle dirty	Bathroom door handle dirty	pending	medium	2025-10-08 03:41:37.93777+00	2025-10-08 03:41:37.937909+00	\N	15	15	f
573	j25D54722	t	Ceiling need more cover	Ceiling need more cover	pending	medium	2025-10-08 04:26:04.373175+00	2025-10-08 04:26:04.373335+00	\N	15	15	f
581	j25BF6425	t	Deep clean cove light	Deep clean cove light	pending	medium	2025-10-08 04:45:37.5317+00	2025-10-08 04:45:37.531818+00	\N	15	15	f
589	j25FC6951	t	Revealing silicone.	.	pending	medium	2025-10-08 05:02:04.332797+00	2025-10-08 05:02:04.332933+00	\N	8	8	f
598	j25762722	t	Deep clean Master control	Deep clean Master control	pending	medium	2025-10-08 05:17:16.003343+00	2025-10-08 05:17:16.003482+00	\N	15	15	f
606	j25F5C89C	t	Mirror not close properly	Mirror not close properly	pending	medium	2025-10-08 06:05:02.851466+00	2025-10-08 06:05:02.8516+00	\N	15	15	f
614	j253A2C94	t	Deep clean rubber bumper	Deep clean rubber bumper	pending	medium	2025-10-08 06:14:33.474176+00	2025-10-08 06:14:33.474503+00	\N	15	15	f
627	j2581DA66	f		.	completed	medium	2025-10-10 15:39:35.800133+00	2025-10-10 15:39:35.8003+00	2025-10-10 15:39:35.800302+00	11	11	f
635	j25904126	f		.	completed	medium	2025-10-13 06:09:55.553209+00	2025-10-13 06:09:55.553369+00	2025-10-13 06:09:55.553372+00	11	11	f
643	j25A50B4E	t	Mirror not close properly	Mirror not close properly	pending	medium	2025-10-14 03:18:30.868059+00	2025-10-14 03:18:30.868183+00	\N	15	15	f
651	j25C4303F	t	The mirror  has dirty.	.	pending	medium	2025-10-14 03:35:39.527308+00	2025-10-14 03:35:39.527453+00	\N	8	8	f
663	j257B0D56	f		 	completed	medium	2025-10-15 09:40:02.566204+00	2025-10-15 09:40:02.566345+00	2025-10-15 09:40:02.566349+00	9	9	f
670	j25B53DCC	f		.	completed	medium	2025-10-15 11:37:58.126176+00	2025-10-15 11:37:58.126277+00	2025-10-15 11:37:58.12628+00	10	10	f
678	j25B5E7EE	f		.	completed	medium	2025-10-17 09:44:25.821656+00	2025-10-17 09:44:25.821825+00	2025-10-17 09:44:25.821828+00	11	11	f
682	j25F643E1	f			completed	medium	2025-10-18 03:00:22.090047+00	2025-10-18 03:00:22.090166+00	2025-10-18 03:00:22.09017+00	9	9	f
689	j25E6489D	f		.	completed	medium	2025-10-18 09:18:00.013913+00	2025-10-18 09:18:00.014064+00	2025-10-18 09:18:00.014069+00	10	10	f
696	j25C62C9C	f		.	completed	medium	2025-10-19 04:02:57.769984+00	2025-10-19 04:02:57.770139+00	2025-10-19 04:02:57.770142+00	11	11	f
703	j256D24DE	f		.	completed	medium	2025-10-20 04:15:13.288394+00	2025-10-20 04:15:13.288527+00	2025-10-20 04:15:13.28853+00	11	11	f
710	j25954ED7	f		.	completed	medium	2025-10-20 15:44:11.521451+00	2025-10-20 15:44:11.521577+00	2025-10-20 15:44:11.52158+00	10	10	f
717	j25EA544F	f		.	completed	medium	2025-10-21 04:57:10.290201+00	2025-10-21 04:57:10.290346+00	2025-10-21 04:57:10.29035+00	11	11	f
431	j2551E4FC	f	  	  	completed	medium	2025-09-25 09:35:07.909369+00	2025-09-25 09:35:07.909523+00	2025-09-25 09:35:07.909526+00	9	9	t
439	j257CD29C	f		.	completed	medium	2025-09-26 04:54:00.81116+00	2025-09-26 04:54:00.811286+00	2025-09-26 04:54:00.81129+00	11	11	f
448	j255D4AA4	f		.	completed	medium	2025-09-27 02:52:35.294036+00	2025-09-27 02:52:35.294222+00	2025-09-27 02:52:35.294226+00	11	11	f
456	j253BC46E	f		.	completed	medium	2025-09-27 06:36:46.109524+00	2025-09-27 06:36:46.109651+00	2025-09-27 06:36:46.109654+00	11	11	f
464	j25445CB5	f		.	completed	medium	2025-09-28 12:09:33.372864+00	2025-09-28 12:09:33.37301+00	2025-09-28 12:09:33.373013+00	10	10	t
472	j256ADF48	f		.	completed	medium	2025-09-29 07:52:52.025518+00	2025-09-29 07:52:52.025698+00	2025-09-29 07:52:52.025701+00	11	11	f
479	j2578EABF	f		.	completed	medium	2025-09-29 15:51:06.129943+00	2025-09-29 15:51:06.130079+00	2025-09-29 15:51:06.130082+00	10	10	f
487	j258E5345	f		.	completed	medium	2025-09-30 05:17:02.51019+00	2025-09-30 05:17:02.510311+00	2025-09-30 05:17:02.510314+00	11	11	f
496	j2549BAB8	f	 shower  	.	completed	medium	2025-09-30 15:09:04.2694+00	2025-09-30 15:09:04.269557+00	2025-09-30 15:09:04.26956+00	10	10	f
508	j257582B6	f		.	completed	medium	2025-10-02 13:00:55.550336+00	2025-10-02 13:00:55.550526+00	2025-10-02 13:00:55.550531+00	10	10	f
516	j258FDABE	f	air 	 off 	completed	medium	2025-10-02 22:38:17.927781+00	2025-10-02 22:38:17.927917+00	2025-10-02 22:38:17.92792+00	9	9	f
535	j259B2CF7	f		.	completed	medium	2025-10-05 15:31:14.561768+00	2025-10-05 15:31:14.561875+00	2025-10-05 15:31:14.561878+00	11	11	f
543	j2573AB01	f		 	completed	medium	2025-10-07 04:26:07.695948+00	2025-10-07 04:26:07.696061+00	2025-10-07 04:26:07.696065+00	9	9	f
550	j2561D3F5	f		.	completed	medium	2025-10-07 12:48:45.987377+00	2025-10-07 12:48:45.987505+00	2025-10-07 12:48:45.987509+00	10	10	f
558	j2570AED2	f		.	completed	medium	2025-10-07 12:58:10.652601+00	2025-10-07 12:58:10.652778+00	2025-10-07 12:58:10.652782+00	10	10	t
566	j254A01B4	t	The grout is not finished yet.	The grout is not finished yet.	pending	medium	2025-10-08 03:44:20.76846+00	2025-10-08 03:44:20.768586+00	\N	15	15	f
574	j25EDFC69	t	Door flame	Door flame	pending	medium	2025-10-08 04:28:14.404961+00	2025-10-08 04:28:14.40508+00	\N	15	15	f
582	j25538655	t	Mirror not close properly	Mirror not close properly	pending	medium	2025-10-08 04:49:14.472815+00	2025-10-08 04:49:14.472941+00	\N	15	15	f
590	j25C949D5	t	Mirror  is loose.	.	pending	medium	2025-10-08 05:02:51.847535+00	2025-10-08 05:02:51.847701+00	\N	8	8	f
599	j257CCD15	t	Improper installation	Re installations	pending	medium	2025-10-08 05:36:43.815246+00	2025-10-08 05:36:43.81537+00	\N	8	8	f
607	j25CC3969	f	 	 c/o	completed	medium	2025-10-08 06:05:37.505896+00	2025-10-08 06:05:37.506026+00	2025-10-08 06:05:37.506029+00	9	9	f
615	j25B82CF7	t	The grout is not finished yet.	The grout is not finished yet.	pending	medium	2025-10-08 06:16:14.615541+00	2025-10-08 06:16:14.615704+00	\N	15	15	f
628	j25636CAB	f	  3		completed	medium	2025-10-11 09:13:00.796424+00	2025-10-11 09:13:00.796565+00	2025-10-11 09:13:00.796567+00	9	9	f
636	j2598A344	f		.	completed	medium	2025-10-13 07:38:45.886691+00	2025-10-13 07:38:45.886812+00	2025-10-13 07:38:45.886815+00	11	11	f
644	j2555626F	t	The door closes and hits the wall causing marks	The door closes and hits the wall causing marks	pending	medium	2025-10-14 03:21:12.538555+00	2025-10-14 03:21:12.538665+00	\N	15	15	f
652	j258ECF3D	t	Mirror not close properly	Mirror not close properly	pending	medium	2025-10-14 03:36:03.130463+00	2025-10-14 03:36:03.130594+00	\N	15	15	f
664	j25E6A06E	f		.	completed	medium	2025-10-15 11:20:58.516915+00	2025-10-15 11:20:58.517047+00	2025-10-15 11:20:58.51705+00	10	10	f
671	j25AC9396	f		.	completed	medium	2025-10-15 11:38:51.493135+00	2025-10-15 11:38:51.493275+00	2025-10-15 11:38:51.493278+00	10	10	f
683	j25933EB1	f		  	completed	medium	2025-10-18 07:53:24.947644+00	2025-10-18 07:53:24.947781+00	2025-10-18 07:53:24.947783+00	9	9	f
690	j251B9A93	f			completed	medium	2025-10-18 09:20:27.446424+00	2025-10-18 09:20:27.446557+00	2025-10-18 09:20:27.446559+00	10	10	f
697	j25792354	f		.	completed	medium	2025-10-19 04:46:38.826758+00	2025-10-19 04:46:38.826893+00	2025-10-19 04:46:38.826897+00	11	11	f
704	j25156625	f		.	completed	medium	2025-10-20 05:03:08.369214+00	2025-10-20 05:03:08.369335+00	2025-10-20 05:03:08.369338+00	11	11	f
711	j2597772D	f			completed	medium	2025-10-20 15:45:26.703364+00	2025-10-20 15:45:26.703498+00	2025-10-20 15:45:26.703501+00	10	10	f
718	j257DC1BD	f		.	completed	medium	2025-10-21 05:41:44.306907+00	2025-10-21 05:41:44.307042+00	2025-10-21 05:41:44.307046+00	11	11	f
432	j25C10F9B	f	  	  	completed	medium	2025-09-25 09:36:42.259073+00	2025-09-25 09:36:42.259204+00	2025-09-25 09:36:42.259206+00	9	9	t
440	j25D50909	f		.	completed	medium	2025-09-26 04:58:30.314267+00	2025-09-26 04:58:30.314421+00	2025-09-26 04:58:30.314424+00	11	11	f
449	j254F7233	f		.	completed	medium	2025-09-27 03:08:46.202263+00	2025-09-27 03:08:46.202415+00	2025-09-27 03:08:46.202419+00	11	11	t
457	j25DBA1D0	f			completed	medium	2025-09-27 09:58:03.784977+00	2025-09-27 09:58:03.785121+00	2025-09-27 09:58:03.785124+00	9	9	f
465	j252E40DF	f		.	completed	medium	2025-09-28 12:10:37.494484+00	2025-09-28 12:10:37.494618+00	2025-09-28 12:10:37.494621+00	10	10	f
480	j255EEE87	f		.	completed	medium	2025-09-29 15:54:02.782336+00	2025-09-29 15:54:02.782521+00	2025-09-29 15:54:02.782526+00	10	10	t
488	j25D4A1CF	f		.	completed	medium	2025-09-30 05:27:39.458278+00	2025-09-30 05:27:39.45844+00	2025-09-30 05:27:39.458444+00	11	11	f
497	j2531CDDE	f		.	completed	medium	2025-09-30 15:11:44.940193+00	2025-09-30 15:11:44.940312+00	2025-09-30 15:11:44.940316+00	10	10	f
509	j250A4FD0	f	 5	.	completed	medium	2025-10-02 13:03:51.560466+00	2025-10-02 13:03:51.560596+00	2025-10-02 13:03:51.560599+00	10	10	f
536	j25D0FE5A	f		.	completed	medium	2025-10-06 12:55:13.29644+00	2025-10-06 12:55:13.296616+00	2025-10-06 12:55:13.296619+00	11	11	f
544	j254E57F2	f			completed	medium	2025-10-07 04:47:26.392215+00	2025-10-07 04:47:26.392308+00	2025-10-07 04:47:26.392309+00	9	9	f
551	j25CAF817	f		.	completed	medium	2025-10-07 12:49:47.103724+00	2025-10-07 12:49:47.103872+00	2025-10-07 12:49:47.103878+00	10	10	f
559	j25245B96	f		.	completed	medium	2025-10-07 12:59:46.838366+00	2025-10-07 12:59:46.838487+00	2025-10-07 12:59:46.83849+00	10	10	t
567	j25B5E305	t	Bathroom door lower dirty	Bathroom door lower dirty	pending	medium	2025-10-08 03:45:31.258517+00	2025-10-08 03:45:31.258641+00	\N	15	15	f
575	j25BA82CB	t	Painting wall	Repaint wall	pending	medium	2025-10-08 04:29:54.727921+00	2025-10-08 04:29:54.728062+00	\N	15	15	f
583	j257F2D67	t	Improper installation	Reinstall	pending	medium	2025-10-08 04:50:01.886175+00	2025-10-08 04:50:01.88633+00	\N	8	8	f
591	j25BAA621	t	Deep clean cove light	Deep clean cove light	pending	medium	2025-10-08 05:03:19.540517+00	2025-10-08 05:03:19.540664+00	\N	15	15	f
600	j25E31711	t	Repaint wall bathroom	Repaint wall bathroom	pending	medium	2025-10-08 05:36:56.502815+00	2025-10-08 05:36:56.50295+00	\N	15	15	f
608	j25AB0638	t	The shower bathroom not close properly	The shower bathroom not close properly	pending	medium	2025-10-08 06:06:18.962047+00	2025-10-08 06:06:18.962171+00	\N	15	15	f
616	j25FE2B39	t	Improper installation	Re install	pending	medium	2025-10-08 06:16:28.668143+00	2025-10-08 06:16:28.66832+00	\N	8	8	f
629	j25FDEB70	f			completed	medium	2025-10-11 09:13:43.560345+00	2025-10-11 09:13:43.560478+00	2025-10-11 09:13:43.560485+00	9	9	f
637	j25C4C5E1	f		.	completed	medium	2025-10-13 08:56:34.989793+00	2025-10-13 08:56:34.989929+00	2025-10-13 08:56:34.989932+00	11	11	f
645	j25CE8030	t	Mirror not close properly	Mirror not close properly	pending	medium	2025-10-14 03:23:11.478287+00	2025-10-14 03:23:11.47845+00	\N	15	15	f
653	j2545B86B	t	The door closes and hits the wall causing marks	The door closes and hits the wall causing marks	pending	medium	2025-10-14 03:39:29.398361+00	2025-10-14 03:39:29.398483+00	\N	15	15	f
665	j254B6BE7	f	 3 	.	completed	medium	2025-10-15 11:24:07.966917+00	2025-10-15 11:24:07.967046+00	2025-10-15 11:24:07.96705+00	10	10	f
672	j25F51C24	f		.	completed	medium	2025-10-15 11:40:50.809298+00	2025-10-15 11:40:50.809499+00	2025-10-15 11:40:50.809503+00	10	10	f
684	j2557DB6D	f		 +  	completed	medium	2025-10-18 07:54:23.325704+00	2025-10-18 07:54:23.325839+00	2025-10-18 07:54:23.325843+00	9	9	f
691	j2569D17A	f	\r\n	.	completed	medium	2025-10-18 09:36:51.203984+00	2025-10-18 09:36:51.204174+00	2025-10-18 09:36:51.20418+00	11	11	f
698	j25711414	f	 Error	.	completed	medium	2025-10-20 03:12:39.138052+00	2025-10-20 03:12:39.138227+00	2025-10-20 03:12:39.138231+00	11	11	f
705	j25B8AD76	f		.	completed	medium	2025-10-20 05:04:18.857381+00	2025-10-20 05:04:18.857502+00	2025-10-20 05:04:18.857506+00	11	11	f
712	j25FA5AA7	f	 		completed	medium	2025-10-21 01:08:38.452839+00	2025-10-21 01:08:38.453201+00	2025-10-21 01:08:38.453208+00	9	9	f
719	j254D2BAA	f		.	completed	medium	2025-10-21 08:17:38.897125+00	2025-10-21 08:17:38.897265+00	2025-10-21 08:17:38.897268+00	11	11	f
\.


--
-- Data for Name: myappLubd_job_rooms; Type: TABLE DATA; Schema: public; Owner: mylubd_user
--

COPY public."myappLubd_job_rooms" (id, job_id, room_id) FROM stdin;
231	20	73
232	21	59
233	22	86
234	23	83
235	24	76
236	25	56
237	26	57
238	27	11
239	28	25
240	29	29
241	30	6
242	31	75
243	32	49
244	33	106
245	34	27
246	35	121
247	36	30
248	37	128
249	38	33
250	39	15
251	40	57
252	41	58
253	42	119
254	43	133
255	44	88
256	45	30
257	46	59
258	47	5
259	48	60
260	49	115
261	50	106
262	51	37
263	52	10
264	53	120
265	54	75
266	55	73
267	56	2
268	57	27
269	58	29
270	59	92
271	60	105
272	61	86
273	62	1
274	63	116
275	64	124
276	65	9
277	66	37
278	67	79
279	68	20
280	69	33
281	70	8
282	71	29
283	72	39
284	73	98
285	74	33
286	75	32
287	76	98
288	77	3
289	78	106
290	79	46
291	80	79
292	81	83
293	82	115
294	83	74
295	84	103
296	85	93
297	86	45
298	87	6
299	88	6
300	89	50
301	90	79
302	91	61
303	92	58
304	93	58
305	94	57
306	95	45
307	96	44
308	97	72
309	98	90
310	99	3
311	100	70
312	101	21
313	102	19
314	103	7
315	104	1
316	105	36
317	106	49
318	107	30
319	108	39
320	109	40
321	110	33
322	111	85
323	112	111
324	113	16
325	114	42
326	115	78
327	116	83
328	117	112
329	118	84
330	119	92
331	120	40
332	121	28
333	122	84
334	123	82
335	124	22
336	125	113
337	126	76
338	127	112
339	128	115
340	129	5
341	130	87
342	131	94
343	132	32
344	133	71
345	134	69
346	135	57
347	136	74
348	137	57
349	138	133
350	139	19
351	140	177
352	141	87
353	142	86
354	143	101
355	144	94
356	145	78
357	146	70
358	147	36
359	148	51
360	149	51
361	150	15
362	151	33
363	152	55
364	153	83
365	154	75
366	155	86
367	156	91
368	157	53
369	158	81
370	159	48
371	160	6
372	161	180
373	162	51
374	163	50
375	164	128
376	165	99
377	166	119
379	168	52
380	169	43
381	170	102
382	171	181
383	172	181
384	173	181
385	174	88
386	175	35
387	176	8
388	177	94
389	178	181
390	179	32
391	180	34
392	181	96
393	182	1
394	183	2
395	184	3
396	185	63
397	186	64
398	187	65
399	188	66
400	189	11
401	190	12
402	191	69
403	192	115
404	193	72
405	194	75
406	195	76
407	196	4
408	197	22
409	198	24
410	199	25
411	200	20
412	201	1
413	202	110
414	203	92
415	204	181
416	205	8
417	206	115
418	207	52
419	208	50
420	209	181
421	210	52
422	211	102
423	212	34
424	213	51
425	214	51
426	215	114
427	216	114
428	217	120
429	218	82
430	219	2
431	220	8
432	221	61
433	222	71
434	223	69
435	224	76
436	225	18
437	226	2
438	227	36
439	228	37
440	229	109
441	230	8
442	231	96
443	232	94
444	233	181
445	234	99
446	235	124
447	236	62
448	237	57
449	238	120
450	239	49
451	240	54
452	241	8
453	242	30
454	243	98
455	244	97
456	245	115
457	246	52
458	247	81
459	248	82
460	249	59
461	250	117
463	252	60
464	253	59
465	254	48
466	255	44
467	256	110
468	257	81
469	258	88
470	259	95
471	260	105
472	261	83
473	262	69
474	263	58
475	264	125
476	265	125
477	266	124
478	267	123
479	268	3
480	269	4
481	270	54
482	271	35
483	272	55
484	273	181
485	274	62
486	275	181
487	276	56
488	277	117
489	278	1
490	279	45
491	280	76
492	281	120
493	282	101
494	283	81
495	284	181
496	285	181
497	286	40
498	287	181
499	288	181
502	291	90
503	292	84
504	293	16
505	294	106
506	295	181
507	296	86
508	297	33
509	298	117
510	299	97
511	300	33
512	301	107
513	302	100
514	303	116
515	304	57
516	305	122
517	306	111
518	307	112
519	308	113
520	309	114
521	310	115
522	311	115
523	312	116
524	313	117
525	314	17
526	315	18
527	316	118
528	317	119
529	318	120
530	319	121
531	320	122
532	321	123
533	322	124
534	323	52
535	324	116
536	325	74
537	326	19
538	327	181
539	328	1
540	329	3
541	330	2
542	331	24
543	332	25
544	333	116
545	334	100
546	335	68
547	336	119
548	337	125
549	338	126
550	339	127
551	340	180
552	341	52
553	342	53
554	343	54
555	344	55
556	345	57
557	346	56
558	347	58
559	348	10
560	349	59
561	350	60
562	351	61
563	352	62
564	353	98
565	354	99
566	355	100
567	356	102
568	357	104
569	358	106
570	359	108
571	360	107
572	361	110
573	362	43
574	363	25
575	364	181
576	365	97
577	366	70
578	367	75
579	368	76
580	369	19
581	370	21
582	371	22
583	372	25
584	373	25
585	374	60
586	375	181
587	376	181
588	377	8
589	378	9
590	379	115
591	380	52
592	381	181
593	382	75
594	383	19
595	384	133
596	385	181
597	386	124
598	387	73
599	388	29
600	389	65
601	390	28
602	391	94
603	392	95
604	393	96
605	394	15
606	395	16
607	396	101
608	397	103
609	398	6
610	399	41
611	400	46
612	401	47
613	402	9
614	403	181
615	404	124
616	405	33
617	406	87
618	407	87
619	408	91
620	409	11
621	410	12
622	411	7
623	412	20
624	413	25
625	414	23
626	415	22
627	416	4
628	417	181
629	418	181
630	419	181
631	420	87
632	421	62
633	422	85
634	423	5
635	424	35
636	425	83
637	426	181
638	427	82
639	428	79
640	429	116
641	430	11
642	431	12
643	432	64
644	433	181
645	434	118
646	435	32
647	436	181
648	437	181
649	438	65
650	439	48
651	440	43
652	441	48
653	442	51
654	443	42
655	444	116
656	445	121
657	446	40
658	447	40
659	448	80
660	449	33
661	450	34
662	451	88
663	452	77
664	453	33
665	454	181
666	455	84
667	456	107
668	457	18
669	458	181
670	459	25
671	460	181
672	461	50
673	462	89
674	463	30
675	464	36
676	465	36
677	466	31
678	467	8
679	468	64
680	469	49
681	470	29
682	471	50
683	472	12
684	473	49
685	474	81
686	475	12
687	476	70
688	477	77
689	478	31
690	479	29
691	480	77
692	481	86
693	482	69
694	483	70
695	484	73
696	485	44
697	486	48
698	487	58
699	488	54
700	489	131
701	490	112
702	491	180
703	492	180
704	493	181
705	494	2
706	495	91
707	496	1
708	497	117
709	498	117
710	499	181
711	500	71
712	501	181
713	502	93
714	503	81
715	504	105
716	505	49
717	506	50
718	507	98
719	508	103
720	509	181
721	510	40
722	511	83
723	512	30
724	513	26
725	514	53
726	515	53
727	516	109
728	517	181
729	518	32
730	519	10
731	520	32
732	521	57
733	522	133
734	523	91
735	524	92
736	525	32
737	526	100
738	527	99
739	528	117
740	529	123
741	530	133
742	531	57
743	532	74
744	533	20
745	534	36
746	535	181
747	536	17
749	538	118
750	539	1
751	540	69
752	541	181
753	542	181
754	543	76
755	544	21
756	545	181
757	546	61
758	547	20
759	548	43
760	549	37
761	550	82
762	551	14
763	552	87
764	553	90
765	554	89
766	555	123
767	556	78
768	557	37
769	558	38
770	559	39
771	560	180
772	561	78
774	563	154
775	564	154
776	565	154
777	566	154
778	567	154
779	568	154
780	569	154
781	570	154
782	571	154
783	572	153
784	573	149
785	574	149
786	575	149
787	576	149
788	577	150
789	578	150
790	579	150
791	580	151
792	581	151
793	582	155
794	583	155
795	584	155
796	585	155
797	586	155
798	587	155
799	588	148
800	589	148
801	590	155
802	591	148
803	592	148
804	593	148
805	594	148
806	595	148
807	596	148
808	597	156
809	598	156
810	599	156
811	600	156
812	601	158
813	602	158
814	603	152
816	605	33
817	606	182
818	607	181
819	608	182
820	609	182
821	610	183
822	611	183
823	612	184
824	613	184
825	614	184
826	615	184
827	616	184
828	617	184
829	618	181
830	619	46
831	620	90
832	621	181
833	622	71
834	623	98
835	624	10
836	625	36
837	626	36
838	627	36
839	628	181
840	629	90
841	630	52
842	631	36
844	633	101
845	634	1
846	635	98
847	636	63
848	637	181
849	638	134
850	639	134
851	640	135
852	641	137
853	642	136
854	643	138
855	644	140
856	645	141
857	646	141
858	647	141
859	648	142
860	649	144
861	650	145
862	651	142
863	652	147
864	653	147
865	654	191
866	655	191
867	656	75
868	657	75
869	658	181
870	659	61
871	660	89
872	661	98
873	662	52
874	663	58
875	664	181
876	665	181
877	666	19
878	667	67
879	668	66
880	669	26
881	670	29
882	671	2
883	672	1
884	673	181
885	674	181
886	675	37
887	676	181
888	677	96
889	678	46
890	679	99
891	680	23
892	681	181
893	682	98
894	683	110
895	684	30
896	685	34
897	686	3
898	687	106
899	688	67
900	689	94
901	690	62
902	691	68
903	692	96
904	693	94
905	694	28
906	695	20
907	696	72
908	697	74
909	698	124
910	699	9
911	700	47
912	701	105
913	702	105
914	703	44
915	704	109
916	705	108
917	706	45
918	707	45
919	708	26
920	709	24
921	710	36
922	711	40
923	712	46
924	713	100
925	714	98
926	715	181
927	716	57
928	717	10
929	718	130
930	719	114
931	720	109
\.


--
-- Data for Name: myappLubd_job_topics; Type: TABLE DATA; Schema: public; Owner: mylubd_user
--

COPY public."myappLubd_job_topics" (id, job_id, topic_id) FROM stdin;
230	20	2
231	21	2
232	22	5
233	23	2
234	24	2
235	25	3
236	26	3
237	27	3
238	28	3
239	29	5
240	30	2
241	31	5
242	32	3
243	33	1
244	34	2
245	35	1
246	36	3
247	37	2
248	38	3
249	39	2
250	40	3
251	41	3
252	42	3
253	43	3
254	44	2
255	45	2
256	46	1
257	47	3
258	49	2
259	50	1
260	51	5
261	52	3
262	53	2
263	54	5
264	55	2
265	56	2
266	57	3
267	58	2
268	59	2
269	60	5
270	61	5
271	62	3
272	63	1
273	64	1
274	65	3
275	66	3
276	67	2
277	68	4
278	69	5
279	70	8
280	71	5
281	72	2
282	73	2
283	74	3
284	75	5
285	76	2
286	77	6
287	78	5
288	79	2
289	80	5
290	81	3
291	82	3
292	83	3
293	84	4
294	85	2
295	86	3
296	87	1
297	88	2
298	89	2
299	90	4
300	91	2
301	92	3
302	93	3
303	94	3
304	95	5
305	96	2
306	97	2
307	98	3
308	99	5
309	100	5
310	101	2
311	102	3
312	103	3
313	104	3
314	105	2
315	106	2
316	107	3
317	108	2
318	109	5
319	110	4
320	111	2
321	112	3
322	113	2
323	114	3
324	115	6
325	116	2
326	117	2
327	118	2
328	119	5
329	120	5
330	121	5
331	122	2
332	123	2
333	124	3
334	125	2
335	126	5
336	127	2
337	128	3
338	129	5
339	130	5
340	131	2
341	132	3
342	133	2
343	134	2
344	135	7
345	136	2
346	137	3
347	138	5
348	139	4
349	140	9
350	141	5
351	142	5
352	143	3
353	144	3
354	145	3
355	146	2
356	147	3
357	148	3
358	149	2
359	150	3
360	151	3
361	152	3
362	153	3
363	154	1
364	155	5
365	156	2
366	157	2
367	158	3
368	159	2
369	160	2
370	161	9
371	162	2
372	163	2
373	164	10
374	165	3
375	166	4
377	168	6
378	169	6
379	170	2
380	171	10
381	172	9
382	173	10
383	174	4
384	175	10
385	176	8
386	177	4
387	178	10
388	179	10
389	180	3
390	181	4
391	182	8
392	183	8
393	184	8
394	185	8
395	186	8
396	187	8
397	188	8
398	189	8
399	190	8
400	191	8
401	192	8
402	193	8
403	194	8
404	195	8
405	196	8
406	197	8
407	198	8
408	199	8
409	200	8
410	201	8
411	202	2
412	203	4
413	204	8
414	205	3
415	206	8
416	207	8
417	208	2
418	209	5
419	210	8
420	211	3
421	212	2
422	213	4
423	214	2
424	215	9
425	216	3
426	217	5
427	218	2
428	219	8
429	220	8
430	221	2
431	222	3
432	223	5
433	224	5
434	225	10
435	226	3
436	227	5
437	228	5
438	229	5
439	230	8
440	231	2
441	232	5
442	233	3
443	234	10
444	235	3
445	236	6
446	237	5
447	238	2
448	239	4
449	240	3
450	241	8
451	242	5
452	243	3
453	244	3
454	245	3
455	246	8
456	247	3
457	248	3
458	249	3
459	250	6
461	252	5
462	253	9
463	254	10
464	255	5
465	256	2
466	257	2
467	258	2
468	259	3
469	260	3
470	261	10
471	262	2
472	263	3
473	264	3
474	265	1
475	266	1
476	267	1
477	268	3
478	269	3
479	270	2
480	271	3
481	272	3
482	273	2
483	274	2
484	275	2
485	276	3
486	277	2
487	278	2
488	279	5
489	280	2
490	281	2
491	282	2
492	283	6
493	284	8
494	285	8
495	286	5
496	287	5
497	288	9
500	291	2
501	292	2
502	293	2
503	294	3
504	295	1
505	296	10
506	297	10
507	298	3
508	299	2
509	300	5
510	301	1
511	302	1
512	303	1
513	304	1
514	305	1
515	306	1
516	307	1
517	308	1
518	309	1
519	310	1
520	311	1
521	312	1
522	313	1
523	314	1
524	315	1
525	316	1
526	317	1
527	318	1
528	319	1
529	320	1
530	321	1
531	322	1
532	323	8
533	324	8
534	325	1
535	326	1
536	327	9
537	328	1
538	329	1
539	330	1
540	331	1
541	332	1
542	333	8
543	334	2
544	335	1
545	336	10
546	337	1
547	338	1
548	339	1
549	340	1
550	341	1
551	342	1
552	343	1
553	344	1
554	345	1
555	346	4
556	347	1
557	348	1
558	349	1
559	350	1
560	351	1
561	352	1
562	353	1
563	354	1
564	355	1
565	356	1
566	357	1
567	358	1
568	359	1
569	360	1
570	361	1
571	362	1
572	363	3
573	364	3
574	365	1
575	366	1
576	367	1
577	368	1
578	369	1
579	370	1
580	371	1
581	372	3
582	373	2
583	374	2
584	375	2
585	376	5
586	377	3
587	378	3
588	379	3
589	380	3
590	381	3
591	382	5
592	383	5
593	384	4
594	385	9
595	386	1
596	387	1
597	388	1
598	389	1
599	390	1
600	391	1
601	392	1
602	393	1
603	394	1
604	395	1
605	396	1
606	397	1
607	398	1
608	399	1
609	400	1
610	401	1
611	402	1
612	403	9
613	404	1
614	405	5
615	406	2
616	407	10
617	408	2
618	409	1
619	410	1
620	411	1
621	412	1
622	413	1
623	414	1
624	415	1
625	416	1
626	417	5
627	418	3
628	419	2
629	420	1
630	421	2
631	422	1
632	423	2
633	424	1
634	425	1
635	426	5
636	427	1
637	428	1
638	429	8
639	430	1
640	431	1
641	432	1
642	433	9
643	434	6
644	435	10
645	436	9
646	437	5
647	438	2
648	439	10
649	440	3
650	441	10
651	442	1
652	443	1
653	444	3
654	445	2
655	446	1
656	447	5
657	448	4
658	449	1
659	450	1
660	451	1
661	452	2
662	453	10
663	454	2
664	455	1
665	456	3
666	457	2
667	458	1
668	459	4
669	460	5
670	461	2
671	462	1
672	463	1
673	464	1
674	465	1
675	466	1
676	467	1
677	468	4
678	469	3
679	470	1
680	471	3
681	472	3
682	473	5
683	474	2
684	475	10
685	476	5
686	477	5
687	478	5
688	479	2
689	480	1
690	481	1
691	482	3
692	483	3
693	484	3
694	485	1
695	486	3
696	487	10
697	488	3
698	489	10
699	490	2
700	491	2
701	492	10
702	493	9
703	494	10
704	495	10
705	496	2
706	497	1
707	498	1
708	499	9
709	500	1
710	501	9
711	502	1
712	503	1
713	504	1
714	505	1
715	506	1
716	507	10
717	508	2
718	509	1
719	510	5
720	511	3
721	512	3
722	513	2
723	514	3
724	515	1
725	516	1
726	517	8
727	518	10
728	519	4
729	520	1
730	521	10
731	522	3
732	523	1
733	524	1
734	525	3
735	526	10
736	527	2
737	528	1
738	529	5
739	530	1
740	531	2
741	532	2
742	533	5
743	534	5
744	535	4
745	536	10
747	538	2
748	539	10
749	540	10
750	541	9
751	542	9
752	543	5
753	544	10
754	545	9
755	546	10
756	547	2
757	548	2
758	549	3
759	550	2
760	551	3
761	552	3
762	553	5
763	554	2
764	555	2
765	556	1
766	557	1
767	558	1
768	559	1
769	560	9
770	561	5
772	563	8
773	564	2
774	565	4
775	566	9
776	567	4
777	568	2
778	569	2
779	570	2
780	571	2
781	572	2
782	573	10
783	574	4
784	575	3
785	576	5
786	577	3
787	578	5
788	579	2
789	580	10
790	581	5
791	582	9
792	583	2
793	584	2
794	585	2
795	586	2
796	587	9
797	588	1
798	589	2
799	590	4
800	591	5
801	592	2
802	593	5
803	594	5
804	595	3
805	596	1
806	597	2
807	598	9
808	599	5
809	600	3
810	601	9
811	602	2
812	603	9
813	604	4
814	605	5
815	606	9
816	607	9
817	608	2
818	609	5
819	610	2
820	611	3
821	612	9
822	613	5
823	614	2
824	615	9
825	616	2
826	617	2
827	618	3
828	619	3
829	620	2
830	621	3
831	622	3
832	623	2
833	624	2
834	625	5
835	626	5
836	627	5
837	628	10
838	629	5
839	630	10
840	631	5
842	633	1
843	634	3
844	635	2
845	636	2
846	637	9
847	638	10
848	639	3
849	640	10
850	641	10
851	642	4
852	643	10
853	644	4
854	645	10
855	646	3
856	647	8
857	648	3
858	649	10
859	650	10
860	651	10
861	652	10
862	653	4
863	654	10
864	655	3
865	656	10
866	657	5
867	658	10
868	659	2
869	660	2
870	661	2
871	662	8
872	663	4
873	664	4
874	665	9
875	666	3
876	667	3
877	668	3
878	669	3
879	670	3
880	671	3
881	672	10
882	673	9
883	674	1
884	675	2
885	676	3
886	677	6
887	678	5
888	679	2
889	680	1
890	681	2
891	682	2
892	683	4
893	684	5
894	685	5
895	686	2
896	687	2
897	688	2
898	689	1
899	690	4
900	691	2
901	692	2
902	693	2
903	694	4
904	695	2
905	696	1
906	697	2
907	698	9
908	699	9
909	700	5
910	701	3
911	702	2
912	703	3
913	704	3
914	705	3
915	706	3
916	707	2
917	708	5
918	709	3
919	710	10
920	711	5
921	712	2
922	713	3
923	714	2
924	715	2
925	716	3
926	717	3
927	718	3
928	719	3
929	720	10
\.


--
-- Data for Name: myappLubd_jobimage; Type: TABLE DATA; Schema: public; Owner: mylubd_user
--

COPY public."myappLubd_jobimage" (id, image, uploaded_at, job_id, uploaded_by_id, jpeg_path) FROM stdin;
407	maintenance_job_images/2025/09/1000006308.jpg	2025-09-16 18:40:09.043473+00	258	10	1000006308.jpg
417	maintenance_job_images/2025/09/1000006305.jpg	2025-09-16 19:15:42.991506+00	265	10	1000006305.jpg
418	maintenance_job_images/2025/09/1000006301.jpg	2025-09-16 19:15:43.230869+00	265	10	1000006301.jpg
401	maintenance_job_images/2025/09/1000007849.jpg	2025-09-16 13:17:29.024884+00	252	8	1000007849.jpg
408	maintenance_job_images/2025/09/1000006319.jpg	2025-09-16 18:41:47.839492+00	259	10	1000006319.jpg
409	maintenance_job_images/2025/09/1000006317.jpg	2025-09-16 18:41:48.015566+00	259	10	1000006317.jpg
419	maintenance_job_images/2025/09/1000006301_B3w0up7.jpg	2025-09-16 19:18:54.985774+00	266	10	1000006301.jpg
420	maintenance_job_images/2025/09/1000006304.jpg	2025-09-16 19:18:55.159043+00	266	10	1000006304.jpg
402	maintenance_job_images/2025/09/1000007850.jpg	2025-09-16 13:18:44.282302+00	253	8	1000007850.jpg
410	maintenance_job_images/2025/09/1000006314.jpg	2025-09-16 18:43:58.839449+00	260	10	1000006314.jpg
411	maintenance_job_images/2025/09/1000006315.jpg	2025-09-16 18:43:59.058973+00	260	10	1000006315.jpg
421	maintenance_job_images/2025/09/1000006301_tuzIj8R.jpg	2025-09-16 19:20:18.210674+00	267	10	1000006301.jpg
422	maintenance_job_images/2025/09/1000006306.jpg	2025-09-16 19:20:18.36285+00	267	10	1000006306.jpg
403	maintenance_job_images/2025/09/1000007851.jpg	2025-09-16 13:20:15.996899+00	254	8	1000007851.jpg
412	maintenance_job_images/2025/09/1000006322.jpg	2025-09-16 18:45:59.199609+00	261	10	1000006322.jpg
423	maintenance_job_images/2025/09/1000006324.jpg	2025-09-16 19:23:07.927255+00	268	10	1000006324.jpg
404	maintenance_job_images/2025/09/1000006310.jpg	2025-09-16 18:30:51.008908+00	255	10	1000006310.jpg
413	maintenance_job_images/2025/09/1000006321.jpg	2025-09-16 18:48:12.655229+00	262	10	1000006321.jpg
405	maintenance_job_images/2025/09/1000006286.jpg	2025-09-16 18:34:46.582624+00	256	10	1000006286.jpg
414	maintenance_job_images/2025/09/1000006326.jpg	2025-09-16 19:07:08.658002+00	263	10	1000006326.jpg
415	maintenance_job_images/2025/09/1000006327.jpg	2025-09-16 19:07:08.845692+00	263	10	1000006327.jpg
22	maintenance_job_images/2025/09/1000005218.jpg	2025-09-01 08:19:33.508+00	20	10	1000005218.jpg
23	maintenance_job_images/2025/09/1000005211.jpg	2025-09-01 08:19:33.709+00	20	10	1000005211.jpg
24	maintenance_job_images/2025/09/1000003690.jpg	2025-09-01 08:36:11.674+00	21	10	1000003690.jpg
25	maintenance_job_images/2025/09/1000003692.jpg	2025-09-01 08:36:11.897+00	21	10	1000003692.jpg
26	maintenance_job_images/2025/09/1000005221.jpg	2025-09-01 08:39:53.929+00	22	10	1000005221.jpg
27	maintenance_job_images/2025/09/1000005027.jpg	2025-09-01 08:41:47.537+00	23	10	1000005027.jpg
28	maintenance_job_images/2025/09/1000005128.jpg	2025-09-01 08:43:55.303+00	24	10	1000005128.jpg
29	maintenance_job_images/2025/09/1000005043.jpg	2025-09-01 08:46:33.92+00	25	10	1000005043.jpg
30	maintenance_job_images/2025/09/1000005047.jpg	2025-09-01 08:49:43.003+00	26	10	1000005047.jpg
31	maintenance_job_images/2025/09/1000005048.jpg	2025-09-01 08:49:43.232+00	26	10	1000005048.jpg
32	maintenance_job_images/2025/09/1000005049.jpg	2025-09-01 08:51:50.889+00	27	10	1000005049.jpg
33	maintenance_job_images/2025/09/1000005051.jpg	2025-09-01 08:51:51.036+00	27	10	1000005051.jpg
34	maintenance_job_images/2025/09/1000005070.jpg	2025-09-01 08:54:34.313+00	28	10	1000005070.jpg
35	maintenance_job_images/2025/09/1000005068.jpg	2025-09-01 08:54:34.511+00	28	10	1000005068.jpg
36	maintenance_job_images/2025/09/1000005069.jpg	2025-09-01 08:54:34.726+00	28	10	1000005069.jpg
37	maintenance_job_images/2025/09/1000004516.jpg	2025-09-01 08:59:28.154+00	29	10	1000004516.jpg
38	maintenance_job_images/2025/09/IMG_1952.jpeg	2025-09-01 09:00:21.976+00	30	11	IMG_1952.jpg
39	maintenance_job_images/2025/09/1000004519.jpg	2025-09-01 09:01:26.445+00	31	10	1000004519.jpg
40	maintenance_job_images/2025/09/image.jpg	2025-09-01 09:03:31.967+00	32	11	image.jpg
41	maintenance_job_images/2025/09/1000004438.jpg	2025-09-01 09:04:07.522+00	33	10	1000004438.jpg
42	maintenance_job_images/2025/09/1000004441.jpg	2025-09-01 09:04:07.678+00	33	10	1000004441.jpg
43	maintenance_job_images/2025/09/image_kADn5s2.jpg	2025-09-01 09:04:50.637+00	34	11	image.jpg
44	maintenance_job_images/2025/09/1000004409.jpg	2025-09-01 09:06:18.266+00	35	10	1000004409.jpg
45	maintenance_job_images/2025/09/1000004408.jpg	2025-09-01 09:06:18.56+00	35	10	1000004408.jpg
46	maintenance_job_images/2025/09/image_xd4fXmk.jpg	2025-09-01 09:06:18.768+00	36	11	image.jpg
47	maintenance_job_images/2025/09/image_iNj7O9G.jpg	2025-09-01 09:07:54.687+00	37	11	image.jpg
48	maintenance_job_images/2025/09/image_T9KdgP0.jpg	2025-09-01 09:09:33.329+00	38	11	image.jpg
49	maintenance_job_images/2025/09/image_Ewtrl05.jpg	2025-09-01 09:11:21.254+00	39	11	image.jpg
50	maintenance_job_images/2025/09/image_duTIKNS.jpg	2025-09-01 09:12:37.135+00	40	11	image.jpg
51	maintenance_job_images/2025/09/1000004385.jpg	2025-09-01 09:13:00.406+00	41	10	1000004385.jpg
52	maintenance_job_images/2025/09/image_YVpRUES.jpg	2025-09-01 09:13:41.169+00	42	11	image.jpg
53	maintenance_job_images/2025/09/image_7ERPA2d.jpg	2025-09-01 09:15:05.884+00	43	11	image.jpg
54	maintenance_job_images/2025/09/IMG_1952_RJN2vW4.jpeg	2025-09-01 09:16:04.159+00	44	11	IMG_1952.jpg
55	maintenance_job_images/2025/09/1000004371.jpg	2025-09-01 09:16:51.696+00	45	10	1000004371.jpg
56	maintenance_job_images/2025/09/1000004372.jpg	2025-09-01 09:16:51.921+00	45	10	1000004372.jpg
57	maintenance_job_images/2025/09/IMG_1959.jpeg	2025-09-01 09:18:00.223+00	46	11	IMG_1959.jpg
58	maintenance_job_images/2025/09/IMG_1960.jpeg	2025-09-01 09:19:59.484+00	47	11	IMG_1960.jpg
59	maintenance_job_images/2025/09/IMG_1961.jpeg	2025-09-01 09:19:59.557+00	47	11	IMG_1961.jpg
60	maintenance_job_images/2025/09/image_ReYwcRU.jpg	2025-09-01 09:21:47.184+00	48	11	image.jpg
61	maintenance_job_images/2025/09/image_kPm8Ijy.jpg	2025-09-01 09:23:34.77+00	49	11	image.jpg
62	maintenance_job_images/2025/09/image_JTBvbhQ.jpg	2025-09-01 09:24:40.301+00	50	11	image.jpg
63	maintenance_job_images/2025/09/image_Gft7iYT.jpg	2025-09-01 09:26:38.968+00	51	11	image.jpg
64	maintenance_job_images/2025/09/image_tpweznl.jpg	2025-09-01 09:28:30.026+00	52	11	image.jpg
65	maintenance_job_images/2025/09/image_O6fFHGn.jpg	2025-09-01 09:29:43.124+00	53	11	image.jpg
66	maintenance_job_images/2025/09/image_eIP3abs.jpg	2025-09-01 09:31:08.222+00	54	11	image.jpg
67	maintenance_job_images/2025/09/image_CMd7ESm.jpg	2025-09-01 09:32:14.786+00	55	11	image.jpg
68	maintenance_job_images/2025/09/image_O49KuIG.jpg	2025-09-01 09:33:51.074+00	56	11	image.jpg
69	maintenance_job_images/2025/09/image_Wps1t2Q.jpg	2025-09-01 09:35:08.475+00	57	11	image.jpg
70	maintenance_job_images/2025/09/image_PYLZMAW.jpg	2025-09-01 09:37:53.218+00	58	11	image.jpg
71	maintenance_job_images/2025/09/IMG_3407.jpeg	2025-09-01 09:44:31.229+00	59	9	IMG_3407.jpg
72	maintenance_job_images/2025/09/IMG_3371.jpeg	2025-09-01 09:44:31.48+00	59	9	IMG_3371.jpg
73	maintenance_job_images/2025/09/IMG_3361.jpeg	2025-09-01 09:46:15.974+00	60	9	IMG_3361.jpg
74	maintenance_job_images/2025/09/IMG_3366.jpeg	2025-09-01 09:46:16.192+00	60	9	IMG_3366.jpg
75	maintenance_job_images/2025/09/IMG_3412.jpeg	2025-09-01 09:49:17.611+00	61	9	IMG_3412.jpg
76	maintenance_job_images/2025/09/IMG_3370.jpeg	2025-09-01 09:49:17.846+00	61	9	IMG_3370.jpg
77	maintenance_job_images/2025/09/IMG_3315.jpeg	2025-09-01 09:52:08.053+00	62	9	IMG_3315.jpg
78	maintenance_job_images/2025/09/IMG_3284.jpeg	2025-09-01 09:55:38.85+00	63	9	IMG_3284.jpg
79	maintenance_job_images/2025/09/IMG_3278.jpeg	2025-09-01 09:58:10.118+00	64	9	IMG_3278.jpg
80	maintenance_job_images/2025/09/IMG_3275.jpeg	2025-09-01 10:00:18.648+00	65	9	IMG_3275.jpg
81	maintenance_job_images/2025/09/IMG_3238.jpeg	2025-09-01 10:07:37.967+00	66	9	IMG_3238.jpg
82	maintenance_job_images/2025/09/IMG_3237.jpeg	2025-09-01 10:07:38.205+00	66	9	IMG_3237.jpg
83	maintenance_job_images/2025/09/IMG_3413.jpeg	2025-09-01 10:08:34.23+00	67	9	IMG_3413.jpg
84	maintenance_job_images/2025/09/IMG_3231.jpeg	2025-09-01 10:10:12.196+00	68	9	IMG_3231.jpg
85	maintenance_job_images/2025/09/IMG_3046.jpeg	2025-09-01 10:13:00.985+00	69	9	IMG_3046.jpg
86	maintenance_job_images/2025/09/IMG_3047.jpeg	2025-09-01 10:13:01.21+00	69	9	IMG_3047.jpg
87	maintenance_job_images/2025/09/IMG_3054.jpeg	2025-09-01 10:16:59.076+00	70	9	IMG_3054.jpg
88	maintenance_job_images/2025/09/IMG_3055.jpeg	2025-09-01 10:16:59.318+00	70	9	IMG_3055.jpg
89	maintenance_job_images/2025/09/IMG_3056.jpeg	2025-09-01 10:16:59.544+00	70	9	IMG_3056.jpg
90	maintenance_job_images/2025/09/IMG_1962.jpeg	2025-09-01 10:23:17.792+00	71	11	IMG_1962.jpg
91	maintenance_job_images/2025/09/image_EC3o2eA.jpg	2025-09-01 10:26:31.167+00	72	11	image.jpg
92	maintenance_job_images/2025/09/image_EsZg8te.jpg	2025-09-01 10:27:35.487+00	73	11	image.jpg
93	maintenance_job_images/2025/09/image_DKOCEAX.jpg	2025-09-01 10:29:04.028+00	74	11	image.jpg
94	maintenance_job_images/2025/09/image_MpieGoY.jpg	2025-09-01 10:31:25.646+00	75	11	image.jpg
95	maintenance_job_images/2025/09/image_pxekPrg.jpg	2025-09-01 10:32:54.067+00	76	11	image.jpg
96	maintenance_job_images/2025/09/IMG_1967.jpeg	2025-09-01 10:35:05.694+00	77	11	IMG_1967.jpg
97	maintenance_job_images/2025/09/IMG_1968.jpeg	2025-09-01 10:35:05.775+00	77	11	IMG_1968.jpg
98	maintenance_job_images/2025/09/IMG_1969.jpeg	2025-09-01 10:36:55.419+00	78	11	IMG_1969.jpg
99	maintenance_job_images/2025/09/1000005461.jpg	2025-09-01 10:37:47.808+00	79	10	1000005461.jpg
100	maintenance_job_images/2025/09/IMG_1971.jpeg	2025-09-01 10:37:49.711+00	80	11	IMG_1971.jpg
101	maintenance_job_images/2025/09/IMG_1972.jpeg	2025-09-01 10:37:49.778+00	80	11	IMG_1972.jpg
102	maintenance_job_images/2025/09/IMG_1976.jpeg	2025-09-01 10:39:48.47+00	81	11	IMG_1976.jpg
103	maintenance_job_images/2025/09/IMG_1974.jpeg	2025-09-01 10:39:48.523+00	81	11	IMG_1974.jpg
104	maintenance_job_images/2025/09/IMG_1982.jpeg	2025-09-01 10:42:18.962+00	82	11	IMG_1982.jpg
105	maintenance_job_images/2025/09/IMG_1981.jpeg	2025-09-01 10:42:19.018+00	82	11	IMG_1981.jpg
106	maintenance_job_images/2025/09/IMG_1980.jpeg	2025-09-01 10:43:06.546+00	83	11	IMG_1980.jpg
107	maintenance_job_images/2025/09/IMG_1979.jpeg	2025-09-01 10:43:06.599+00	83	11	IMG_1979.jpg
108	maintenance_job_images/2025/09/IMG_1978.jpeg	2025-09-01 10:43:06.652+00	83	11	IMG_1978.jpg
109	maintenance_job_images/2025/09/IMG_1977.jpeg	2025-09-01 10:43:06.703+00	83	11	IMG_1977.jpg
110	maintenance_job_images/2025/09/IMG_1985.jpeg	2025-09-01 10:44:43.393+00	84	11	IMG_1985.jpg
111	maintenance_job_images/2025/09/IMG_1986.jpeg	2025-09-01 10:47:10.943+00	85	11	IMG_1986.jpg
112	maintenance_job_images/2025/09/IMG_1987.jpeg	2025-09-01 10:47:10.996+00	85	11	IMG_1987.jpg
113	maintenance_job_images/2025/09/image_pdNTZmn.jpg	2025-09-01 10:48:33.209+00	86	11	image.jpg
114	maintenance_job_images/2025/09/1000005463.jpg	2025-09-01 10:49:42.594+00	87	10	1000005463.jpg
115	maintenance_job_images/2025/09/IMG_1989.jpeg	2025-09-01 10:49:49.373+00	88	11	IMG_1989.jpg
116	maintenance_job_images/2025/09/IMG_1990.jpeg	2025-09-01 10:49:49.424+00	88	11	IMG_1990.jpg
117	maintenance_job_images/2025/09/IMG_1991.jpeg	2025-09-01 10:52:06.371+00	89	11	IMG_1991.jpg
118	maintenance_job_images/2025/09/1000004241.jpg	2025-09-01 10:52:09.71+00	90	10	1000004241.jpg
119	maintenance_job_images/2025/09/IMG_1992.jpeg	2025-09-01 10:54:52.284+00	91	11	IMG_1992.jpg
120	maintenance_job_images/2025/09/IMG_1993.jpeg	2025-09-01 10:54:52.357+00	91	11	IMG_1993.jpg
121	maintenance_job_images/2025/09/IMG_1997.jpeg	2025-09-01 10:55:53.275+00	92	11	IMG_1997.jpg
122	maintenance_job_images/2025/09/IMG_1996.jpeg	2025-09-01 10:55:53.331+00	92	11	IMG_1996.jpg
123	maintenance_job_images/2025/09/IMG_1995.jpeg	2025-09-01 10:55:53.384+00	92	11	IMG_1995.jpg
124	maintenance_job_images/2025/09/IMG_1994.jpeg	2025-09-01 10:55:53.433+00	92	11	IMG_1994.jpg
125	maintenance_job_images/2025/09/IMG_1998.jpeg	2025-09-01 10:57:09.823+00	93	11	IMG_1998.jpg
126	maintenance_job_images/2025/09/image_BPyBCqu.jpg	2025-09-01 10:58:26.624+00	94	11	image.jpg
127	maintenance_job_images/2025/09/IMG_2001.jpeg	2025-09-01 10:59:24.11+00	95	11	IMG_2001.jpg
128	maintenance_job_images/2025/09/IMG_1999.jpeg	2025-09-01 10:59:24.165+00	95	11	IMG_1999.jpg
129	maintenance_job_images/2025/09/IMG_2002.jpeg	2025-09-01 11:00:24.627+00	96	11	IMG_2002.jpg
130	maintenance_job_images/2025/09/IMG_2003.jpeg	2025-09-01 11:00:24.71+00	96	11	IMG_2003.jpg
131	maintenance_job_images/2025/09/IMG_2004.jpeg	2025-09-01 11:01:46.616+00	97	11	IMG_2004.jpg
132	maintenance_job_images/2025/09/IMG_2009.jpeg	2025-09-01 11:03:20.201+00	98	11	IMG_2009.jpg
133	maintenance_job_images/2025/09/IMG_2008.jpeg	2025-09-01 11:03:20.271+00	98	11	IMG_2008.jpg
134	maintenance_job_images/2025/09/IMG_2007.jpeg	2025-09-01 11:03:20.341+00	98	11	IMG_2007.jpg
135	maintenance_job_images/2025/09/IMG_2006.jpeg	2025-09-01 11:03:20.415+00	98	11	IMG_2006.jpg
136	maintenance_job_images/2025/09/IMG_2005.jpeg	2025-09-01 11:03:20.489+00	98	11	IMG_2005.jpg
137	maintenance_job_images/2025/09/IMG_2011.jpeg	2025-09-01 11:05:03.919+00	99	11	IMG_2011.jpg
138	maintenance_job_images/2025/09/IMG_2013.jpeg	2025-09-01 11:06:27.317+00	100	11	IMG_2013.jpg
139	maintenance_job_images/2025/09/IMG_2014.jpeg	2025-09-01 11:06:27.371+00	100	11	IMG_2014.jpg
140	maintenance_job_images/2025/09/IMG_3414.jpeg	2025-09-01 11:07:34.2+00	101	9	IMG_3414.jpg
141	maintenance_job_images/2025/09/IMG_2018.jpeg	2025-09-01 11:07:36.259+00	102	11	IMG_2018.jpg
142	maintenance_job_images/2025/09/IMG_2017.jpeg	2025-09-01 11:07:36.343+00	102	11	IMG_2017.jpg
143	maintenance_job_images/2025/09/IMG_2016.jpeg	2025-09-01 11:07:36.414+00	102	11	IMG_2016.jpg
144	maintenance_job_images/2025/09/IMG_2015.jpeg	2025-09-01 11:07:36.496+00	102	11	IMG_2015.jpg
145	maintenance_job_images/2025/09/IMG_2021.jpeg	2025-09-01 11:10:31.061+00	103	11	IMG_2021.jpg
146	maintenance_job_images/2025/09/IMG_2020.jpeg	2025-09-01 11:10:31.142+00	103	11	IMG_2020.jpg
147	maintenance_job_images/2025/09/IMG_2019.jpeg	2025-09-01 11:10:31.204+00	103	11	IMG_2019.jpg
148	maintenance_job_images/2025/09/IMG_2022.jpeg	2025-09-01 11:11:38.628+00	104	11	IMG_2022.jpg
149	maintenance_job_images/2025/09/IMG_3415.png	2025-09-01 11:12:14.417+00	105	9	IMG_3415.jpg
150	maintenance_job_images/2025/09/IMG_3413_ZdIB2On.jpeg	2025-09-01 11:12:14.462+00	105	9	IMG_3413.jpg
151	maintenance_job_images/2025/09/IMG_2024.jpeg	2025-09-01 11:13:12.097+00	106	11	IMG_2024.jpg
152	maintenance_job_images/2025/09/IMG_2023.jpeg	2025-09-01 11:13:12.161+00	106	11	IMG_2023.jpg
153	maintenance_job_images/2025/09/IMG_3417.jpeg	2025-09-01 11:13:51.183+00	107	9	IMG_3417.jpg
154	maintenance_job_images/2025/09/IMG_3416.jpeg	2025-09-01 11:13:51.313+00	107	9	IMG_3416.jpg
155	maintenance_job_images/2025/09/IMG_2025.jpeg	2025-09-01 11:15:12.561+00	108	11	IMG_2025.jpg
156	maintenance_job_images/2025/09/IMG_1956.jpeg	2025-09-01 11:16:12.332+00	109	11	IMG_1956.jpg
157	maintenance_job_images/2025/09/IMG_2027.jpeg	2025-09-01 11:16:12.387+00	109	11	IMG_2027.jpg
158	maintenance_job_images/2025/09/IMG_3419.png	2025-09-01 11:16:42.708+00	110	9	IMG_3419.jpg
159	maintenance_job_images/2025/09/IMG_2029.jpeg	2025-09-01 11:17:41.249+00	111	11	IMG_2029.jpg
160	maintenance_job_images/2025/09/IMG_2030.jpeg	2025-09-01 11:19:33.261+00	112	11	IMG_2030.jpg
161	maintenance_job_images/2025/09/IMG_3420.jpeg	2025-09-01 11:20:34.323+00	113	9	IMG_3420.jpg
162	maintenance_job_images/2025/09/IMG_3421.jpeg	2025-09-01 11:20:34.437+00	113	9	IMG_3421.jpg
163	maintenance_job_images/2025/09/IMG_2034.jpeg	2025-09-01 11:20:38.704+00	114	11	IMG_2034.jpg
164	maintenance_job_images/2025/09/IMG_2033.jpeg	2025-09-01 11:20:38.761+00	114	11	IMG_2033.jpg
165	maintenance_job_images/2025/09/IMG_2032.jpeg	2025-09-01 11:20:38.828+00	114	11	IMG_2032.jpg
166	maintenance_job_images/2025/09/IMG_2031.jpeg	2025-09-01 11:20:38.886+00	114	11	IMG_2031.jpg
167	maintenance_job_images/2025/09/1000005124.jpg	2025-09-01 11:26:26.457+00	115	10	1000005124.jpg
168	maintenance_job_images/2025/09/1000005125.jpg	2025-09-01 11:27:36.837+00	116	10	1000005125.jpg
169	maintenance_job_images/2025/09/1000005128_JOj5bPG.jpg	2025-09-01 11:28:58.025+00	117	10	1000005128.jpg
170	maintenance_job_images/2025/09/1000005129.jpg	2025-09-01 11:30:16.932+00	118	10	1000005129.jpg
171	maintenance_job_images/2025/09/1000005127.jpg	2025-09-01 11:31:45.638+00	119	10	1000005127.jpg
172	maintenance_job_images/2025/09/1000005132.jpg	2025-09-01 11:31:45.865+00	119	10	1000005132.jpg
173	maintenance_job_images/2025/09/1000005133.jpg	2025-09-01 11:34:02.699+00	120	10	1000005133.jpg
174	maintenance_job_images/2025/09/1000005164.jpg	2025-09-01 11:35:50.593+00	121	10	1000005164.jpg
175	maintenance_job_images/2025/09/1000005168.jpg	2025-09-01 11:36:45.016+00	122	10	1000005168.jpg
176	maintenance_job_images/2025/09/1000005169.jpg	2025-09-01 11:37:44.485+00	123	10	1000005169.jpg
177	maintenance_job_images/2025/09/1000005170.jpg	2025-09-01 11:38:47.579+00	124	10	1000005170.jpg
178	maintenance_job_images/2025/09/1000005171.jpg	2025-09-01 11:39:47.195+00	125	10	1000005171.jpg
179	maintenance_job_images/2025/09/1000005172.jpg	2025-09-01 11:40:40.368+00	126	10	1000005172.jpg
180	maintenance_job_images/2025/09/1000005174.jpg	2025-09-01 11:45:03.965+00	127	10	1000005174.jpg
181	maintenance_job_images/2025/09/1000005470.jpg	2025-09-01 11:49:00.488+00	128	10	1000005470.jpg
182	maintenance_job_images/2025/09/1000005220.jpg	2025-09-01 11:54:20.57+00	129	10	1000005220.jpg
183	maintenance_job_images/2025/09/1000005221_xlCrCKG.jpg	2025-09-01 11:55:23.916+00	130	10	1000005221.jpg
184	maintenance_job_images/2025/09/1000005231.jpg	2025-09-01 11:56:18.991+00	131	10	1000005231.jpg
185	maintenance_job_images/2025/09/1000005233.jpg	2025-09-01 11:56:19.196+00	131	10	1000005233.jpg
186	maintenance_job_images/2025/09/1000005232.jpg	2025-09-01 11:56:19.389+00	131	10	1000005232.jpg
187	maintenance_job_images/2025/09/1000005234.jpg	2025-09-01 11:57:21.158+00	132	10	1000005234.jpg
188	maintenance_job_images/2025/09/1000005235.jpg	2025-09-01 11:57:21.416+00	132	10	1000005235.jpg
189	maintenance_job_images/2025/09/1000005238.jpg	2025-09-01 11:58:34.885+00	133	10	1000005238.jpg
190	maintenance_job_images/2025/09/1000005240.jpg	2025-09-01 11:59:29.583+00	134	10	1000005240.jpg
191	maintenance_job_images/2025/09/1000005267.jpg	2025-09-01 12:00:30.473+00	135	10	1000005267.jpg
192	maintenance_job_images/2025/09/1000005268.jpg	2025-09-01 12:02:35.172+00	136	10	1000005268.jpg
193	maintenance_job_images/2025/09/1000005269.jpg	2025-09-01 12:02:35.378+00	136	10	1000005269.jpg
194	maintenance_job_images/2025/09/1000005271.jpg	2025-09-01 12:02:35.578+00	136	10	1000005271.jpg
195	maintenance_job_images/2025/09/1000005373.jpg	2025-09-01 12:03:58.891+00	137	10	1000005373.jpg
196	maintenance_job_images/2025/09/1000005374.jpg	2025-09-01 12:03:59.1+00	137	10	1000005374.jpg
197	maintenance_job_images/2025/09/IMG_2990.jpeg	2025-09-01 14:48:51.308+00	138	9	IMG_2990.jpg
198	maintenance_job_images/2025/09/IMG_2991.jpeg	2025-09-01 14:48:51.524+00	138	9	IMG_2991.jpg
199	maintenance_job_images/2025/09/IMG_2875.jpeg	2025-09-01 14:53:26.519+00	139	9	IMG_2875.jpg
200	maintenance_job_images/2025/09/37958.jpg	2025-09-02 05:21:38.691+00	140	8	37958.jpg
201	maintenance_job_images/2025/09/S__8757301.jpg	2025-09-02 05:22:19.101+00	141	8	S__8757301.jpg
202	maintenance_job_images/2025/09/S__8757298.jpg	2025-09-02 05:24:47.667+00	142	8	S__8757298.jpg
203	maintenance_job_images/2025/09/IMG_2071.jpeg	2025-09-02 08:35:52.986+00	143	11	IMG_2071.jpg
204	maintenance_job_images/2025/09/IMG_2070.jpeg	2025-09-02 08:35:53.243+00	143	11	IMG_2070.jpg
205	maintenance_job_images/2025/09/IMG_2069.jpeg	2025-09-02 08:35:53.478+00	143	11	IMG_2069.jpg
206	maintenance_job_images/2025/09/IMG_2074.jpeg	2025-09-02 09:01:04.437+00	144	11	IMG_2074.jpg
207	maintenance_job_images/2025/09/IMG_2073.jpeg	2025-09-02 09:01:04.667+00	144	11	IMG_2073.jpg
208	maintenance_job_images/2025/09/1000005501.jpg	2025-09-02 09:08:10.418+00	145	10	1000005501.jpg
209	maintenance_job_images/2025/09/1000005500.jpg	2025-09-02 09:08:10.474+00	145	10	1000005500.jpg
210	maintenance_job_images/2025/09/1000005474.jpg	2025-09-02 09:08:10.717+00	145	10	1000005474.jpg
211	maintenance_job_images/2025/09/1000005475.jpg	2025-09-02 09:08:10.945+00	145	10	1000005475.jpg
212	maintenance_job_images/2025/09/1000005502.jpg	2025-09-02 09:10:41.667+00	146	10	1000005502.jpg
213	maintenance_job_images/2025/09/1000005467.jpg	2025-09-02 09:10:41.801+00	146	10	1000005467.jpg
214	maintenance_job_images/2025/09/1000005476.jpg	2025-09-02 09:12:35.031+00	147	10	1000005476.jpg
215	maintenance_job_images/2025/09/IMG_2077.jpeg	2025-09-02 09:27:36.029+00	148	11	IMG_2077.jpg
216	maintenance_job_images/2025/09/IMG_2076.jpeg	2025-09-02 09:27:36.269+00	148	11	IMG_2076.jpg
217	maintenance_job_images/2025/09/IMG_2075.jpeg	2025-09-02 09:27:36.525+00	148	11	IMG_2075.jpg
218	maintenance_job_images/2025/09/1000005467_eRQ88JL.jpg	2025-09-02 09:44:31.988+00	149	10	1000005467.jpg
219	maintenance_job_images/2025/09/IMG_2422.jpeg	2025-09-03 02:19:53.25+00	150	9	IMG_2422.jpg
220	maintenance_job_images/2025/09/IMG_2423.jpeg	2025-09-03 02:19:53.47+00	150	9	IMG_2423.jpg
221	maintenance_job_images/2025/09/IMG_2542.jpeg	2025-09-03 02:29:49.52+00	151	9	IMG_2542.jpg
222	maintenance_job_images/2025/09/IMG_2543.jpeg	2025-09-03 02:29:49.759+00	151	9	IMG_2543.jpg
223	maintenance_job_images/2025/09/IMG_3459.jpeg	2025-09-03 02:32:22.703+00	152	9	IMG_3459.jpg
224	maintenance_job_images/2025/09/IMG_3460.jpeg	2025-09-03 02:32:22.841+00	152	9	IMG_3460.jpg
225	maintenance_job_images/2025/09/IMG_3462.jpeg	2025-09-03 02:35:02.809+00	153	9	IMG_3462.jpg
226	maintenance_job_images/2025/09/IMG_3461.jpeg	2025-09-03 02:35:02.954+00	153	9	IMG_3461.jpg
227	maintenance_job_images/2025/09/IMG_3464.jpeg	2025-09-03 02:39:30.095+00	154	9	IMG_3464.jpg
228	maintenance_job_images/2025/09/IMG_3465.jpeg	2025-09-03 02:42:43.556+00	155	9	IMG_3465.jpg
229	maintenance_job_images/2025/09/IMG_3467.jpeg	2025-09-03 02:44:42.36+00	156	9	IMG_3467.jpg
230	maintenance_job_images/2025/09/IMG_3468.jpeg	2025-09-03 02:45:53.739+00	157	9	IMG_3468.jpg
231	maintenance_job_images/2025/09/IMG_3469.jpeg	2025-09-03 02:47:37.312+00	158	9	IMG_3469.jpg
232	maintenance_job_images/2025/09/IMG_3470.jpeg	2025-09-03 02:47:37.429+00	158	9	IMG_3470.jpg
233	maintenance_job_images/2025/09/IMG_3471.jpeg	2025-09-03 02:50:27.318+00	159	9	IMG_3471.jpg
234	maintenance_job_images/2025/09/IMG_3476.jpeg	2025-09-03 04:45:54.598+00	160	9	IMG_3476.jpg
235	maintenance_job_images/2025/09/IMG_3457.jpeg	2025-09-03 04:53:48.337+00	161	9	IMG_3457.jpg
236	maintenance_job_images/2025/09/IMG_3456.jpeg	2025-09-03 04:53:48.482+00	161	9	IMG_3456.jpg
237	maintenance_job_images/2025/09/IMG_3501.jpeg	2025-09-03 08:24:53.37+00	162	9	IMG_3501.jpg
238	maintenance_job_images/2025/09/IMG_3500.jpeg	2025-09-03 08:24:53.441+00	162	9	IMG_3500.jpg
239	maintenance_job_images/2025/09/IMG_3483.jpeg	2025-09-03 08:24:53.725+00	162	9	IMG_3483.jpg
240	maintenance_job_images/2025/09/IMG_3484.jpeg	2025-09-03 08:25:58.661+00	163	9	IMG_3484.jpg
241	maintenance_job_images/2025/09/1000005534.jpg	2025-09-03 10:27:59.044+00	164	10	1000005534.jpg
242	maintenance_job_images/2025/09/1000005533.jpg	2025-09-03 10:27:59.241+00	164	10	1000005533.jpg
243	maintenance_job_images/2025/09/1000005549.jpg	2025-09-03 12:28:20.26+00	165	10	1000005549.jpg
244	maintenance_job_images/2025/09/1000005545.jpg	2025-09-03 12:29:40.041+00	166	10	1000005545.jpg
245	maintenance_job_images/2025/09/1000005548.jpg	2025-09-03 12:29:40.293+00	166	10	1000005548.jpg
249	maintenance_job_images/2025/09/1000005557.jpg	2025-09-03 17:20:08.737+00	168	10	1000005557.jpg
250	maintenance_job_images/2025/09/1000005558.jpg	2025-09-03 17:20:08.993+00	168	10	1000005558.jpg
251	maintenance_job_images/2025/09/1000005556.jpg	2025-09-03 17:21:33.75+00	169	10	1000005556.jpg
252	maintenance_job_images/2025/09/1000005559.jpg	2025-09-03 17:21:33.989+00	169	10	1000005559.jpg
253	maintenance_job_images/2025/09/1000007665.jpg	2025-09-04 09:58:12.541+00	170	8	1000007665.jpg
254	maintenance_job_images/2025/09/IMG_3572.jpeg	2025-09-04 09:59:33.905+00	171	9	IMG_3572.jpg
255	maintenance_job_images/2025/09/IMG_3571.jpeg	2025-09-04 09:59:34.148+00	171	9	IMG_3571.jpg
256	maintenance_job_images/2025/09/IMG_3570.jpeg	2025-09-04 09:59:34.415+00	171	9	IMG_3570.jpg
257	maintenance_job_images/2025/09/1000005608.jpg	2025-09-04 15:04:02.793+00	172	10	1000005608.jpg
258	maintenance_job_images/2025/09/1000005607.jpg	2025-09-04 15:04:02.968+00	172	10	1000005607.jpg
259	maintenance_job_images/2025/09/1000005606.jpg	2025-09-04 15:04:03.14+00	172	10	1000005606.jpg
260	maintenance_job_images/2025/09/1000005604.jpg	2025-09-04 15:04:03.312+00	172	10	1000005604.jpg
261	maintenance_job_images/2025/09/1000005593.jpg	2025-09-04 15:05:38.696+00	173	10	1000005593.jpg
262	maintenance_job_images/2025/09/1000005592.jpg	2025-09-04 15:05:38.86+00	173	10	1000005592.jpg
263	maintenance_job_images/2025/09/1000005591.jpg	2025-09-04 15:08:39.634+00	174	10	1000005591.jpg
264	maintenance_job_images/2025/09/1000005590.jpg	2025-09-04 15:11:13.17+00	175	10	1000005590.jpg
265	maintenance_job_images/2025/09/IMG_3589.jpeg	2025-09-05 04:07:59.191+00	176	9	IMG_3589.jpg
266	maintenance_job_images/2025/09/IMG_3591.jpeg	2025-09-05 04:07:59.287+00	176	9	IMG_3591.jpg
267	maintenance_job_images/2025/09/IMG_3588.jpeg	2025-09-05 04:07:59.503+00	176	9	IMG_3588.jpg
268	maintenance_job_images/2025/09/IMG_3596.jpeg	2025-09-05 04:28:00.929+00	177	9	IMG_3596.jpg
269	maintenance_job_images/2025/09/IMG_3597.jpeg	2025-09-05 04:28:01.166+00	177	9	IMG_3597.jpg
270	maintenance_job_images/2025/09/IMG_3599.jpeg	2025-09-05 04:35:25.203+00	178	9	IMG_3599.jpg
271	maintenance_job_images/2025/09/IMG_3598.jpeg	2025-09-05 04:35:25.451+00	178	9	IMG_3598.jpg
272	maintenance_job_images/2025/09/IMG_3604.jpeg	2025-09-05 06:57:36.985+00	179	9	IMG_3604.jpg
273	maintenance_job_images/2025/09/IMG_3616.jpeg	2025-09-05 06:58:20.142+00	180	9	IMG_3616.jpg
274	maintenance_job_images/2025/09/IMG_3615.jpeg	2025-09-05 06:58:20.361+00	180	9	IMG_3615.jpg
275	maintenance_job_images/2025/09/IMG_3614.jpeg	2025-09-05 06:58:20.593+00	180	9	IMG_3614.jpg
276	maintenance_job_images/2025/09/IMG_3624.jpeg	2025-09-05 09:08:33.545+00	181	9	IMG_3624.jpg
277	maintenance_job_images/2025/09/IMG_3619.jpeg	2025-09-05 09:22:44.27+00	182	9	IMG_3619.jpg
278	maintenance_job_images/2025/09/IMG_3620.jpeg	2025-09-05 09:24:13.015+00	183	9	IMG_3620.jpg
279	maintenance_job_images/2025/09/IMG_3621.jpeg	2025-09-05 09:25:46.184+00	184	9	IMG_3621.jpg
280	maintenance_job_images/2025/09/IMG_3625.jpeg	2025-09-05 09:31:50.341+00	185	9	IMG_3625.jpg
281	maintenance_job_images/2025/09/IMG_3632.jpeg	2025-09-05 09:32:32.895+00	186	9	IMG_3632.jpg
282	maintenance_job_images/2025/09/IMG_3633.jpeg	2025-09-05 09:33:27.78+00	187	9	IMG_3633.jpg
283	maintenance_job_images/2025/09/IMG_3636.jpeg	2025-09-05 09:34:59.845+00	188	9	IMG_3636.jpg
284	maintenance_job_images/2025/09/IMG_3630.jpeg	2025-09-05 09:35:00.029+00	188	9	IMG_3630.jpg
285	maintenance_job_images/2025/09/IMG_3637.jpeg	2025-09-05 09:35:39.568+00	189	9	IMG_3637.jpg
286	maintenance_job_images/2025/09/IMG_3635.jpeg	2025-09-05 09:35:39.816+00	189	9	IMG_3635.jpg
287	maintenance_job_images/2025/09/IMG_3628.jpeg	2025-09-05 09:36:12.935+00	190	9	IMG_3628.jpg
288	maintenance_job_images/2025/09/IMG_3626.jpeg	2025-09-05 09:37:27.994+00	191	9	IMG_3626.jpg
289	maintenance_job_images/2025/09/IMG_3605.jpeg	2025-09-05 09:38:39.512+00	192	9	IMG_3605.jpg
290	maintenance_job_images/2025/09/IMG_3606.jpeg	2025-09-05 09:38:39.786+00	192	9	IMG_3606.jpg
291	maintenance_job_images/2025/09/IMG_3607.jpeg	2025-09-05 09:38:40.065+00	192	9	IMG_3607.jpg
292	maintenance_job_images/2025/09/IMG_3633_TN6gEXX.jpeg	2025-09-05 09:39:36.805+00	193	9	IMG_3633.jpg
293	maintenance_job_images/2025/09/IMG_3629.jpeg	2025-09-05 09:39:37.023+00	193	9	IMG_3629.jpg
294	maintenance_job_images/2025/09/IMG_3637_O2G7MPV.jpeg	2025-09-05 09:40:30.961+00	194	9	IMG_3637.jpg
295	maintenance_job_images/2025/09/IMG_3630_4IrqOyp.jpeg	2025-09-05 09:40:31.189+00	194	9	IMG_3630.jpg
296	maintenance_job_images/2025/09/IMG_3634.jpeg	2025-09-05 09:41:09.279+00	195	9	IMG_3634.jpg
297	maintenance_job_images/2025/09/IMG_3633_9ndGibn.jpeg	2025-09-05 09:46:23.511+00	196	9	IMG_3633.jpg
298	maintenance_job_images/2025/09/IMG_3631.jpeg	2025-09-05 09:47:21.504+00	197	9	IMG_3631.jpg
299	maintenance_job_images/2025/09/IMG_3628_97GjGYt.jpeg	2025-09-05 09:48:01.89+00	198	9	IMG_3628.jpg
300	maintenance_job_images/2025/09/IMG_3625_WRkoqhG.jpeg	2025-09-05 09:48:51.919+00	199	9	IMG_3625.jpg
301	maintenance_job_images/2025/09/IMG_3630_XyY9raP.jpeg	2025-09-05 09:49:42.724+00	200	9	IMG_3630.jpg
302	maintenance_job_images/2025/09/IMG_3629_6MpB8DE.jpeg	2025-09-05 09:49:42.927+00	200	9	IMG_3629.jpg
303	maintenance_job_images/2025/09/IMG_2197_JbGGsHB.jpeg	2025-09-05 15:52:43.761+00	201	11	IMG_2197.jpg
304	maintenance_job_images/2025/09/IMG_2196_CCVC2Yh.jpeg	2025-09-05 15:52:43.938+00	201	11	IMG_2196.jpg
305	maintenance_job_images/2025/09/IMG_2193_Kakrddu.jpeg	2025-09-05 15:52:44.092+00	201	11	IMG_2193.jpg
306	maintenance_job_images/2025/09/IMG_2195_uv3dkcz.jpeg	2025-09-05 15:52:44.277+00	201	11	IMG_2195.jpg
307	maintenance_job_images/2025/09/IMG_3692.jpeg	2025-09-06 06:05:03.605+00	202	9	IMG_3692.jpg
308	maintenance_job_images/2025/09/IMG_3705.jpeg	2025-09-06 06:05:03.683+00	202	9	IMG_3705.jpg
309	maintenance_job_images/2025/09/IMG_3679.jpeg	2025-09-06 06:06:53.34+00	203	9	IMG_3679.jpg
310	maintenance_job_images/2025/09/IMG_2238.jpeg	2025-09-06 11:48:11.868+00	204	11	IMG_2238.jpg
311	maintenance_job_images/2025/09/IMG_2236.jpeg	2025-09-06 11:48:12.074+00	204	11	IMG_2236.jpg
312	maintenance_job_images/2025/09/IMG_2232.jpeg	2025-09-06 11:48:12.436+00	204	11	IMG_2232.jpg
313	maintenance_job_images/2025/09/IMG_2233.jpeg	2025-09-06 11:48:12.645+00	204	11	IMG_2233.jpg
314	maintenance_job_images/2025/09/IMG_2192.jpeg	2025-09-06 11:50:42.028+00	205	11	IMG_2192.jpg
315	maintenance_job_images/2025/09/IMG_2190.jpeg	2025-09-06 11:50:42.274+00	205	11	IMG_2190.jpg
316	maintenance_job_images/2025/09/IMG_2244.jpeg	2025-09-06 12:12:14.955+00	206	11	IMG_2244.jpg
317	maintenance_job_images/2025/09/IMG_2243.jpeg	2025-09-06 12:12:15.178+00	206	11	IMG_2243.jpg
318	maintenance_job_images/2025/09/IMG_2241.jpeg	2025-09-06 12:12:15.409+00	206	11	IMG_2241.jpg
319	maintenance_job_images/2025/09/IMG_2252.jpeg	2025-09-06 13:04:53.081+00	207	11	IMG_2252.jpg
320	maintenance_job_images/2025/09/IMG_2245.jpeg	2025-09-06 13:04:53.326+00	207	11	IMG_2245.jpg
321	maintenance_job_images/2025/09/IMG_2268.jpeg	2025-09-06 15:15:35.253+00	208	11	IMG_2268.jpg
322	maintenance_job_images/2025/09/IMG_2276.jpeg	2025-09-07 07:18:42.311+00	209	11	IMG_2276.jpg
323	maintenance_job_images/2025/09/IMG_2277.jpeg	2025-09-07 07:18:42.513+00	209	11	IMG_2277.jpg
324	maintenance_job_images/2025/09/IMG_2279.jpeg	2025-09-07 07:18:42.701+00	209	11	IMG_2279.jpg
325	maintenance_job_images/2025/09/IMG_2280.jpeg	2025-09-07 08:17:13.206+00	210	11	IMG_2280.jpg
326	maintenance_job_images/2025/09/IMG_2283.jpeg	2025-09-07 08:17:13.417+00	210	11	IMG_2283.jpg
327	maintenance_job_images/2025/09/IMG_2289.jpeg	2025-09-07 08:55:22.062+00	211	11	IMG_2289.jpg
328	maintenance_job_images/2025/09/IMG_2288.jpeg	2025-09-07 08:55:22.272+00	211	11	IMG_2288.jpg
329	maintenance_job_images/2025/09/IMG_2291.jpeg	2025-09-07 09:18:39.304+00	212	11	IMG_2291.jpg
330	maintenance_job_images/2025/09/IMG_2290.jpeg	2025-09-07 09:18:39.529+00	212	11	IMG_2290.jpg
331	maintenance_job_images/2025/09/1000005984.jpg	2025-09-07 09:26:15.843+00	213	10	1000005984.jpg
332	maintenance_job_images/2025/09/1000005985.jpg	2025-09-07 09:26:16.032+00	213	10	1000005985.jpg
333	maintenance_job_images/2025/09/1000005978.jpg	2025-09-07 09:30:43.783+00	214	10	1000005978.jpg
334	maintenance_job_images/2025/09/1000005987.jpg	2025-09-07 09:34:19.657+00	215	10	1000005987.jpg
335	maintenance_job_images/2025/09/1000005975.jpg	2025-09-07 09:34:19.902+00	215	10	1000005975.jpg
336	maintenance_job_images/2025/09/1000005977.jpg	2025-09-07 09:35:36.72+00	216	10	1000005977.jpg
337	maintenance_job_images/2025/09/1000005974.jpg	2025-09-07 09:39:43.825+00	217	10	1000005974.jpg
338	maintenance_job_images/2025/09/IMG_2297.jpeg	2025-09-07 11:40:15.705+00	218	11	IMG_2297.jpg
339	maintenance_job_images/2025/09/IMG_2298.jpeg	2025-09-07 11:40:15.751+00	218	11	IMG_2298.jpg
340	maintenance_job_images/2025/09/IMG_2320.jpeg	2025-09-07 13:16:21.853+00	219	11	IMG_2320.jpg
341	maintenance_job_images/2025/09/IMG_2187.jpeg	2025-09-08 02:10:40.393+00	220	11	IMG_2187.jpg
342	maintenance_job_images/2025/09/IMG_2190_AXTmo2j.jpeg	2025-09-08 02:10:40.684+00	220	11	IMG_2190.jpg
343	maintenance_job_images/2025/09/IMG_2182.jpeg	2025-09-08 02:10:40.914+00	220	11	IMG_2182.jpg
344	maintenance_job_images/2025/09/IMG_2342.jpeg	2025-09-08 04:06:21.201+00	221	11	IMG_2342.jpg
345	maintenance_job_images/2025/09/IMG_2348.jpeg	2025-09-08 04:29:38.89+00	222	11	IMG_2348.jpg
346	maintenance_job_images/2025/09/IMG_2347.jpeg	2025-09-08 04:29:39.121+00	222	11	IMG_2347.jpg
347	maintenance_job_images/2025/09/IMG_2346.jpeg	2025-09-08 04:29:39.325+00	222	11	IMG_2346.jpg
348	maintenance_job_images/2025/09/IMG_2345.jpeg	2025-09-08 04:29:39.55+00	222	11	IMG_2345.jpg
349	maintenance_job_images/2025/09/IMG_2349.jpeg	2025-09-08 04:48:28.543+00	223	11	IMG_2349.jpg
350	maintenance_job_images/2025/09/IMG_2350.jpeg	2025-09-08 04:49:41.092+00	224	11	IMG_2350.jpg
351	maintenance_job_images/2025/09/IMG_2355.jpeg	2025-09-08 05:36:45.696+00	225	11	IMG_2355.jpg
352	maintenance_job_images/2025/09/IMG_2356.jpeg	2025-09-08 05:36:45.901+00	225	11	IMG_2356.jpg
353	maintenance_job_images/2025/09/IMG_2367.jpeg	2025-09-08 09:25:12.244+00	226	11	IMG_2367.jpg
354	maintenance_job_images/2025/09/IMG_2366.jpeg	2025-09-08 09:25:12.552+00	226	11	IMG_2366.jpg
355	maintenance_job_images/2025/09/IMG_2317.jpeg	2025-09-08 09:25:12.833+00	226	11	IMG_2317.jpg
356	maintenance_job_images/2025/09/IMG_2321.jpeg	2025-09-08 09:25:13.113+00	226	11	IMG_2321.jpg
357	maintenance_job_images/2025/09/IMG_2370.jpeg	2025-09-08 10:04:27.053+00	227	11	IMG_2370.jpg
358	maintenance_job_images/2025/09/IMG_2369.jpeg	2025-09-08 10:04:27.259+00	227	11	IMG_2369.jpg
359	maintenance_job_images/2025/09/IMG_2376.jpeg	2025-09-08 12:02:52.56+00	228	11	IMG_2376.jpg
360	maintenance_job_images/2025/09/IMG_2377.jpeg	2025-09-08 12:02:52.782+00	228	11	IMG_2377.jpg
361	maintenance_job_images/2025/09/IMG_2380.jpeg	2025-09-08 12:06:49.711+00	229	11	IMG_2380.jpg
362	maintenance_job_images/2025/09/IMG_2379.jpeg	2025-09-08 12:06:49.946+00	229	11	IMG_2379.jpg
363	maintenance_job_images/2025/09/IMG_2381.jpeg	2025-09-08 12:17:22.716+00	230	11	IMG_2381.jpg
364	maintenance_job_images/2025/09/IMG_2382.jpeg	2025-09-08 12:17:23.03+00	230	11	IMG_2382.jpg
365	maintenance_job_images/2025/09/IMG_2400.jpeg	2025-09-08 14:36:38.043+00	231	11	IMG_2400.jpg
366	maintenance_job_images/2025/09/IMG_2402.jpeg	2025-09-08 14:52:33.903+00	232	11	IMG_2402.jpg
367	maintenance_job_images/2025/09/IMG_2401.jpeg	2025-09-08 14:52:34.136+00	232	11	IMG_2401.jpg
368	maintenance_job_images/2025/09/IMG_3782.jpeg	2025-09-09 09:20:29.279+00	233	9	IMG_3782.jpg
369	maintenance_job_images/2025/09/IMG_3786.jpeg	2025-09-09 10:48:53.112+00	234	9	IMG_3786.jpg
370	maintenance_job_images/2025/09/IMG_3790.jpeg	2025-09-09 10:48:53.178+00	234	9	IMG_3790.jpg
371	maintenance_job_images/2025/09/IMG_3792.jpeg	2025-09-09 11:54:40.275+00	235	9	IMG_3792.jpg
372	maintenance_job_images/2025/09/IMG_3793.jpeg	2025-09-09 11:54:40.545+00	235	9	IMG_3793.jpg
373	maintenance_job_images/2025/09/1000006060.jpg	2025-09-09 12:46:29.199+00	236	10	1000006060.jpg
374	maintenance_job_images/2025/09/1000006059.jpg	2025-09-09 12:46:29.408+00	236	10	1000006059.jpg
375	maintenance_job_images/2025/09/1000006086.jpg	2025-09-09 12:50:11.939+00	237	10	1000006086.jpg
376	maintenance_job_images/2025/09/1000006087.jpg	2025-09-09 12:50:12.104+00	237	10	1000006087.jpg
377	maintenance_job_images/2025/09/1000006107.jpg	2025-09-09 12:52:54.946+00	238	10	1000006107.jpg
378	maintenance_job_images/2025/09/1000006065.jpg	2025-09-09 12:52:55.192+00	238	10	1000006065.jpg
379	maintenance_job_images/2025/09/1000006108.jpg	2025-09-09 12:55:52.491+00	239	10	1000006108.jpg
380	maintenance_job_images/2025/09/1000006055.jpg	2025-09-09 12:55:52.653+00	239	10	1000006055.jpg
381	maintenance_job_images/2025/09/1000006137.jpg	2025-09-10 12:04:12.82+00	240	10	1000006137.jpg
382	maintenance_job_images/2025/09/1000006062.jpg	2025-09-10 12:06:54.238+00	241	10	1000006062.jpg
383	maintenance_job_images/2025/09/1000006129.jpg	2025-09-10 12:06:54.477+00	241	10	1000006129.jpg
384	maintenance_job_images/2025/09/IMG_2480.jpeg	2025-09-11 03:24:30.37+00	242	11	IMG_2480.jpg
385	maintenance_job_images/2025/09/IMG_2482.jpeg	2025-09-11 03:24:30.66+00	242	11	IMG_2482.jpg
386	maintenance_job_images/2025/09/IMG_2483.jpeg	2025-09-11 03:44:08.544+00	243	11	IMG_2483.jpg
387	maintenance_job_images/2025/09/IMG_2484.jpeg	2025-09-11 03:44:08.794+00	243	11	IMG_2484.jpg
388	maintenance_job_images/2025/09/IMG_2486.jpeg	2025-09-11 03:47:28.157+00	244	11	IMG_2486.jpg
389	maintenance_job_images/2025/09/IMG_2485.jpeg	2025-09-11 03:47:28.388+00	244	11	IMG_2485.jpg
390	maintenance_job_images/2025/09/IMG_2513.jpeg	2025-09-11 09:04:36.808+00	245	11	IMG_2513.jpg
391	maintenance_job_images/2025/09/IMG_2509.jpeg	2025-09-11 09:11:36.228+00	246	11	IMG_2509.jpg
392	maintenance_job_images/2025/09/IMG_2517.jpeg	2025-09-11 09:38:11.524+00	247	11	IMG_2517.jpg
393	maintenance_job_images/2025/09/IMG_2516.jpeg	2025-09-11 09:38:11.764+00	247	11	IMG_2516.jpg
394	maintenance_job_images/2025/09/IMG_2518.jpeg	2025-09-11 09:41:22.671+00	248	11	IMG_2518.jpg
395	maintenance_job_images/2025/09/IMG_2519.jpeg	2025-09-11 09:41:22.891+00	248	11	IMG_2519.jpg
396	maintenance_job_images/2025/09/IMG_2488.jpeg	2025-09-11 10:24:51.772+00	249	11	IMG_2488.jpg
397	maintenance_job_images/2025/09/IMG_2490.jpeg	2025-09-11 10:24:52.029+00	249	11	IMG_2490.jpg
398	maintenance_job_images/2025/09/IMG_2520.jpeg	2025-09-11 10:24:52.283+00	249	11	IMG_2520.jpg
399	maintenance_job_images/2025/09/IMG_2716.jpeg	2025-09-15 08:45:30.688+00	250	11	IMG_2716.jpg
406	maintenance_job_images/2025/09/1000006307.jpg	2025-09-16 18:38:29.900459+00	257	10	1000006307.jpg
416	maintenance_job_images/2025/09/1000006313.jpg	2025-09-16 19:12:14.720365+00	264	10	1000006313.jpg
424	maintenance_job_images/2025/09/IMG_4046.jpeg	2025-09-17 10:35:46.460398+00	269	9	IMG_4046.jpg
425	maintenance_job_images/2025/09/IMG_4048.jpeg	2025-09-17 10:35:46.71844+00	269	9	IMG_4048.jpg
426	maintenance_job_images/2025/09/IMG_4049.jpeg	2025-09-17 10:35:46.982774+00	269	9	IMG_4049.jpg
427	maintenance_job_images/2025/09/IMG_4053.jpeg	2025-09-17 10:39:28.128926+00	270	9	IMG_4053.jpg
428	maintenance_job_images/2025/09/IMG_4054.jpeg	2025-09-17 10:46:54.792116+00	271	9	IMG_4054.jpg
429	maintenance_job_images/2025/09/IMG_4052.jpeg	2025-09-17 10:49:03.930674+00	272	9	IMG_4052.jpg
430	maintenance_job_images/2025/09/IMG_4051.jpeg	2025-09-17 10:49:04.195356+00	272	9	IMG_4051.jpg
431	maintenance_job_images/2025/09/IMG_4082.jpeg	2025-09-18 06:00:20.360325+00	273	9	IMG_4082.jpg
432	maintenance_job_images/2025/09/IMG_4084.jpeg	2025-09-18 06:32:55.956978+00	274	9	IMG_4084.jpg
433	maintenance_job_images/2025/09/1000006352.jpg	2025-09-18 06:55:35.133438+00	275	10	1000006352.jpg
434	maintenance_job_images/2025/09/1000006351.jpg	2025-09-18 06:55:35.501825+00	275	10	1000006351.jpg
435	maintenance_job_images/2025/09/1000006366.jpg	2025-09-18 06:57:15.515131+00	276	10	1000006366.jpg
436	maintenance_job_images/2025/09/1000006365.jpg	2025-09-18 06:58:40.849842+00	277	10	1000006365.jpg
437	maintenance_job_images/2025/09/1000006359.jpg	2025-09-18 07:00:04.009315+00	278	10	1000006359.jpg
438	maintenance_job_images/2025/09/1000006355.jpg	2025-09-18 07:01:17.168349+00	279	10	1000006355.jpg
439	maintenance_job_images/2025/09/1000006349.jpg	2025-09-18 07:03:04.835134+00	280	10	1000006349.jpg
440	maintenance_job_images/2025/09/IMG_4086.jpeg	2025-09-18 09:41:14.859253+00	281	9	IMG_4086.jpg
441	maintenance_job_images/2025/09/IMG_2721.jpeg	2025-09-18 10:21:53.999818+00	282	11	IMG_2721.jpg
442	maintenance_job_images/2025/09/IMG_2716_N7nKDkh.jpeg	2025-09-18 10:22:49.980748+00	283	11	IMG_2716.jpg
443	maintenance_job_images/2025/09/IMG_2714.jpeg	2025-09-18 10:24:07.81802+00	284	11	IMG_2714.jpg
444	maintenance_job_images/2025/09/IMG_2717.jpeg	2025-09-18 10:24:08.081034+00	284	11	IMG_2717.jpg
445	maintenance_job_images/2025/09/IMG_2714_XwC05yG.jpeg	2025-09-18 10:24:59.730112+00	285	11	IMG_2714.jpg
446	maintenance_job_images/2025/09/IMG_2717_5WfHTwa.jpeg	2025-09-18 10:24:59.976479+00	285	11	IMG_2717.jpg
447	maintenance_job_images/2025/09/IMG_2803.jpeg	2025-09-18 10:59:12.917266+00	286	11	IMG_2803.jpg
448	maintenance_job_images/2025/09/IMG_2805.jpeg	2025-09-18 11:00:59.354572+00	287	11	IMG_2805.jpg
449	maintenance_job_images/2025/09/IMG_2804.jpeg	2025-09-18 11:00:59.655315+00	287	11	IMG_2804.jpg
450	maintenance_job_images/2025/09/IMG_2806.jpeg	2025-09-18 11:02:07.792262+00	288	11	IMG_2806.jpg
451	maintenance_job_images/2025/09/IMG_2807.jpeg	2025-09-18 11:02:07.885847+00	288	11	IMG_2807.jpg
454	maintenance_job_images/2025/09/IMG_2857.jpeg	2025-09-19 10:00:24.035498+00	291	11	IMG_2857.jpg
455	maintenance_job_images/2025/09/IMG_2860.jpeg	2025-09-19 10:24:58.096752+00	292	11	IMG_2860.jpg
456	maintenance_job_images/2025/09/IMG_2874.jpeg	2025-09-19 15:15:21.41276+00	293	11	IMG_2874.jpg
457	maintenance_job_images/2025/09/IMG_4139.jpeg	2025-09-20 03:34:03.568268+00	294	9	IMG_4139.jpg
458	maintenance_job_images/2025/09/IMG_4124.jpeg	2025-09-20 03:34:03.876466+00	294	9	IMG_4124.jpg
459	maintenance_job_images/2025/09/IMG_4159.jpeg	2025-09-20 06:45:47.170952+00	295	9	IMG_4159.jpg
460	maintenance_job_images/2025/09/IMG_4158.jpeg	2025-09-20 06:45:47.468943+00	295	9	IMG_4158.jpg
461	maintenance_job_images/2025/09/IMG_4157.jpeg	2025-09-20 06:45:47.694436+00	295	9	IMG_4157.jpg
462	maintenance_job_images/2025/09/1000006458.jpg	2025-09-21 03:43:02.719602+00	296	10	1000006458.jpg
463	maintenance_job_images/2025/09/1000006457.jpg	2025-09-21 03:43:50.505593+00	297	10	1000006457.jpg
464	maintenance_job_images/2025/09/1000006445.jpg	2025-09-21 03:44:41.37616+00	298	10	1000006445.jpg
465	maintenance_job_images/2025/09/1000006446.jpg	2025-09-21 03:44:41.632167+00	298	10	1000006446.jpg
466	maintenance_job_images/2025/09/1000006474.jpg	2025-09-21 03:45:58.570166+00	299	10	1000006474.jpg
467	maintenance_job_images/2025/09/IMG_2925.jpeg	2025-09-21 08:19:16.721595+00	300	11	IMG_2925.jpg
468	maintenance_job_images/2025/09/IMG_2924.jpeg	2025-09-21 08:19:16.972129+00	300	11	IMG_2924.jpg
469	maintenance_job_images/2025/09/IMG_2928.jpeg	2025-09-21 09:08:51.903855+00	301	11	IMG_2928.jpg
470	maintenance_job_images/2025/09/IMG_2929.jpeg	2025-09-21 09:08:52.172634+00	301	11	IMG_2929.jpg
471	maintenance_job_images/2025/09/IMG_2920.jpeg	2025-09-21 09:10:03.058548+00	302	11	IMG_2920.jpg
472	maintenance_job_images/2025/09/IMG_2917.jpeg	2025-09-21 09:10:03.428282+00	302	11	IMG_2917.jpg
473	maintenance_job_images/2025/09/IMG_2921.jpeg	2025-09-21 09:11:13.638971+00	303	11	IMG_2921.jpg
474	maintenance_job_images/2025/09/IMG_2926.jpeg	2025-09-21 09:12:12.522304+00	304	11	IMG_2926.jpg
475	maintenance_job_images/2025/09/IMG_2927.jpeg	2025-09-21 09:12:12.813632+00	304	11	IMG_2927.jpg
476	maintenance_job_images/2025/09/IMG_2929_6l1iBCi.jpeg	2025-09-21 09:13:46.042608+00	305	11	IMG_2929.jpg
477	maintenance_job_images/2025/09/1000006448.jpg	2025-09-21 09:22:10.971745+00	306	10	1000006448.jpg
478	maintenance_job_images/2025/09/1000006452.jpg	2025-09-21 09:22:11.222993+00	306	10	1000006452.jpg
479	maintenance_job_images/2025/09/1000006452_cJWaMpm.jpg	2025-09-21 09:25:28.876138+00	307	10	1000006452.jpg
480	maintenance_job_images/2025/09/1000006447.jpg	2025-09-21 09:25:29.186874+00	307	10	1000006447.jpg
481	maintenance_job_images/2025/09/1000006484.jpg	2025-09-21 09:28:40.1117+00	308	10	1000006484.jpg
482	maintenance_job_images/2025/09/1000006490.jpg	2025-09-21 09:28:40.185462+00	308	10	1000006490.jpg
483	maintenance_job_images/2025/09/1000006448_CjMvPnQ.jpg	2025-09-21 09:30:30.560681+00	309	10	1000006448.jpg
484	maintenance_job_images/2025/09/1000006452_J1VtaMk.jpg	2025-09-21 09:30:30.848276+00	309	10	1000006452.jpg
485	maintenance_job_images/2025/09/1000006477.jpg	2025-09-21 09:33:04.472348+00	310	10	1000006477.jpg
486	maintenance_job_images/2025/09/1000006472.jpg	2025-09-21 09:33:04.746985+00	310	10	1000006472.jpg
487	maintenance_job_images/2025/09/1000006477_jyVO0lc.jpg	2025-09-21 09:33:14.926343+00	311	10	1000006477.jpg
488	maintenance_job_images/2025/09/1000006472_uNM79CT.jpg	2025-09-21 09:33:15.196551+00	311	10	1000006472.jpg
489	maintenance_job_images/2025/09/1000006473.jpg	2025-09-21 09:34:54.161815+00	312	10	1000006473.jpg
490	maintenance_job_images/2025/09/1000006452_vTvHaiE.jpg	2025-09-21 09:34:54.391939+00	312	10	1000006452.jpg
491	maintenance_job_images/2025/09/1000006473_FO4c4N4.jpg	2025-09-21 09:36:09.975904+00	313	10	1000006473.jpg
492	maintenance_job_images/2025/09/1000006472_VSLm8rG.jpg	2025-09-21 09:36:10.291821+00	313	10	1000006472.jpg
493	maintenance_job_images/2025/09/1000006456.jpg	2025-09-21 09:37:49.608981+00	314	10	1000006456.jpg
494	maintenance_job_images/2025/09/1000006456_7EKE3il.jpg	2025-09-21 09:39:32.155827+00	315	10	1000006456.jpg
495	maintenance_job_images/2025/09/1000006472_1IFeSqM.jpg	2025-09-21 09:41:07.979952+00	316	10	1000006472.jpg
496	maintenance_job_images/2025/09/1000006483.jpg	2025-09-21 09:41:08.270904+00	316	10	1000006483.jpg
497	maintenance_job_images/2025/09/1000006484_3aHaMPL.jpg	2025-09-21 09:42:50.113292+00	317	10	1000006484.jpg
498	maintenance_job_images/2025/09/1000006472_xoy7Q9v.jpg	2025-09-21 09:42:50.397925+00	317	10	1000006472.jpg
499	maintenance_job_images/2025/09/1000006472_JsxuPjX.jpg	2025-09-21 09:44:26.038731+00	318	10	1000006472.jpg
500	maintenance_job_images/2025/09/1000006473_9TXXDL7.jpg	2025-09-21 09:44:26.340492+00	318	10	1000006473.jpg
501	maintenance_job_images/2025/09/1000006486.jpg	2025-09-21 09:45:30.128127+00	319	10	1000006486.jpg
502	maintenance_job_images/2025/09/1000006452_A1zoONW.jpg	2025-09-21 09:45:30.441858+00	319	10	1000006452.jpg
503	maintenance_job_images/2025/09/1000006477_rYI5P1E.jpg	2025-09-21 09:46:56.992565+00	320	10	1000006477.jpg
504	maintenance_job_images/2025/09/1000006472_raVsc51.jpg	2025-09-21 09:46:57.27833+00	320	10	1000006472.jpg
505	maintenance_job_images/2025/09/1000006472_zfW0VcX.jpg	2025-09-21 09:50:25.228144+00	321	10	1000006472.jpg
506	maintenance_job_images/2025/09/1000006477_3gHTVq9.jpg	2025-09-21 09:50:25.479254+00	321	10	1000006477.jpg
507	maintenance_job_images/2025/09/1000006484_CmNxLbv.jpg	2025-09-21 09:51:27.111556+00	322	10	1000006484.jpg
508	maintenance_job_images/2025/09/1000006472_5jDHEUK.jpg	2025-09-21 09:51:27.394032+00	322	10	1000006472.jpg
509	maintenance_job_images/2025/09/IMG_2941.jpeg	2025-09-21 14:19:47.017161+00	323	11	IMG_2941.jpg
510	maintenance_job_images/2025/09/IMG_2944.jpeg	2025-09-21 14:19:47.332794+00	323	11	IMG_2944.jpg
511	maintenance_job_images/2025/09/IMG_2939.jpeg	2025-09-21 14:19:47.573524+00	323	11	IMG_2939.jpg
512	maintenance_job_images/2025/09/IMG_2936.jpeg	2025-09-21 14:21:57.302016+00	324	11	IMG_2936.jpg
513	maintenance_job_images/2025/09/IMG_2951.jpeg	2025-09-21 14:21:57.545328+00	324	11	IMG_2951.jpg
514	maintenance_job_images/2025/09/IMG_2978.jpeg	2025-09-22 05:53:10.952419+00	325	11	IMG_2978.jpg
515	maintenance_job_images/2025/09/IMG_2979.jpeg	2025-09-22 05:53:11.223995+00	325	11	IMG_2979.jpg
516	maintenance_job_images/2025/09/IMG_2980.jpeg	2025-09-22 05:53:11.498905+00	325	11	IMG_2980.jpg
517	maintenance_job_images/2025/09/IMG_2981.jpeg	2025-09-22 05:53:11.745328+00	325	11	IMG_2981.jpg
518	maintenance_job_images/2025/09/IMG_4188.jpeg	2025-09-22 06:00:33.598554+00	326	9	IMG_4188.jpg
519	maintenance_job_images/2025/09/IMG_4185.jpeg	2025-09-22 06:00:33.996358+00	326	9	IMG_4185.jpg
520	maintenance_job_images/2025/09/IMG_4182.jpeg	2025-09-22 07:20:18.452482+00	327	9	IMG_4182.jpg
521	maintenance_job_images/2025/09/IMG_4211.jpeg	2025-09-22 07:22:04.527356+00	328	9	IMG_4211.jpg
522	maintenance_job_images/2025/09/IMG_4212.jpeg	2025-09-22 07:22:04.853219+00	328	9	IMG_4212.jpg
523	maintenance_job_images/2025/09/IMG_4217.jpeg	2025-09-22 07:38:15.754128+00	329	9	IMG_4217.jpg
524	maintenance_job_images/2025/09/IMG_4216.jpeg	2025-09-22 07:40:25.05392+00	330	9	IMG_4216.jpg
525	maintenance_job_images/2025/09/IMG_4214.jpeg	2025-09-22 07:40:25.375321+00	330	9	IMG_4214.jpg
526	maintenance_job_images/2025/09/IMG_2998.jpeg	2025-09-22 07:50:22.742268+00	331	11	IMG_2998.jpg
527	maintenance_job_images/2025/09/IMG_2997.jpeg	2025-09-22 07:50:23.100157+00	331	11	IMG_2997.jpg
528	maintenance_job_images/2025/09/IMG_2996.jpeg	2025-09-22 07:50:23.387731+00	331	11	IMG_2996.jpg
529	maintenance_job_images/2025/09/IMG_2993.jpeg	2025-09-22 07:53:29.199952+00	332	11	IMG_2993.jpg
530	maintenance_job_images/2025/09/IMG_2994.jpeg	2025-09-22 07:53:29.511925+00	332	11	IMG_2994.jpg
531	maintenance_job_images/2025/09/IMG_2995.jpeg	2025-09-22 07:53:29.793881+00	332	11	IMG_2995.jpg
532	maintenance_job_images/2025/09/IMG_4200.jpeg	2025-09-22 07:56:40.555939+00	333	9	IMG_4200.jpg
533	maintenance_job_images/2025/09/IMG_4197.jpeg	2025-09-22 07:56:40.694181+00	333	9	IMG_4197.jpg
534	maintenance_job_images/2025/09/IMG_4221.jpeg	2025-09-22 08:29:29.963449+00	334	9	IMG_4221.jpg
535	maintenance_job_images/2025/09/IMG_4222.jpeg	2025-09-22 08:48:34.257446+00	335	9	IMG_4222.jpg
536	maintenance_job_images/2025/09/IMG_4223.jpeg	2025-09-22 08:48:34.579035+00	335	9	IMG_4223.jpg
537	maintenance_job_images/2025/09/IMG_3017.jpeg	2025-09-22 10:48:42.430737+00	336	11	IMG_3017.jpg
538	maintenance_job_images/2025/09/1000006481.jpg	2025-09-22 14:41:05.384287+00	337	10	1000006481.jpg
539	maintenance_job_images/2025/09/1000006490_3CRGdI2.jpg	2025-09-22 14:41:05.453887+00	337	10	1000006490.jpg
540	maintenance_job_images/2025/09/1000006473_34qbqqU.jpg	2025-09-22 14:43:29.336978+00	338	10	1000006473.jpg
541	maintenance_job_images/2025/09/1000006472_UoVPXgp.jpg	2025-09-22 14:43:29.645843+00	338	10	1000006472.jpg
542	maintenance_job_images/2025/09/1000006447_6ZHZNMP.jpg	2025-09-22 14:45:28.774428+00	339	10	1000006447.jpg
543	maintenance_job_images/2025/09/1000006452_tCfcZSo.jpg	2025-09-22 14:45:29.045955+00	339	10	1000006452.jpg
544	maintenance_job_images/2025/09/1000006456_EUwKTy1.jpg	2025-09-22 14:46:44.499646+00	340	10	1000006456.jpg
545	maintenance_job_images/2025/09/1000006471.jpg	2025-09-22 14:46:44.777099+00	340	10	1000006471.jpg
546	maintenance_job_images/2025/09/1000006488.jpg	2025-09-22 14:48:07.301939+00	341	10	1000006488.jpg
547	maintenance_job_images/2025/09/1000006448_Xu8oEtb.jpg	2025-09-22 14:48:07.572572+00	341	10	1000006448.jpg
548	maintenance_job_images/2025/09/1000006473_a97ZR6e.jpg	2025-09-22 14:49:33.565276+00	342	10	1000006473.jpg
549	maintenance_job_images/2025/09/1000006480.jpg	2025-09-22 14:49:33.64103+00	342	10	1000006480.jpg
550	maintenance_job_images/2025/09/1000006482.jpg	2025-09-22 14:51:03.408248+00	343	10	1000006482.jpg
551	maintenance_job_images/2025/09/1000006480_CWzLCZ5.jpg	2025-09-22 14:51:03.490881+00	343	10	1000006480.jpg
552	maintenance_job_images/2025/09/1000006480_E19zNgR.jpg	2025-09-22 14:52:15.775574+00	344	10	1000006480.jpg
553	maintenance_job_images/2025/09/1000006481_ZP6iG6S.jpg	2025-09-22 14:52:16.008182+00	344	10	1000006481.jpg
554	maintenance_job_images/2025/09/1000006488_jh8Qvmh.jpg	2025-09-22 15:00:34.349451+00	345	10	1000006488.jpg
555	maintenance_job_images/2025/09/1000006481_mbwzpb4.jpg	2025-09-22 15:00:34.604924+00	345	10	1000006481.jpg
556	maintenance_job_images/2025/09/1000006478.jpg	2025-09-22 15:01:48.682203+00	346	10	1000006478.jpg
557	maintenance_job_images/2025/09/1000006487.jpg	2025-09-22 15:02:50.983174+00	347	10	1000006487.jpg
558	maintenance_job_images/2025/09/1000006477_v37bsvp.jpg	2025-09-22 15:02:51.23702+00	347	10	1000006477.jpg
559	maintenance_job_images/2025/09/1000006470.jpg	2025-09-22 15:04:08.096532+00	348	10	1000006470.jpg
560	maintenance_job_images/2025/09/1000006456_b3gXOVB.jpg	2025-09-22 15:04:08.401911+00	348	10	1000006456.jpg
561	maintenance_job_images/2025/09/1000006480_PDuqf0d.jpg	2025-09-22 15:05:10.702441+00	349	10	1000006480.jpg
562	maintenance_job_images/2025/09/1000006473_WYWZKPd.jpg	2025-09-22 15:05:10.936302+00	349	10	1000006473.jpg
563	maintenance_job_images/2025/09/1000006487_BTu6S5L.jpg	2025-09-22 15:06:54.65645+00	350	10	1000006487.jpg
564	maintenance_job_images/2025/09/1000006484_Cxkko1A.jpg	2025-09-22 15:06:54.910479+00	350	10	1000006484.jpg
565	maintenance_job_images/2025/09/1000006492.jpg	2025-09-22 15:08:11.545247+00	351	10	1000006492.jpg
566	maintenance_job_images/2025/09/1000006486_py9HuhP.jpg	2025-09-22 15:08:11.80121+00	351	10	1000006486.jpg
567	maintenance_job_images/2025/09/1000006484_GkmB2Nc.jpg	2025-09-22 15:09:08.695235+00	352	10	1000006484.jpg
568	maintenance_job_images/2025/09/1000006480_fE2Rg97.jpg	2025-09-22 15:09:08.825099+00	352	10	1000006480.jpg
569	maintenance_job_images/2025/09/1000006485.jpg	2025-09-22 15:11:14.364091+00	353	10	1000006485.jpg
570	maintenance_job_images/2025/09/1000006472_h0RRxka.jpg	2025-09-22 15:11:14.639215+00	353	10	1000006472.jpg
571	maintenance_job_images/2025/09/1000006484_bqEtEcc.jpg	2025-09-22 15:12:39.044125+00	354	10	1000006484.jpg
572	maintenance_job_images/2025/09/1000006489.jpg	2025-09-22 15:12:39.131606+00	354	10	1000006489.jpg
573	maintenance_job_images/2025/09/1000006485_M5gi5rx.jpg	2025-09-22 15:13:53.878084+00	355	10	1000006485.jpg
574	maintenance_job_images/2025/09/1000006483_zpcOAdL.jpg	2025-09-22 15:13:54.22599+00	355	10	1000006483.jpg
575	maintenance_job_images/2025/09/1000006483_6CosS25.jpg	2025-09-22 15:15:05.500011+00	356	10	1000006483.jpg
576	maintenance_job_images/2025/09/1000006472_vqGryZO.jpg	2025-09-22 15:15:05.870287+00	356	10	1000006472.jpg
577	maintenance_job_images/2025/09/1000006490_rolYobE.jpg	2025-09-22 15:15:55.831984+00	357	10	1000006490.jpg
578	maintenance_job_images/2025/09/1000006485_57DrUFa.jpg	2025-09-22 15:15:56.101399+00	357	10	1000006485.jpg
579	maintenance_job_images/2025/09/1000006485_XuMvr71.jpg	2025-09-22 15:17:08.866662+00	358	10	1000006485.jpg
580	maintenance_job_images/2025/09/1000006472_XU64Bwz.jpg	2025-09-22 15:17:09.122792+00	358	10	1000006472.jpg
581	maintenance_job_images/2025/09/1000006485_Xakph80.jpg	2025-09-22 15:18:05.594317+00	359	10	1000006485.jpg
582	maintenance_job_images/2025/09/1000006481_GgYt4qQ.jpg	2025-09-22 15:18:05.867379+00	359	10	1000006481.jpg
583	maintenance_job_images/2025/09/1000006492_pQ86UWE.jpg	2025-09-22 15:19:41.800995+00	360	10	1000006492.jpg
584	maintenance_job_images/2025/09/1000006485_hpWPcpn.jpg	2025-09-22 15:19:42.026115+00	360	10	1000006485.jpg
585	maintenance_job_images/2025/09/1000006485_Ekdz4aQ.jpg	2025-09-22 15:21:37.861431+00	361	10	1000006485.jpg
586	maintenance_job_images/2025/09/1000006473_dO9o0HO.jpg	2025-09-22 15:21:38.140424+00	361	10	1000006473.jpg
587	maintenance_job_images/2025/09/1000006481_r1mAJM8.jpg	2025-09-22 15:23:18.865912+00	362	10	1000006481.jpg
588	maintenance_job_images/2025/09/1000006480_fShcYoC.jpg	2025-09-22 15:23:18.952404+00	362	10	1000006480.jpg
589	maintenance_job_images/2025/09/IMG_3007.jpeg	2025-09-22 16:02:18.136358+00	363	11	IMG_3007.jpg
590	maintenance_job_images/2025/09/IMG_3001.jpeg	2025-09-22 16:02:18.378732+00	363	11	IMG_3001.jpg
591	maintenance_job_images/2025/09/IMG_3011.jpeg	2025-09-22 16:02:18.614473+00	363	11	IMG_3011.jpg
592	maintenance_job_images/2025/09/IMG_3022.jpeg	2025-09-22 16:02:18.856411+00	363	11	IMG_3022.jpg
593	maintenance_job_images/2025/09/IMG_3023.jpeg	2025-09-22 16:02:19.077749+00	363	11	IMG_3023.jpg
594	maintenance_job_images/2025/09/1000006510.jpg	2025-09-22 16:27:10.2235+00	364	10	1000006510.jpg
595	maintenance_job_images/2025/09/1000006513.jpg	2025-09-22 16:27:10.474752+00	364	10	1000006513.jpg
596	maintenance_job_images/2025/09/1000006522.jpg	2025-09-22 16:27:10.667662+00	364	10	1000006522.jpg
597	maintenance_job_images/2025/09/1000006560.jpg	2025-09-23 12:16:16.339149+00	365	10	1000006560.jpg
598	maintenance_job_images/2025/09/1000006561.jpg	2025-09-23 12:16:16.598698+00	365	10	1000006561.jpg
599	maintenance_job_images/2025/09/1000006564.jpg	2025-09-23 12:19:24.078231+00	366	10	1000006564.jpg
600	maintenance_job_images/2025/09/1000006563.jpg	2025-09-23 12:19:24.286016+00	366	10	1000006563.jpg
601	maintenance_job_images/2025/09/1000006562.jpg	2025-09-23 12:20:46.010499+00	367	10	1000006562.jpg
602	maintenance_job_images/2025/09/1000006570.jpg	2025-09-23 12:20:46.217334+00	367	10	1000006570.jpg
603	maintenance_job_images/2025/09/1000006575.jpg	2025-09-23 12:21:43.67859+00	368	10	1000006575.jpg
604	maintenance_job_images/2025/09/1000006571.jpg	2025-09-23 12:21:43.878651+00	368	10	1000006571.jpg
605	maintenance_job_images/2025/09/1000006574.jpg	2025-09-23 12:21:44.155002+00	368	10	1000006574.jpg
606	maintenance_job_images/2025/09/1000006567.jpg	2025-09-23 12:23:15.9521+00	369	10	1000006567.jpg
607	maintenance_job_images/2025/09/1000006565.jpg	2025-09-23 12:23:16.151013+00	369	10	1000006565.jpg
608	maintenance_job_images/2025/09/1000006480_M91gyM9.jpg	2025-09-23 12:25:31.170952+00	370	10	1000006480.jpg
609	maintenance_job_images/2025/09/1000006483_fAvslwh.jpg	2025-09-23 12:25:31.504703+00	370	10	1000006483.jpg
610	maintenance_job_images/2025/09/1000006567_pVYuS5i.jpg	2025-09-23 12:26:49.779509+00	371	10	1000006567.jpg
611	maintenance_job_images/2025/09/1000006568.jpg	2025-09-23 12:26:49.962037+00	371	10	1000006568.jpg
612	maintenance_job_images/2025/09/1000006588.jpg	2025-09-23 12:28:11.412332+00	372	10	1000006588.jpg
613	maintenance_job_images/2025/09/1000006556.jpg	2025-09-23 12:29:38.259633+00	373	10	1000006556.jpg
614	maintenance_job_images/2025/09/1000006557.jpg	2025-09-23 12:29:38.506969+00	373	10	1000006557.jpg
615	maintenance_job_images/2025/09/1000006554.jpg	2025-09-23 12:32:17.550299+00	374	10	1000006554.jpg
616	maintenance_job_images/2025/09/1000006550.jpg	2025-09-23 12:33:25.145535+00	375	10	1000006550.jpg
617	maintenance_job_images/2025/09/1000006589.jpg	2025-09-23 12:35:10.576239+00	376	10	1000006589.jpg
618	maintenance_job_images/2025/09/1000006590.jpg	2025-09-23 12:35:11.033229+00	376	10	1000006590.jpg
619	maintenance_job_images/2025/09/IMG_4239.jpeg	2025-09-23 12:45:20.069082+00	377	9	IMG_4239.jpg
620	maintenance_job_images/2025/09/IMG_4244.jpeg	2025-09-23 12:45:20.402924+00	377	9	IMG_4244.jpg
621	maintenance_job_images/2025/09/IMG_4235.jpeg	2025-09-23 12:46:52.990751+00	378	9	IMG_4235.jpg
622	maintenance_job_images/2025/09/IMG_4236.jpeg	2025-09-23 12:46:53.291115+00	378	9	IMG_4236.jpg
623	maintenance_job_images/2025/09/IMG_4245.jpeg	2025-09-23 12:49:07.662826+00	379	9	IMG_4245.jpg
624	maintenance_job_images/2025/09/IMG_4246.jpeg	2025-09-23 12:50:25.791241+00	380	9	IMG_4246.jpg
625	maintenance_job_images/2025/09/IMG_4247.jpeg	2025-09-23 12:51:37.970476+00	381	9	IMG_4247.jpg
626	maintenance_job_images/2025/09/IMG_4237.jpeg	2025-09-23 12:53:24.507886+00	382	9	IMG_4237.jpg
627	maintenance_job_images/2025/09/IMG_4238.jpeg	2025-09-23 12:54:24.94098+00	383	9	IMG_4238.jpg
628	maintenance_job_images/2025/09/IMG_4242.jpeg	2025-09-23 12:56:33.402688+00	384	9	IMG_4242.jpg
629	maintenance_job_images/2025/09/IMG_4248.jpeg	2025-09-23 12:56:33.494718+00	384	9	IMG_4248.jpg
630	maintenance_job_images/2025/09/IMG_4249.jpeg	2025-09-23 12:58:09.66408+00	385	9	IMG_4249.jpg
631	maintenance_job_images/2025/09/IMG_4243.jpeg	2025-09-23 12:58:09.96927+00	385	9	IMG_4243.jpg
632	maintenance_job_images/2025/09/IMG_4263.jpeg	2025-09-24 08:57:54.028877+00	386	9	IMG_4263.jpg
633	maintenance_job_images/2025/09/IMG_4267.jpeg	2025-09-24 08:59:19.704135+00	387	9	IMG_4267.jpg
634	maintenance_job_images/2025/09/IMG_4268.jpeg	2025-09-24 08:59:20.213278+00	387	9	IMG_4268.jpg
635	maintenance_job_images/2025/09/IMG_4274.jpeg	2025-09-24 09:30:00.198142+00	388	9	IMG_4274.jpg
636	maintenance_job_images/2025/09/IMG_4215.jpeg	2025-09-24 09:30:00.596572+00	388	9	IMG_4215.jpg
637	maintenance_job_images/2025/09/IMG_4273.jpeg	2025-09-24 09:31:07.625578+00	389	9	IMG_4273.jpg
638	maintenance_job_images/2025/09/IMG_4270.jpeg	2025-09-24 09:31:07.941354+00	389	9	IMG_4270.jpg
639	maintenance_job_images/2025/09/IMG_4276.jpeg	2025-09-24 09:42:54.292088+00	390	9	IMG_4276.jpg
640	maintenance_job_images/2025/09/IMG_4275.jpeg	2025-09-24 09:42:54.603948+00	390	9	IMG_4275.jpg
641	maintenance_job_images/2025/09/IMG_4277.jpeg	2025-09-24 09:42:54.907672+00	390	9	IMG_4277.jpg
642	maintenance_job_images/2025/09/1000006623.jpg	2025-09-24 09:50:29.746557+00	391	10	1000006623.jpg
643	maintenance_job_images/2025/09/1000006624.jpg	2025-09-24 09:50:30.106583+00	391	10	1000006624.jpg
644	maintenance_job_images/2025/09/1000006626.jpg	2025-09-24 09:52:48.210989+00	392	10	1000006626.jpg
645	maintenance_job_images/2025/09/1000006627.jpg	2025-09-24 09:52:48.576806+00	392	10	1000006627.jpg
646	maintenance_job_images/2025/09/1000006627_DaDhbwk.jpg	2025-09-24 09:54:22.565458+00	393	10	1000006627.jpg
647	maintenance_job_images/2025/09/1000006625.jpg	2025-09-24 09:54:22.867691+00	393	10	1000006625.jpg
648	maintenance_job_images/2025/09/1000006629.jpg	2025-09-24 09:55:20.460541+00	394	10	1000006629.jpg
649	maintenance_job_images/2025/09/1000006631.jpg	2025-09-24 09:55:20.676498+00	394	10	1000006631.jpg
650	maintenance_job_images/2025/09/1000006633.jpg	2025-09-24 09:56:22.991967+00	395	10	1000006633.jpg
651	maintenance_job_images/2025/09/1000006632.jpg	2025-09-24 09:56:23.26724+00	395	10	1000006632.jpg
652	maintenance_job_images/2025/09/1000006623_2wJnKZq.jpg	2025-09-24 09:58:11.886636+00	396	10	1000006623.jpg
653	maintenance_job_images/2025/09/1000006627_Rn21VNs.jpg	2025-09-24 09:58:12.172875+00	396	10	1000006627.jpg
654	maintenance_job_images/2025/09/1000006624_wZUIgQ0.jpg	2025-09-24 09:59:10.605342+00	397	10	1000006624.jpg
655	maintenance_job_images/2025/09/1000006626_AMgQLDD.jpg	2025-09-24 09:59:10.927156+00	397	10	1000006626.jpg
656	maintenance_job_images/2025/09/1000006639.jpg	2025-09-24 10:04:25.132522+00	398	10	1000006639.jpg
657	maintenance_job_images/2025/09/1000006638.jpg	2025-09-24 10:04:25.466867+00	398	10	1000006638.jpg
658	maintenance_job_images/2025/09/1000006637.jpg	2025-09-24 10:04:25.743058+00	398	10	1000006637.jpg
659	maintenance_job_images/2025/09/1000006644.jpg	2025-09-24 10:05:34.06266+00	399	10	1000006644.jpg
660	maintenance_job_images/2025/09/1000006643.jpg	2025-09-24 10:05:34.401347+00	399	10	1000006643.jpg
661	maintenance_job_images/2025/09/1000006565_q1cdXba.jpg	2025-09-24 10:07:27.36817+00	400	10	1000006565.jpg
662	maintenance_job_images/2025/09/1000006567_tmo1ZGp.jpg	2025-09-24 10:07:27.705703+00	400	10	1000006567.jpg
663	maintenance_job_images/2025/09/1000006643_6S1TN6B.jpg	2025-09-24 10:11:23.698648+00	401	10	1000006643.jpg
664	maintenance_job_images/2025/09/1000006644_XQu5dXz.jpg	2025-09-24 10:11:23.99826+00	401	10	1000006644.jpg
665	maintenance_job_images/2025/09/1000006642.jpg	2025-09-24 10:12:47.053899+00	402	10	1000006642.jpg
666	maintenance_job_images/2025/09/1000006641.jpg	2025-09-24 10:12:47.378341+00	402	10	1000006641.jpg
667	maintenance_job_images/2025/09/1000006651.jpg	2025-09-24 10:18:07.956337+00	403	10	1000006651.jpg
668	maintenance_job_images/2025/09/1000006646.jpg	2025-09-24 10:19:17.123304+00	404	10	1000006646.jpg
669	maintenance_job_images/2025/09/1000006647.jpg	2025-09-24 10:19:17.392388+00	404	10	1000006647.jpg
670	maintenance_job_images/2025/09/1000006628.jpg	2025-09-24 10:20:10.380015+00	405	10	1000006628.jpg
671	maintenance_job_images/2025/09/1000006650.jpg	2025-09-24 10:21:42.97068+00	406	10	1000006650.jpg
672	maintenance_job_images/2025/09/1000006649.jpg	2025-09-24 10:22:44.1956+00	407	10	1000006649.jpg
673	maintenance_job_images/2025/09/1000006648.jpg	2025-09-24 10:25:05.760687+00	408	10	1000006648.jpg
674	maintenance_job_images/2025/09/IMG_4289.jpeg	2025-09-24 11:23:34.499708+00	409	9	IMG_4289.jpg
675	maintenance_job_images/2025/09/IMG_4291.jpeg	2025-09-24 11:23:34.771837+00	409	9	IMG_4291.jpg
676	maintenance_job_images/2025/09/IMG_4292.jpeg	2025-09-24 11:24:37.162299+00	410	9	IMG_4292.jpg
677	maintenance_job_images/2025/09/IMG_4290.jpeg	2025-09-24 11:24:37.469028+00	410	9	IMG_4290.jpg
678	maintenance_job_images/2025/09/IMG_4288.jpeg	2025-09-24 11:25:34.195638+00	411	9	IMG_4288.jpg
679	maintenance_job_images/2025/09/IMG_4294.jpeg	2025-09-24 11:26:18.324704+00	412	9	IMG_4294.jpg
680	maintenance_job_images/2025/09/IMG_4293.jpeg	2025-09-24 11:26:18.604736+00	412	9	IMG_4293.jpg
681	maintenance_job_images/2025/09/IMG_4296.jpeg	2025-09-24 11:41:53.202545+00	413	9	IMG_4296.jpg
682	maintenance_job_images/2025/09/IMG_4295.jpeg	2025-09-24 11:41:53.514341+00	413	9	IMG_4295.jpg
683	maintenance_job_images/2025/09/IMG_4298.jpeg	2025-09-24 11:42:48.020985+00	414	9	IMG_4298.jpg
684	maintenance_job_images/2025/09/IMG_4297.jpeg	2025-09-24 11:42:48.315769+00	414	9	IMG_4297.jpg
685	maintenance_job_images/2025/09/IMG_4299.jpeg	2025-09-24 11:56:08.847362+00	415	9	IMG_4299.jpg
686	maintenance_job_images/2025/09/IMG_4300.jpeg	2025-09-24 11:56:09.121644+00	415	9	IMG_4300.jpg
687	maintenance_job_images/2025/09/IMG_4302.jpeg	2025-09-24 11:57:03.109106+00	416	9	IMG_4302.jpg
688	maintenance_job_images/2025/09/IMG_4301.jpeg	2025-09-24 11:57:03.370785+00	416	9	IMG_4301.jpg
689	maintenance_job_images/2025/09/IMG_4308.jpeg	2025-09-24 13:16:57.608945+00	417	9	IMG_4308.jpg
690	maintenance_job_images/2025/09/IMG_4323.jpeg	2025-09-24 15:25:02.271362+00	418	9	IMG_4323.jpg
691	maintenance_job_images/2025/09/IMG_3126.jpeg	2025-09-25 02:02:23.659832+00	419	11	IMG_3126.jpg
692	maintenance_job_images/2025/09/IMG_3127.jpeg	2025-09-25 02:02:23.957453+00	419	11	IMG_3127.jpg
725	maintenance_job_images/2025/09/IMG_4369.jpeg	2025-09-25 12:04:39.345046+00	434	9	maintenance_job_images/2025/09/IMG_4369.jpg
724	maintenance_job_images/2025/09/IMG_4365.jpeg	2025-09-25 09:54:55.939357+00	433	9	maintenance_job_images/2025/09/IMG_4365.jpg
723	maintenance_job_images/2025/09/IMG_4363.jpeg	2025-09-25 09:36:42.811033+00	432	9	maintenance_job_images/2025/09/IMG_4363.jpg
722	maintenance_job_images/2025/09/IMG_4364.jpeg	2025-09-25 09:36:42.552675+00	432	9	maintenance_job_images/2025/09/IMG_4364.jpg
721	maintenance_job_images/2025/09/IMG_4357.jpeg	2025-09-25 09:35:08.721488+00	431	9	maintenance_job_images/2025/09/IMG_4357.jpg
720	maintenance_job_images/2025/09/IMG_4358.jpeg	2025-09-25 09:35:08.326609+00	431	9	maintenance_job_images/2025/09/IMG_4358.jpg
719	maintenance_job_images/2025/09/IMG_4356.jpeg	2025-09-25 09:33:32.137157+00	430	9	maintenance_job_images/2025/09/IMG_4356.jpg
718	maintenance_job_images/2025/09/IMG_3181.jpeg	2025-09-25 09:01:58.575281+00	429	11	maintenance_job_images/2025/09/IMG_3181.jpg
717	maintenance_job_images/2025/09/IMG_3180.jpeg	2025-09-25 09:01:58.251143+00	429	11	maintenance_job_images/2025/09/IMG_3180.jpg
716	maintenance_job_images/2025/09/IMG_3179.jpeg	2025-09-25 09:01:57.966312+00	429	11	maintenance_job_images/2025/09/IMG_3179.jpg
715	maintenance_job_images/2025/09/IMG_3177.jpeg	2025-09-25 08:41:54.919412+00	428	11	maintenance_job_images/2025/09/IMG_3177.jpg
714	maintenance_job_images/2025/09/IMG_3178.jpeg	2025-09-25 08:41:54.667888+00	428	11	maintenance_job_images/2025/09/IMG_3178.jpg
713	maintenance_job_images/2025/09/IMG_3176.jpeg	2025-09-25 08:41:54.426956+00	428	11	maintenance_job_images/2025/09/IMG_3176.jpg
712	maintenance_job_images/2025/09/IMG_3175.jpeg	2025-09-25 08:22:42.412521+00	427	11	maintenance_job_images/2025/09/IMG_3175.jpg
711	maintenance_job_images/2025/09/IMG_3174.jpeg	2025-09-25 08:22:42.147619+00	427	11	maintenance_job_images/2025/09/IMG_3174.jpg
710	maintenance_job_images/2025/09/IMG_4348.jpeg	2025-09-25 07:57:30.182518+00	426	9	maintenance_job_images/2025/09/IMG_4348.jpg
709	maintenance_job_images/2025/09/IMG_4349.jpeg	2025-09-25 07:57:29.829868+00	426	9	maintenance_job_images/2025/09/IMG_4349.jpg
708	maintenance_job_images/2025/09/IMG_3171.jpeg	2025-09-25 07:30:55.764719+00	425	11	maintenance_job_images/2025/09/IMG_3171.jpg
707	maintenance_job_images/2025/09/IMG_3172.jpeg	2025-09-25 07:30:55.398215+00	425	11	maintenance_job_images/2025/09/IMG_3172.jpg
706	maintenance_job_images/2025/09/IMG_3170.jpeg	2025-09-25 07:30:55.133981+00	425	11	maintenance_job_images/2025/09/IMG_3170.jpg
705	maintenance_job_images/2025/09/IMG_3159_8dHBSup.jpeg	2025-09-25 07:21:35.473643+00	424	11	maintenance_job_images/2025/09/IMG_3159_8dHBSup.jpg
704	maintenance_job_images/2025/09/IMG_3160.jpeg	2025-09-25 07:21:35.204287+00	424	11	maintenance_job_images/2025/09/IMG_3160.jpg
703	maintenance_job_images/2025/09/IMG_3166.jpeg	2025-09-25 07:19:48.420293+00	423	11	maintenance_job_images/2025/09/IMG_3166.jpg
702	maintenance_job_images/2025/09/IMG_3165.jpeg	2025-09-25 07:19:48.122722+00	423	11	maintenance_job_images/2025/09/IMG_3165.jpg
701	maintenance_job_images/2025/09/IMG_3164.jpeg	2025-09-25 07:19:47.872551+00	423	11	maintenance_job_images/2025/09/IMG_3164.jpg
700	maintenance_job_images/2025/09/IMG_3163.jpeg	2025-09-25 07:19:47.572647+00	423	11	maintenance_job_images/2025/09/IMG_3163.jpg
699	maintenance_job_images/2025/09/IMG_3159.jpeg	2025-09-25 07:15:47.175293+00	422	11	maintenance_job_images/2025/09/IMG_3159.jpg
698	maintenance_job_images/2025/09/IMG_3156.jpeg	2025-09-25 07:15:46.889192+00	422	11	maintenance_job_images/2025/09/IMG_3156.jpg
697	maintenance_job_images/2025/09/IMG_3155.jpeg	2025-09-25 07:15:46.575732+00	422	11	maintenance_job_images/2025/09/IMG_3155.jpg
696	maintenance_job_images/2025/09/IMG_3139.jpeg	2025-09-25 04:51:17.027535+00	421	11	maintenance_job_images/2025/09/IMG_3139.jpg
694	maintenance_job_images/2025/09/IMG_3135.jpeg	2025-09-25 03:19:45.363004+00	420	11	maintenance_job_images/2025/09/IMG_3135.jpg
693	maintenance_job_images/2025/09/IMG_3134.jpeg	2025-09-25 03:19:45.047077+00	420	11	maintenance_job_images/2025/09/IMG_3134.jpg
777	maintenance_job_images/2025/09/IMG_4444.jpeg	2025-09-27 10:15:57.125802+00	458	9	maintenance_job_images/2025/09/IMG_4444.jpg
776	maintenance_job_images/2025/09/IMG_4445.jpeg	2025-09-27 09:58:04.098809+00	457	9	maintenance_job_images/2025/09/IMG_4445.jpg
775	maintenance_job_images/2025/09/IMG_3340.jpeg	2025-09-27 06:36:46.673824+00	456	11	maintenance_job_images/2025/09/IMG_3340.jpg
774	maintenance_job_images/2025/09/IMG_3339.jpeg	2025-09-27 06:36:46.40959+00	456	11	maintenance_job_images/2025/09/IMG_3339.jpg
773	maintenance_job_images/2025/09/IMG_3341.jpeg	2025-09-27 06:36:46.190554+00	456	11	maintenance_job_images/2025/09/IMG_3341.jpg
772	maintenance_job_images/2025/09/IMG_3330.jpeg	2025-09-27 06:35:13.57758+00	455	11	maintenance_job_images/2025/09/IMG_3330.jpg
771	maintenance_job_images/2025/09/IMG_3331.jpeg	2025-09-27 06:35:13.271227+00	455	11	maintenance_job_images/2025/09/IMG_3331.jpg
770	maintenance_job_images/2025/09/IMG_3329.jpeg	2025-09-27 06:35:13.032123+00	455	11	maintenance_job_images/2025/09/IMG_3329.jpg
769	maintenance_job_images/2025/09/IMG_3328.jpeg	2025-09-27 05:34:30.561792+00	454	11	maintenance_job_images/2025/09/IMG_3328.jpg
768	maintenance_job_images/2025/09/IMG_3326.jpeg	2025-09-27 05:24:25.505013+00	453	11	maintenance_job_images/2025/09/IMG_3326.jpg
767	maintenance_job_images/2025/09/IMG_3323.jpeg	2025-09-27 05:24:25.225684+00	453	11	maintenance_job_images/2025/09/IMG_3323.jpg
766	maintenance_job_images/2025/09/IMG_3319.jpeg	2025-09-27 04:17:30.97297+00	452	11	maintenance_job_images/2025/09/IMG_3319.jpg
764	maintenance_job_images/2025/09/IMG_3313.jpeg	2025-09-27 03:46:13.148038+00	451	11	maintenance_job_images/2025/09/IMG_3313.jpg
763	maintenance_job_images/2025/09/IMG_3312.jpeg	2025-09-27 03:46:12.852996+00	451	11	maintenance_job_images/2025/09/IMG_3312.jpg
762	maintenance_job_images/2025/09/IMG_3308.jpeg	2025-09-27 03:45:21.758835+00	450	11	maintenance_job_images/2025/09/IMG_3308.jpg
761	maintenance_job_images/2025/09/IMG_3310.jpeg	2025-09-27 03:45:21.519908+00	450	11	maintenance_job_images/2025/09/IMG_3310.jpg
760	maintenance_job_images/2025/09/IMG_3311.jpeg	2025-09-27 03:45:21.282718+00	450	11	maintenance_job_images/2025/09/IMG_3311.jpg
759	maintenance_job_images/2025/09/IMG_3307.jpeg	2025-09-27 03:08:47.320797+00	449	11	maintenance_job_images/2025/09/IMG_3307.jpg
758	maintenance_job_images/2025/09/IMG_3306.jpeg	2025-09-27 03:08:47.02251+00	449	11	maintenance_job_images/2025/09/IMG_3306.jpg
757	maintenance_job_images/2025/09/IMG_3304.jpeg	2025-09-27 03:08:46.794982+00	449	11	maintenance_job_images/2025/09/IMG_3304.jpg
756	maintenance_job_images/2025/09/IMG_3305.jpeg	2025-09-27 03:08:46.523102+00	449	11	maintenance_job_images/2025/09/IMG_3305.jpg
755	maintenance_job_images/2025/09/IMG_3302.jpeg	2025-09-27 02:52:35.680909+00	448	11	maintenance_job_images/2025/09/IMG_3302.jpg
754	maintenance_job_images/2025/09/IMG_3303.jpeg	2025-09-27 02:52:35.41229+00	448	11	maintenance_job_images/2025/09/IMG_3303.jpg
753	maintenance_job_images/2025/09/IMG_3301.jpeg	2025-09-27 02:44:36.909896+00	447	11	maintenance_job_images/2025/09/IMG_3301.jpg
752	maintenance_job_images/2025/09/IMG_3298.jpeg	2025-09-27 02:39:40.071843+00	446	11	maintenance_job_images/2025/09/IMG_3298.jpg
751	maintenance_job_images/2025/09/IMG_3299.jpeg	2025-09-27 02:39:39.798018+00	446	11	maintenance_job_images/2025/09/IMG_3299.jpg
750	maintenance_job_images/2025/09/IMG_3300.jpeg	2025-09-27 02:39:39.480019+00	446	11	maintenance_job_images/2025/09/IMG_3300.jpg
749	maintenance_job_images/2025/09/IMG_4400.jpeg	2025-09-26 08:53:05.256777+00	445	9	maintenance_job_images/2025/09/IMG_4400.jpg
748	maintenance_job_images/2025/09/IMG_3255.jpeg	2025-09-26 08:43:05.858257+00	444	11	maintenance_job_images/2025/09/IMG_3255.jpg
747	maintenance_job_images/2025/09/IMG_3256.jpeg	2025-09-26 08:43:05.586603+00	444	11	maintenance_job_images/2025/09/IMG_3256.jpg
746	maintenance_job_images/2025/09/IMG_3257.jpeg	2025-09-26 08:43:05.242002+00	444	11	maintenance_job_images/2025/09/IMG_3257.jpg
745	maintenance_job_images/2025/09/IMG_3254.jpeg	2025-09-26 08:43:04.909565+00	444	11	maintenance_job_images/2025/09/IMG_3254.jpg
744	maintenance_job_images/2025/09/IMG_4405.jpeg	2025-09-26 08:36:51.935289+00	443	9	maintenance_job_images/2025/09/IMG_4405.jpg
743	maintenance_job_images/2025/09/IMG_4399.jpeg	2025-09-26 08:36:02.512456+00	442	9	maintenance_job_images/2025/09/IMG_4399.jpg
742	maintenance_job_images/2025/09/IMG_4398.jpeg	2025-09-26 08:36:02.073338+00	442	9	maintenance_job_images/2025/09/IMG_4398.jpg
741	maintenance_job_images/2025/09/IMG_3234.jpeg	2025-09-26 05:18:48.733923+00	441	11	maintenance_job_images/2025/09/IMG_3234.jpg
740	maintenance_job_images/2025/09/IMG_3235.jpeg	2025-09-26 05:18:48.436087+00	441	11	maintenance_job_images/2025/09/IMG_3235.jpg
739	maintenance_job_images/2025/09/IMG_3236.jpeg	2025-09-26 05:18:48.123496+00	441	11	maintenance_job_images/2025/09/IMG_3236.jpg
738	maintenance_job_images/2025/09/IMG_3231_2UsXtyk.jpeg	2025-09-26 04:58:30.700785+00	440	11	maintenance_job_images/2025/09/IMG_3231_2UsXtyk.jpg
737	maintenance_job_images/2025/09/IMG_3232.jpeg	2025-09-26 04:58:30.428559+00	440	11	maintenance_job_images/2025/09/IMG_3232.jpg
736	maintenance_job_images/2025/09/IMG_3230.jpeg	2025-09-26 04:54:01.618302+00	439	11	maintenance_job_images/2025/09/IMG_3230.jpg
735	maintenance_job_images/2025/09/IMG_3229.jpeg	2025-09-26 04:54:01.158467+00	439	11	maintenance_job_images/2025/09/IMG_3229.jpg
734	maintenance_job_images/2025/09/IMG_3219.jpeg	2025-09-26 04:30:02.859393+00	438	11	maintenance_job_images/2025/09/IMG_3219.jpg
733	maintenance_job_images/2025/09/IMG_3221.jpeg	2025-09-26 04:29:16.189435+00	437	11	maintenance_job_images/2025/09/IMG_3221.jpg
732	maintenance_job_images/2025/09/IMG_3222.jpeg	2025-09-26 04:29:15.900609+00	437	11	maintenance_job_images/2025/09/IMG_3222.jpg
731	maintenance_job_images/2025/09/IMG_3223.jpeg	2025-09-26 04:29:15.603457+00	437	11	maintenance_job_images/2025/09/IMG_3223.jpg
730	maintenance_job_images/2025/09/IMG_3224.jpeg	2025-09-26 04:29:15.322893+00	437	11	maintenance_job_images/2025/09/IMG_3224.jpg
729	maintenance_job_images/2025/09/IMG_3225.jpeg	2025-09-26 04:29:15.052495+00	437	11	maintenance_job_images/2025/09/IMG_3225.jpg
727	maintenance_job_images/2025/09/IMG_4375.jpeg	2025-09-25 14:38:48.680557+00	436	9	maintenance_job_images/2025/09/IMG_4375.jpg
828	maintenance_job_images/2025/09/IMG_3436.jpeg	2025-09-30 03:33:06.366684+00	482	11	maintenance_job_images/2025/09/IMG_3436.jpg
827	maintenance_job_images/2025/09/IMG_3434.jpeg	2025-09-30 03:33:06.093784+00	482	11	maintenance_job_images/2025/09/IMG_3434.jpg
826	maintenance_job_images/2025/09/IMG_3435.jpeg	2025-09-30 03:33:05.829405+00	482	11	maintenance_job_images/2025/09/IMG_3435.jpg
825	maintenance_job_images/2025/09/1000006766.jpg	2025-09-29 15:55:39.675886+00	481	10	maintenance_job_images/2025/09/1000006766.jpg
824	maintenance_job_images/2025/09/1000006767.jpg	2025-09-29 15:55:39.531514+00	481	10	maintenance_job_images/2025/09/1000006767.jpg
823	maintenance_job_images/2025/09/1000006765.jpg	2025-09-29 15:54:03.235819+00	480	10	maintenance_job_images/2025/09/1000006765.jpg
822	maintenance_job_images/2025/09/1000006764.jpg	2025-09-29 15:54:03.049571+00	480	10	maintenance_job_images/2025/09/1000006764.jpg
821	maintenance_job_images/2025/09/1000006774.jpg	2025-09-29 15:51:06.403851+00	479	10	maintenance_job_images/2025/09/1000006774.jpg
820	maintenance_job_images/2025/09/1000006769.jpg	2025-09-29 15:50:03.110074+00	478	10	maintenance_job_images/2025/09/1000006769.jpg
819	maintenance_job_images/2025/09/1000006768.jpg	2025-09-29 15:50:02.855833+00	478	10	maintenance_job_images/2025/09/1000006768.jpg
818	maintenance_job_images/2025/09/1000006771.jpg	2025-09-29 15:49:08.676648+00	477	10	maintenance_job_images/2025/09/1000006771.jpg
817	maintenance_job_images/2025/09/1000006770.jpg	2025-09-29 15:49:08.441672+00	477	10	maintenance_job_images/2025/09/1000006770.jpg
816	maintenance_job_images/2025/09/1000006757.jpg	2025-09-29 15:45:49.044972+00	476	10	maintenance_job_images/2025/09/1000006757.jpg
815	maintenance_job_images/2025/09/1000006756.jpg	2025-09-29 15:44:40.281247+00	475	10	maintenance_job_images/2025/09/1000006756.jpg
814	maintenance_job_images/2025/09/1000006755.jpg	2025-09-29 15:44:40.066341+00	475	10	maintenance_job_images/2025/09/1000006755.jpg
813	maintenance_job_images/2025/09/1000006754.jpg	2025-09-29 15:42:13.561851+00	474	10	maintenance_job_images/2025/09/1000006754.jpg
812	maintenance_job_images/2025/09/1000006753.jpg	2025-09-29 15:42:13.299034+00	474	10	maintenance_job_images/2025/09/1000006753.jpg
811	maintenance_job_images/2025/09/1000006752.jpg	2025-09-29 15:41:01.077668+00	473	10	maintenance_job_images/2025/09/1000006752.jpg
810	maintenance_job_images/2025/09/IMG_3418.jpeg	2025-09-29 07:52:52.931547+00	472	11	maintenance_job_images/2025/09/IMG_3418.jpg
809	maintenance_job_images/2025/09/IMG_3419.jpeg	2025-09-29 07:52:52.60863+00	472	11	maintenance_job_images/2025/09/IMG_3419.jpg
808	maintenance_job_images/2025/09/IMG_3420_4MFTgJc.jpeg	2025-09-29 07:52:52.338859+00	472	11	maintenance_job_images/2025/09/IMG_3420_4MFTgJc.jpg
807	maintenance_job_images/2025/09/IMG_3414_4WvCgGw.jpeg	2025-09-29 07:43:59.397541+00	471	11	maintenance_job_images/2025/09/IMG_3414_4WvCgGw.jpg
806	maintenance_job_images/2025/09/IMG_3415.jpeg	2025-09-29 07:43:59.062027+00	471	11	maintenance_job_images/2025/09/IMG_3415.jpg
804	maintenance_job_images/2025/09/IMG_3417_x9KXIuz.jpeg	2025-09-29 07:43:58.335879+00	471	11	maintenance_job_images/2025/09/IMG_3417_x9KXIuz.jpg
803	maintenance_job_images/2025/09/IMG_3411.jpeg	2025-09-29 07:32:50.278077+00	470	11	maintenance_job_images/2025/09/IMG_3411.jpg
802	maintenance_job_images/2025/09/IMG_3410.jpeg	2025-09-29 07:32:50.00517+00	470	11	maintenance_job_images/2025/09/IMG_3410.jpg
801	maintenance_job_images/2025/09/IMG_3413_Zqou3Vs.jpeg	2025-09-29 07:32:05.807979+00	469	11	maintenance_job_images/2025/09/IMG_3413_Zqou3Vs.jpg
800	maintenance_job_images/2025/09/IMG_3409.jpeg	2025-09-29 07:31:04.282246+00	468	11	maintenance_job_images/2025/09/IMG_3409.jpg
799	maintenance_job_images/2025/09/IMG_3408.jpeg	2025-09-29 07:31:03.979855+00	468	11	maintenance_job_images/2025/09/IMG_3408.jpg
798	maintenance_job_images/2025/09/IMG_3407_0zdkHSb.jpeg	2025-09-29 07:31:03.684927+00	468	11	maintenance_job_images/2025/09/IMG_3407_0zdkHSb.jpg
797	maintenance_job_images/2025/09/1000006731.jpg	2025-09-28 12:13:36.449141+00	467	10	maintenance_job_images/2025/09/1000006731.jpg
796	maintenance_job_images/2025/09/1000006729.jpg	2025-09-28 12:13:36.233238+00	467	10	maintenance_job_images/2025/09/1000006729.jpg
795	maintenance_job_images/2025/09/1000006730.jpg	2025-09-28 12:13:35.929192+00	467	10	maintenance_job_images/2025/09/1000006730.jpg
794	maintenance_job_images/2025/09/1000006564_POPNFNc.jpg	2025-09-28 12:12:34.007182+00	466	10	maintenance_job_images/2025/09/1000006564_POPNFNc.jpg
793	maintenance_job_images/2025/09/1000006565_gdFJ2um.jpg	2025-09-28 12:12:33.778933+00	466	10	maintenance_job_images/2025/09/1000006565_gdFJ2um.jpg
792	maintenance_job_images/2025/09/1000006721.jpg	2025-09-28 12:10:37.970493+00	465	10	maintenance_job_images/2025/09/1000006721.jpg
791	maintenance_job_images/2025/09/1000006719_UZ0NwIQ.jpg	2025-09-28 12:10:37.773211+00	465	10	maintenance_job_images/2025/09/1000006719_UZ0NwIQ.jpg
790	maintenance_job_images/2025/09/1000006565_KHB9vvH.jpg	2025-09-28 12:09:33.962164+00	464	10	maintenance_job_images/2025/09/1000006565_KHB9vvH.jpg
789	maintenance_job_images/2025/09/1000006634.jpg	2025-09-28 12:09:33.758081+00	464	10	maintenance_job_images/2025/09/1000006634.jpg
788	maintenance_job_images/2025/09/1000006719.jpg	2025-09-28 12:07:57.563248+00	463	10	maintenance_job_images/2025/09/1000006719.jpg
787	maintenance_job_images/2025/09/1000006728.jpg	2025-09-28 12:07:57.248564+00	463	10	maintenance_job_images/2025/09/1000006728.jpg
786	maintenance_job_images/2025/09/1000006724.jpg	2025-09-28 12:01:37.914267+00	462	10	maintenance_job_images/2025/09/1000006724.jpg
785	maintenance_job_images/2025/09/1000006723.jpg	2025-09-28 12:01:37.722513+00	462	10	maintenance_job_images/2025/09/1000006723.jpg
784	maintenance_job_images/2025/09/1000006722.jpg	2025-09-28 12:01:37.530566+00	462	10	maintenance_job_images/2025/09/1000006722.jpg
783	maintenance_job_images/2025/09/1000006735.jpg	2025-09-28 11:59:30.710104+00	461	10	maintenance_job_images/2025/09/1000006735.jpg
782	maintenance_job_images/2025/09/1000006734.jpg	2025-09-28 11:59:30.467579+00	461	10	maintenance_job_images/2025/09/1000006734.jpg
781	maintenance_job_images/2025/09/IMG_3361_GIjHjrT.jpeg	2025-09-28 04:38:21.320513+00	460	11	maintenance_job_images/2025/09/IMG_3361_GIjHjrT.jpg
780	maintenance_job_images/2025/09/IMG_3360.jpeg	2025-09-28 04:38:21.01123+00	460	11	maintenance_job_images/2025/09/IMG_3360.jpg
779	maintenance_job_images/2025/09/IMG_4448.jpeg	2025-09-27 11:09:39.283394+00	459	9	maintenance_job_images/2025/09/IMG_4448.jpg
880	maintenance_job_images/2025/10/1000006926.jpg	2025-10-02 14:55:54.33546+00	512	10	maintenance_job_images/2025/10/1000006926.jpg
879	maintenance_job_images/2025/10/1000006924.jpg	2025-10-02 14:55:54.078124+00	512	10	maintenance_job_images/2025/10/1000006924.jpg
878	maintenance_job_images/2025/10/1000006916.jpg	2025-10-02 14:55:06.63861+00	511	10	maintenance_job_images/2025/10/1000006916.jpg
877	maintenance_job_images/2025/10/1000006917.jpg	2025-10-02 14:55:06.367335+00	511	10	maintenance_job_images/2025/10/1000006917.jpg
876	maintenance_job_images/2025/10/1000006868.jpg	2025-10-02 14:53:20.324001+00	510	10	maintenance_job_images/2025/10/1000006868.jpg
875	maintenance_job_images/2025/10/1000006862.jpg	2025-10-02 13:03:52.25046+00	509	10	maintenance_job_images/2025/10/1000006862.jpg
873	maintenance_job_images/2025/10/1000006857.jpg	2025-10-02 13:03:51.809067+00	509	10	maintenance_job_images/2025/10/1000006857.jpg
872	maintenance_job_images/2025/10/1000006854.jpg	2025-10-02 13:00:55.84024+00	508	10	maintenance_job_images/2025/10/1000006854.jpg
871	maintenance_job_images/2025/10/1000006856.jpg	2025-10-02 12:59:09.761498+00	507	10	maintenance_job_images/2025/10/1000006856.jpg
870	maintenance_job_images/2025/10/1000006855.jpg	2025-10-02 12:59:09.45185+00	507	10	maintenance_job_images/2025/10/1000006855.jpg
869	maintenance_job_images/2025/10/1000006635.jpg	2025-10-02 12:55:45.43408+00	506	10	maintenance_job_images/2025/10/1000006635.jpg
868	maintenance_job_images/2025/10/1000006643.jpg	2025-10-02 12:55:45.211063+00	506	10	maintenance_job_images/2025/10/1000006643.jpg
867	maintenance_job_images/2025/10/1000006719.jpg	2025-10-02 12:54:07.176191+00	505	10	maintenance_job_images/2025/10/1000006719.jpg
866	maintenance_job_images/2025/10/1000006913.jpg	2025-10-02 12:54:06.943761+00	505	10	maintenance_job_images/2025/10/1000006913.jpg
865	maintenance_job_images/2025/10/1000006764.jpg	2025-10-02 12:50:14.162696+00	504	10	maintenance_job_images/2025/10/1000006764.jpg
864	maintenance_job_images/2025/10/1000006915_Y065uIi.jpg	2025-10-02 12:50:13.919169+00	504	10	maintenance_job_images/2025/10/1000006915_Y065uIi.jpg
863	maintenance_job_images/2025/10/1000006911.jpg	2025-10-02 12:48:24.97633+00	503	10	maintenance_job_images/2025/10/1000006911.jpg
862	maintenance_job_images/2025/10/1000006910.jpg	2025-10-02 12:48:24.704811+00	503	10	maintenance_job_images/2025/10/1000006910.jpg
861	maintenance_job_images/2025/10/1000006914.jpg	2025-10-02 12:46:04.499935+00	502	10	maintenance_job_images/2025/10/1000006914.jpg
860	maintenance_job_images/2025/10/1000006915.jpg	2025-10-02 12:46:04.333202+00	502	10	maintenance_job_images/2025/10/1000006915.jpg
859	maintenance_job_images/2025/10/IMG_4640.jpeg	2025-10-01 05:20:57.504053+00	501	9	maintenance_job_images/2025/10/IMG_4640.jpg
858	maintenance_job_images/2025/10/IMG_4639.jpeg	2025-10-01 05:20:57.149507+00	501	9	maintenance_job_images/2025/10/IMG_4639.jpg
857	maintenance_job_images/2025/10/IMG_4638.jpeg	2025-10-01 05:20:56.846136+00	501	9	maintenance_job_images/2025/10/IMG_4638.jpg
856	maintenance_job_images/2025/10/IMG_4656.jpeg	2025-10-01 05:17:47.23931+00	500	9	maintenance_job_images/2025/10/IMG_4656.jpg
855	maintenance_job_images/2025/10/IMG_4655.jpeg	2025-10-01 05:17:46.923384+00	500	9	maintenance_job_images/2025/10/IMG_4655.jpg
854	maintenance_job_images/2025/10/IMG_4659.jpeg	2025-10-01 05:15:04.357666+00	499	9	maintenance_job_images/2025/10/IMG_4659.jpg
853	maintenance_job_images/2025/10/IMG_4651.jpeg	2025-10-01 05:15:04.046058+00	499	9	maintenance_job_images/2025/10/IMG_4651.jpg
852	maintenance_job_images/2025/09/1000006798.jpg	2025-09-30 15:12:54.100376+00	498	10	maintenance_job_images/2025/09/1000006798.jpg
851	maintenance_job_images/2025/09/1000006803.jpg	2025-09-30 15:11:45.796732+00	497	10	maintenance_job_images/2025/09/1000006803.jpg
850	maintenance_job_images/2025/09/1000006780.jpg	2025-09-30 15:11:45.522222+00	497	10	maintenance_job_images/2025/09/1000006780.jpg
849	maintenance_job_images/2025/09/1000006779.jpg	2025-09-30 15:11:45.252241+00	497	10	maintenance_job_images/2025/09/1000006779.jpg
848	maintenance_job_images/2025/09/1000006809.jpg	2025-09-30 15:09:04.556863+00	496	10	maintenance_job_images/2025/09/1000006809.jpg
847	maintenance_job_images/2025/09/1000006807.jpg	2025-09-30 15:07:45.160289+00	495	10	maintenance_job_images/2025/09/1000006807.jpg
846	maintenance_job_images/2025/09/1000006808.jpg	2025-09-30 15:06:26.728706+00	494	10	maintenance_job_images/2025/09/1000006808.jpg
845	maintenance_job_images/2025/09/1000006802.jpg	2025-09-30 15:05:28.688622+00	493	10	maintenance_job_images/2025/09/1000006802.jpg
844	maintenance_job_images/2025/09/1000006804.jpg	2025-09-30 15:04:15.177257+00	492	10	maintenance_job_images/2025/09/1000006804.jpg
843	maintenance_job_images/2025/09/1000006805.jpg	2025-09-30 15:02:56.14145+00	491	10	maintenance_job_images/2025/09/1000006805.jpg
842	maintenance_job_images/2025/09/1000006806.jpg	2025-09-30 15:02:55.838158+00	491	10	maintenance_job_images/2025/09/1000006806.jpg
841	maintenance_job_images/2025/09/1000006799.jpg	2025-09-30 15:01:38.190034+00	490	10	maintenance_job_images/2025/09/1000006799.jpg
840	maintenance_job_images/2025/09/IMG_3478.jpeg	2025-09-30 09:44:39.619075+00	489	11	maintenance_job_images/2025/09/IMG_3478.jpg
838	maintenance_job_images/2025/09/IMG_3462_nlt1LAM.jpeg	2025-09-30 05:27:39.543543+00	488	11	maintenance_job_images/2025/09/IMG_3462_nlt1LAM.jpg
837	maintenance_job_images/2025/09/IMG_3458.jpeg	2025-09-30 05:17:03.153637+00	487	11	maintenance_job_images/2025/09/IMG_3458.jpg
836	maintenance_job_images/2025/09/IMG_3459_cujCI4t.jpeg	2025-09-30 05:17:02.804219+00	487	11	maintenance_job_images/2025/09/IMG_3459_cujCI4t.jpg
835	maintenance_job_images/2025/09/IMG_3454.jpeg	2025-09-30 05:03:59.039682+00	486	11	maintenance_job_images/2025/09/IMG_3454.jpg
834	maintenance_job_images/2025/09/IMG_3450.jpeg	2025-09-30 04:49:22.388191+00	485	11	maintenance_job_images/2025/09/IMG_3450.jpg
833	maintenance_job_images/2025/09/IMG_3449.jpeg	2025-09-30 04:49:22.142663+00	485	11	maintenance_job_images/2025/09/IMG_3449.jpg
832	maintenance_job_images/2025/09/IMG_3448.jpeg	2025-09-30 04:49:21.917203+00	485	11	maintenance_job_images/2025/09/IMG_3448.jpg
831	maintenance_job_images/2025/09/IMG_3447.jpeg	2025-09-30 04:49:21.697525+00	485	11	maintenance_job_images/2025/09/IMG_3447.jpg
830	maintenance_job_images/2025/09/IMG_3445.jpeg	2025-09-30 04:18:31.858215+00	484	11	maintenance_job_images/2025/09/IMG_3445.jpg
910	maintenance_job_images/2025/10/IMG_3626.jpeg	2025-10-03 09:38:57.116317+00	526	11	IMG_3626.jpg
911	maintenance_job_images/2025/10/IMG_3627.jpeg	2025-10-03 09:38:57.651631+00	526	11	IMG_3627.jpg
909	maintenance_job_images/2025/10/IMG_3623.jpeg	2025-10-03 09:16:01.646274+00	525	11	maintenance_job_images/2025/10/IMG_3623.jpg
908	maintenance_job_images/2025/10/IMG_3622.jpeg	2025-10-03 09:16:01.396861+00	525	11	maintenance_job_images/2025/10/IMG_3622.jpg
907	maintenance_job_images/2025/10/IMG_3621.jpeg	2025-10-03 09:16:01.08747+00	525	11	maintenance_job_images/2025/10/IMG_3621.jpg
906	maintenance_job_images/2025/10/IMG_3620.jpeg	2025-10-03 09:16:00.799286+00	525	11	maintenance_job_images/2025/10/IMG_3620.jpg
905	maintenance_job_images/2025/10/IMG_3619.jpeg	2025-10-03 08:48:17.202552+00	524	11	maintenance_job_images/2025/10/IMG_3619.jpg
904	maintenance_job_images/2025/10/IMG_3618.jpeg	2025-10-03 08:48:16.910978+00	524	11	maintenance_job_images/2025/10/IMG_3618.jpg
903	maintenance_job_images/2025/10/IMG_3617.jpeg	2025-10-03 08:48:16.667961+00	524	11	maintenance_job_images/2025/10/IMG_3617.jpg
902	maintenance_job_images/2025/10/IMG_3615.jpeg	2025-10-03 08:18:44.643302+00	523	11	maintenance_job_images/2025/10/IMG_3615.jpg
901	maintenance_job_images/2025/10/IMG_3614.jpeg	2025-10-03 08:18:44.37568+00	523	11	maintenance_job_images/2025/10/IMG_3614.jpg
900	maintenance_job_images/2025/10/IMG_3609.jpeg	2025-10-03 08:18:44.120427+00	523	11	maintenance_job_images/2025/10/IMG_3609.jpg
899	maintenance_job_images/2025/10/IMG_3604.jpeg	2025-10-03 07:31:35.471032+00	522	11	maintenance_job_images/2025/10/IMG_3604.jpg
898	maintenance_job_images/2025/10/IMG_3601.jpeg	2025-10-03 07:31:35.200418+00	522	11	maintenance_job_images/2025/10/IMG_3601.jpg
897	maintenance_job_images/2025/10/IMG_4743.jpeg	2025-10-03 06:27:01.45696+00	521	9	maintenance_job_images/2025/10/IMG_4743.jpg
896	maintenance_job_images/2025/10/IMG_4742.jpeg	2025-10-03 06:27:01.091796+00	521	9	maintenance_job_images/2025/10/IMG_4742.jpg
895	maintenance_job_images/2025/10/IMG_4740.jpeg	2025-10-03 05:30:31.759659+00	520	9	maintenance_job_images/2025/10/IMG_4740.jpg
894	maintenance_job_images/2025/10/IMG_4739.jpeg	2025-10-03 05:30:31.496404+00	520	9	maintenance_job_images/2025/10/IMG_4739.jpg
893	maintenance_job_images/2025/10/IMG_4738.jpeg	2025-10-03 05:30:31.228272+00	520	9	maintenance_job_images/2025/10/IMG_4738.jpg
892	maintenance_job_images/2025/10/IMG_4734.jpeg	2025-10-03 04:47:04.217724+00	519	9	maintenance_job_images/2025/10/IMG_4734.jpg
891	maintenance_job_images/2025/10/IMG_4736.jpeg	2025-10-03 04:45:22.518554+00	518	9	maintenance_job_images/2025/10/IMG_4736.jpg
890	maintenance_job_images/2025/10/IMG_4735.jpeg	2025-10-03 04:45:22.443038+00	518	9	maintenance_job_images/2025/10/IMG_4735.jpg
889	maintenance_job_images/2025/10/IMG_4733.jpeg	2025-10-03 04:44:03.125512+00	517	9	maintenance_job_images/2025/10/IMG_4733.jpg
888	maintenance_job_images/2025/10/IMG_4713.jpeg	2025-10-02 22:38:18.789268+00	516	9	maintenance_job_images/2025/10/IMG_4713.jpg
887	maintenance_job_images/2025/10/IMG_4714.jpeg	2025-10-02 22:38:18.486716+00	516	9	maintenance_job_images/2025/10/IMG_4714.jpg
886	maintenance_job_images/2025/10/IMG_4711.jpeg	2025-10-02 22:38:18.217229+00	516	9	maintenance_job_images/2025/10/IMG_4711.jpg
885	maintenance_job_images/2025/10/IMG_4719.jpeg	2025-10-02 22:36:36.145139+00	515	9	maintenance_job_images/2025/10/IMG_4719.jpg
884	maintenance_job_images/2025/10/IMG_4715.jpeg	2025-10-02 22:34:03.278788+00	514	9	maintenance_job_images/2025/10/IMG_4715.jpg
883	maintenance_job_images/2025/10/IMG_4716.jpeg	2025-10-02 22:34:03.011143+00	514	9	maintenance_job_images/2025/10/IMG_4716.jpg
882	maintenance_job_images/2025/10/1000006919.jpg	2025-10-02 14:58:06.587375+00	513	10	maintenance_job_images/2025/10/1000006919.jpg
881	maintenance_job_images/2025/10/1000006918.jpg	2025-10-02 14:58:06.233157+00	513	10	maintenance_job_images/2025/10/1000006918.jpg
874	maintenance_job_images/2025/10/1000006858.jpg	2025-10-02 13:03:52.059384+00	509	10	maintenance_job_images/2025/10/1000006858.jpg
839	maintenance_job_images/2025/09/IMG_3461_FgVyOIY.jpeg	2025-09-30 05:27:39.809592+00	488	11	maintenance_job_images/2025/09/IMG_3461_FgVyOIY.jpg
829	maintenance_job_images/2025/09/IMG_3442.jpeg	2025-09-30 03:56:24.048163+00	483	11	maintenance_job_images/2025/09/IMG_3442.jpg
805	maintenance_job_images/2025/09/IMG_3416_lOPtZGz.jpeg	2025-09-29 07:43:58.702017+00	471	11	maintenance_job_images/2025/09/IMG_3416_lOPtZGz.jpg
778	maintenance_job_images/2025/09/IMG_4446.jpeg	2025-09-27 10:15:57.439982+00	458	9	maintenance_job_images/2025/09/IMG_4446.jpg
765	maintenance_job_images/2025/09/IMG_3314.jpeg	2025-09-27 03:46:13.386786+00	451	11	maintenance_job_images/2025/09/IMG_3314.jpg
728	maintenance_job_images/2025/09/IMG_4376.jpeg	2025-09-25 14:38:49.025275+00	436	9	maintenance_job_images/2025/09/IMG_4376.jpg
726	maintenance_job_images/2025/09/IMG_4367.jpeg	2025-09-25 12:13:44.783026+00	435	9	maintenance_job_images/2025/09/IMG_4367.jpg
695	maintenance_job_images/2025/09/IMG_3137.jpeg	2025-09-25 03:19:45.621725+00	420	11	maintenance_job_images/2025/09/IMG_3137.jpg
912	maintenance_job_images/2025/10/IMG_3637.jpeg	2025-10-03 12:56:49.308243+00	527	11	IMG_3637.jpg
913	maintenance_job_images/2025/10/IMG_4772.jpeg	2025-10-04 04:39:36.540949+00	528	9	IMG_4772.jpg
914	maintenance_job_images/2025/10/IMG_4773.jpeg	2025-10-04 04:39:36.955932+00	528	9	IMG_4773.jpg
915	maintenance_job_images/2025/10/IMG_3679.jpeg	2025-10-04 08:44:56.724995+00	529	11	IMG_3679.jpg
916	maintenance_job_images/2025/10/IMG_3678.jpeg	2025-10-04 08:44:56.949684+00	529	11	IMG_3678.jpg
917	maintenance_job_images/2025/10/IMG_4744.jpeg	2025-10-04 10:00:33.992862+00	530	9	IMG_4744.jpg
918	maintenance_job_images/2025/10/IMG_4745.jpeg	2025-10-04 10:00:34.257014+00	530	9	IMG_4745.jpg
919	maintenance_job_images/2025/10/IMG_3684.jpeg	2025-10-04 11:55:26.878922+00	531	11	IMG_3684.jpg
920	maintenance_job_images/2025/10/IMG_3685.jpeg	2025-10-04 11:55:27.154097+00	531	11	IMG_3685.jpg
921	maintenance_job_images/2025/10/IMG_3686.jpeg	2025-10-04 11:59:18.202122+00	532	11	IMG_3686.jpg
922	maintenance_job_images/2025/10/IMG_3687.jpeg	2025-10-04 11:59:18.48892+00	532	11	IMG_3687.jpg
923	maintenance_job_images/2025/10/IMG_3700.jpeg	2025-10-05 08:00:03.574396+00	533	11	IMG_3700.jpg
924	maintenance_job_images/2025/10/IMG_3710.jpeg	2025-10-05 11:17:34.76304+00	534	11	IMG_3710.jpg
925	maintenance_job_images/2025/10/IMG_3719.jpeg	2025-10-05 15:31:14.80853+00	535	11	IMG_3719.jpg
926	maintenance_job_images/2025/10/IMG_3737.jpeg	2025-10-06 12:55:13.389252+00	536	11	IMG_3737.jpg
927	maintenance_job_images/2025/10/IMG_3736.jpeg	2025-10-06 12:55:13.452026+00	536	11	IMG_3736.jpg
929	maintenance_job_images/2025/10/IMG_3735_dSDIzSi.jpeg	2025-10-06 12:57:56.203597+00	538	11	IMG_3735.jpg
930	maintenance_job_images/2025/10/IMG_4805.jpeg	2025-10-07 04:01:08.56819+00	539	9	IMG_4805.jpg
931	maintenance_job_images/2025/10/IMG_4808.jpeg	2025-10-07 04:01:53.791446+00	540	9	IMG_4808.jpg
932	maintenance_job_images/2025/10/IMG_4807.jpeg	2025-10-07 04:03:36.176972+00	541	9	IMG_4807.jpg
933	maintenance_job_images/2025/10/IMG_4806.jpeg	2025-10-07 04:03:36.432407+00	541	9	IMG_4806.jpg
934	maintenance_job_images/2025/10/IMG_4798.jpeg	2025-10-07 04:06:10.672972+00	542	9	IMG_4798.jpg
935	maintenance_job_images/2025/10/IMG_4809.jpeg	2025-10-07 04:26:07.932569+00	543	9	IMG_4809.jpg
936	maintenance_job_images/2025/10/IMG_4810.jpeg	2025-10-07 04:47:26.621836+00	544	9	IMG_4810.jpg
937	maintenance_job_images/2025/10/1000006988.jpg	2025-10-07 12:39:45.531984+00	545	10	1000006988.jpg
938	maintenance_job_images/2025/10/1000006804.jpg	2025-10-07 12:41:56.013414+00	546	10	1000006804.jpg
939	maintenance_job_images/2025/10/1000007026.jpg	2025-10-07 12:44:30.723629+00	547	10	1000007026.jpg
940	maintenance_job_images/2025/10/1000007027.jpg	2025-10-07 12:44:30.967662+00	547	10	1000007027.jpg
941	maintenance_job_images/2025/10/1000007111.jpg	2025-10-07 12:46:56.945467+00	548	10	1000007111.jpg
942	maintenance_job_images/2025/10/1000007114.jpg	2025-10-07 12:47:58.903409+00	549	10	1000007114.jpg
943	maintenance_job_images/2025/10/1000007113.jpg	2025-10-07 12:48:46.32345+00	550	10	1000007113.jpg
944	maintenance_job_images/2025/10/1000007116.jpg	2025-10-07 12:49:47.402436+00	551	10	1000007116.jpg
945	maintenance_job_images/2025/10/1000007117.jpg	2025-10-07 12:49:47.678265+00	551	10	1000007117.jpg
946	maintenance_job_images/2025/10/1000007118.jpg	2025-10-07 12:50:35.874483+00	552	10	1000007118.jpg
947	maintenance_job_images/2025/10/1000007119.jpg	2025-10-07 12:51:31.009111+00	553	10	1000007119.jpg
948	maintenance_job_images/2025/10/1000007120.jpg	2025-10-07 12:52:27.873225+00	554	10	1000007120.jpg
949	maintenance_job_images/2025/10/1000007121.jpg	2025-10-07 12:53:11.937495+00	555	10	1000007121.jpg
950	maintenance_job_images/2025/10/1000006910_VcGkPro.jpg	2025-10-07 12:55:41.456973+00	556	10	1000006910.jpg
951	maintenance_job_images/2025/10/1000006911_rOqlgTK.jpg	2025-10-07 12:55:41.703151+00	556	10	1000006911.jpg
952	maintenance_job_images/2025/10/1000007108.jpg	2025-10-07 12:56:32.499999+00	557	10	1000007108.jpg
953	maintenance_job_images/2025/10/1000007109.jpg	2025-10-07 12:56:32.802228+00	557	10	1000007109.jpg
954	maintenance_job_images/2025/10/1000007025.jpg	2025-10-07 12:58:10.932634+00	558	10	1000007025.jpg
955	maintenance_job_images/2025/10/1000007022.jpg	2025-10-07 12:58:11.212644+00	558	10	1000007022.jpg
956	maintenance_job_images/2025/10/1000007024.jpg	2025-10-07 12:59:47.084532+00	559	10	1000007024.jpg
957	maintenance_job_images/2025/10/1000007022_WdON7R0.jpg	2025-10-07 12:59:47.330563+00	559	10	1000007022.jpg
958	maintenance_job_images/2025/10/IMG_4818.jpeg	2025-10-08 00:40:08.238767+00	560	9	IMG_4818.jpg
959	maintenance_job_images/2025/10/IMG_4839.jpeg	2025-10-08 03:26:57.779605+00	561	9	IMG_4839.jpg
960	maintenance_job_images/2025/10/IMG_4838.jpeg	2025-10-08 03:26:58.03216+00	561	9	IMG_4838.jpg
962	maintenance_job_images/2025/10/image.jpg	2025-10-08 03:37:58.612726+00	563	15	image.jpg
963	maintenance_job_images/2025/10/IMG_6813_fstgvZK.jpeg	2025-10-08 03:39:37.076628+00	564	15	IMG_6813.jpg
964	maintenance_job_images/2025/10/IMG_6811.jpeg	2025-10-08 03:41:38.128193+00	565	15	IMG_6811.jpg
965	maintenance_job_images/2025/10/IMG_6807.jpeg	2025-10-08 03:44:20.956336+00	566	15	IMG_6807.jpg
966	maintenance_job_images/2025/10/IMG_6816.jpeg	2025-10-08 03:45:31.458313+00	567	15	IMG_6816.jpg
967	maintenance_job_images/2025/10/IMG_6815.jpeg	2025-10-08 03:47:26.424761+00	568	15	IMG_6815.jpg
968	maintenance_job_images/2025/10/IMG_6820.jpeg	2025-10-08 03:49:05.286238+00	569	15	IMG_6820.jpg
969	maintenance_job_images/2025/10/IMG_6805.jpeg	2025-10-08 03:51:52.839015+00	570	15	IMG_6805.jpg
970	maintenance_job_images/2025/10/IMG_6812.jpeg	2025-10-08 03:53:38.273548+00	571	15	IMG_6812.jpg
971	maintenance_job_images/2025/10/image_XH0RT5E.jpg	2025-10-08 04:15:33.160912+00	572	15	image.jpg
972	maintenance_job_images/2025/10/IMG_6824.jpeg	2025-10-08 04:26:04.588745+00	573	15	IMG_6824.jpg
973	maintenance_job_images/2025/10/IMG_6825.jpeg	2025-10-08 04:28:14.601123+00	574	15	IMG_6825.jpg
974	maintenance_job_images/2025/10/IMG_6826.jpeg	2025-10-08 04:29:54.951182+00	575	15	IMG_6826.jpg
975	maintenance_job_images/2025/10/IMG_6827.jpeg	2025-10-08 04:29:55.12379+00	575	15	IMG_6827.jpg
976	maintenance_job_images/2025/10/IMG_6828.jpeg	2025-10-08 04:34:30.007586+00	576	15	IMG_6828.jpg
977	maintenance_job_images/2025/10/IMG_6830.jpeg	2025-10-08 04:36:23.097426+00	577	15	IMG_6830.jpg
978	maintenance_job_images/2025/10/IMG_6829.jpeg	2025-10-08 04:37:46.246262+00	578	15	IMG_6829.jpg
979	maintenance_job_images/2025/10/1000008154.jpg	2025-10-08 04:39:10.491431+00	579	8	1000008154.jpg
980	maintenance_job_images/2025/10/IMG_6831.jpeg	2025-10-08 04:44:07.791476+00	580	15	IMG_6831.jpg
981	maintenance_job_images/2025/10/IMG_6829_rm33c25.jpeg	2025-10-08 04:45:37.733949+00	581	15	IMG_6829.jpg
982	maintenance_job_images/2025/10/IMG_6832.jpeg	2025-10-08 04:49:14.720854+00	582	15	IMG_6832.jpg
983	maintenance_job_images/2025/10/1000008155.jpg	2025-10-08 04:50:02.244707+00	583	8	1000008155.jpg
984	maintenance_job_images/2025/10/IMG_6833.jpeg	2025-10-08 04:50:50.188536+00	584	15	IMG_6833.jpg
985	maintenance_job_images/2025/10/1000008156.jpg	2025-10-08 04:51:23.213663+00	585	8	1000008156.jpg
986	maintenance_job_images/2025/10/IMG_6835.jpeg	2025-10-08 04:54:37.805025+00	586	15	IMG_6835.jpg
987	maintenance_job_images/2025/10/1000008157.jpg	2025-10-08 04:55:50.825864+00	587	8	1000008157.jpg
988	maintenance_job_images/2025/10/1000008158.jpg	2025-10-08 05:00:35.254591+00	588	8	1000008158.jpg
989	maintenance_job_images/2025/10/1000008159.jpg	2025-10-08 05:02:04.566267+00	589	8	1000008159.jpg
990	maintenance_job_images/2025/10/1000008160.jpg	2025-10-08 05:02:52.116508+00	590	8	1000008160.jpg
991	maintenance_job_images/2025/10/IMG_6836.jpeg	2025-10-08 05:03:19.808854+00	591	15	IMG_6836.jpg
992	maintenance_job_images/2025/10/1000008161.jpg	2025-10-08 05:04:01.996106+00	592	8	1000008161.jpg
993	maintenance_job_images/2025/10/1000008162.jpg	2025-10-08 05:04:59.683177+00	593	8	1000008162.jpg
994	maintenance_job_images/2025/10/1000008163.jpg	2025-10-08 05:07:10.902855+00	594	8	1000008163.jpg
995	maintenance_job_images/2025/10/IMG_6838.jpeg	2025-10-08 05:07:42.126811+00	595	15	IMG_6838.jpg
996	maintenance_job_images/2025/10/IMG_6839.jpeg	2025-10-08 05:07:42.316868+00	595	15	IMG_6839.jpg
997	maintenance_job_images/2025/10/1000008164.jpg	2025-10-08 05:08:13.84866+00	596	8	1000008164.jpg
998	maintenance_job_images/2025/10/IMG_6840.jpeg	2025-10-08 05:15:38.828647+00	597	15	IMG_6840.jpg
999	maintenance_job_images/2025/10/IMG_6841.jpeg	2025-10-08 05:15:39.011249+00	597	15	IMG_6841.jpg
1000	maintenance_job_images/2025/10/IMG_6842.jpeg	2025-10-08 05:17:16.19075+00	598	15	IMG_6842.jpg
1001	maintenance_job_images/2025/10/1000008175.jpg	2025-10-08 05:36:44.057872+00	599	8	1000008175.jpg
1002	maintenance_job_images/2025/10/IMG_6843.jpeg	2025-10-08 05:36:56.701115+00	600	15	IMG_6843.jpg
1003	maintenance_job_images/2025/10/IMG_6844.jpeg	2025-10-08 05:36:56.945165+00	600	15	IMG_6844.jpg
1004	maintenance_job_images/2025/10/IMG_6845.jpeg	2025-10-08 05:41:07.200451+00	601	15	IMG_6845.jpg
1005	maintenance_job_images/2025/10/IMG_6846.jpeg	2025-10-08 05:42:42.863844+00	602	15	IMG_6846.jpg
1006	maintenance_job_images/2025/10/IMG_6847.jpeg	2025-10-08 05:45:00.138107+00	603	15	IMG_6847.jpg
1007	maintenance_job_images/2025/10/1000008176.jpg	2025-10-08 05:48:16.885587+00	604	8	1000008176.jpg
1008	maintenance_job_images/2025/10/IMG_4840.jpeg	2025-10-08 06:02:05.78958+00	605	9	IMG_4840.jpg
1009	maintenance_job_images/2025/10/IMG_6832_Qk395R8.jpeg	2025-10-08 06:05:03.217181+00	606	15	IMG_6832.jpg
1010	maintenance_job_images/2025/10/IMG_4841.jpeg	2025-10-08 06:05:37.770647+00	607	9	IMG_4841.jpg
1011	maintenance_job_images/2025/10/IMG_6848.jpeg	2025-10-08 06:06:19.192149+00	608	15	IMG_6848.jpg
1012	maintenance_job_images/2025/10/1000008177.jpg	2025-10-08 06:06:44.744595+00	609	8	1000008177.jpg
1013	maintenance_job_images/2025/10/IMG_6849.jpeg	2025-10-08 06:08:57.959503+00	610	15	IMG_6849.jpg
1014	maintenance_job_images/2025/10/IMG_6850.jpeg	2025-10-08 06:10:48.424382+00	611	15	IMG_6850.jpg
1015	maintenance_job_images/2025/10/IMG_6851.jpeg	2025-10-08 06:10:48.625362+00	611	15	IMG_6851.jpg
1016	maintenance_job_images/2025/10/IMG_6845_CguP3qA.jpeg	2025-10-08 06:12:44.444774+00	612	15	IMG_6845.jpg
1017	maintenance_job_images/2025/10/1000008178.jpg	2025-10-08 06:13:28.807516+00	613	8	1000008178.jpg
1018	maintenance_job_images/2025/10/IMG_6813_xaMr9Js.jpeg	2025-10-08 06:14:33.680141+00	614	15	IMG_6813.jpg
1019	maintenance_job_images/2025/10/IMG_6852.jpeg	2025-10-08 06:16:14.827749+00	615	15	IMG_6852.jpg
1020	maintenance_job_images/2025/10/1000008179.jpg	2025-10-08 06:16:28.958986+00	616	8	1000008179.jpg
1021	maintenance_job_images/2025/10/1000008180.jpg	2025-10-08 06:17:39.958088+00	617	8	1000008180.jpg
1022	maintenance_job_images/2025/10/IMG_4860.jpeg	2025-10-09 03:59:03.390086+00	618	9	IMG_4860.jpg
1023	maintenance_job_images/2025/10/IMG_4868.jpeg	2025-10-09 03:59:03.654882+00	618	9	IMG_4868.jpg
1024	maintenance_job_images/2025/10/IMG_3772.jpeg	2025-10-09 07:58:47.931192+00	619	11	IMG_3772.jpg
1025	maintenance_job_images/2025/10/IMG_3771.jpeg	2025-10-09 07:58:48.166644+00	619	11	IMG_3771.jpg
1026	maintenance_job_images/2025/10/IMG_4876.jpeg	2025-10-09 08:40:13.391233+00	620	9	IMG_4876.jpg
1027	maintenance_job_images/2025/10/IMG_4875.jpeg	2025-10-09 08:41:23.082509+00	621	9	IMG_4875.jpg
1028	maintenance_job_images/2025/10/IMG_4877.jpeg	2025-10-09 08:41:23.284499+00	621	9	IMG_4877.jpg
1029	maintenance_job_images/2025/10/IMG_4918.jpeg	2025-10-10 06:57:10.102133+00	622	9	IMG_4918.jpg
1030	maintenance_job_images/2025/10/IMG_4913.jpeg	2025-10-10 06:57:43.684053+00	623	9	IMG_4913.jpg
1031	maintenance_job_images/2025/10/IMG_4914.jpeg	2025-10-10 06:58:36.290868+00	624	9	IMG_4914.jpg
1032	maintenance_job_images/2025/10/IMG_3808.jpeg	2025-10-10 08:25:09.138148+00	625	11	IMG_3808.jpg
1033	maintenance_job_images/2025/10/IMG_3807.jpeg	2025-10-10 08:25:09.383094+00	625	11	IMG_3807.jpg
1034	maintenance_job_images/2025/10/IMG_3808_t9Gdqoc.jpeg	2025-10-10 08:26:11.318172+00	626	11	IMG_3808.jpg
1035	maintenance_job_images/2025/10/IMG_3807_JR2Jc6z.jpeg	2025-10-10 08:26:11.514291+00	626	11	IMG_3807.jpg
1036	maintenance_job_images/2025/10/IMG_3808_AHU8j1A.jpeg	2025-10-10 15:39:35.885239+00	627	11	IMG_3808.jpg
1037	maintenance_job_images/2025/10/IMG_3807_zRq3KqW.jpeg	2025-10-10 15:39:36.118687+00	627	11	IMG_3807.jpg
1038	maintenance_job_images/2025/10/IMG_4950.jpeg	2025-10-11 09:13:01.051225+00	628	9	IMG_4950.jpg
1039	maintenance_job_images/2025/10/IMG_4945.jpeg	2025-10-11 09:13:43.806615+00	629	9	IMG_4945.jpg
1040	maintenance_job_images/2025/10/IMG_4949.jpeg	2025-10-11 09:14:30.780937+00	630	9	IMG_4949.jpg
1041	maintenance_job_images/2025/10/IMG_3808_hZoAoHn.jpeg	2025-10-11 14:34:12.121525+00	631	11	IMG_3808.jpg
1042	maintenance_job_images/2025/10/IMG_3807_nNm5Apx.jpeg	2025-10-11 14:34:12.331407+00	631	11	IMG_3807.jpg
1044	maintenance_job_images/2025/10/IMG_4964.jpeg	2025-10-12 03:36:23.531302+00	633	9	IMG_4964.jpg
1045	maintenance_job_images/2025/10/IMG_3921.jpeg	2025-10-13 04:03:17.731798+00	634	11	IMG_3921.jpg
1046	maintenance_job_images/2025/10/IMG_3920.jpeg	2025-10-13 04:03:17.979377+00	634	11	IMG_3920.jpg
1047	maintenance_job_images/2025/10/IMG_3930.jpeg	2025-10-13 06:09:55.825306+00	635	11	IMG_3930.jpg
1048	maintenance_job_images/2025/10/IMG_3932.jpeg	2025-10-13 07:38:45.960749+00	636	11	IMG_3932.jpg
1049	maintenance_job_images/2025/10/IMG_3931.jpeg	2025-10-13 07:38:46.182681+00	636	11	IMG_3931.jpg
1050	maintenance_job_images/2025/10/IMG_3934.jpeg	2025-10-13 08:56:35.246101+00	637	11	IMG_3934.jpg
1051	maintenance_job_images/2025/10/IMG_6956.jpeg	2025-10-14 02:39:43.785818+00	638	15	IMG_6956.jpg
1052	maintenance_job_images/2025/10/IMG_6957.jpeg	2025-10-14 02:50:13.823608+00	639	15	IMG_6957.jpg
1053	maintenance_job_images/2025/10/IMG_6958.jpeg	2025-10-14 02:50:14.015313+00	639	15	IMG_6958.jpg
1054	maintenance_job_images/2025/10/IMG_6959.jpeg	2025-10-14 02:57:00.035237+00	640	15	IMG_6959.jpg
1055	maintenance_job_images/2025/10/image_QgkIpqe.jpg	2025-10-14 02:58:12.148304+00	641	15	image.jpg
1056	maintenance_job_images/2025/10/IMG_6960.jpeg	2025-10-14 03:03:57.416323+00	642	15	IMG_6960.jpg
1057	maintenance_job_images/2025/10/IMG_6961.jpeg	2025-10-14 03:18:31.072219+00	643	15	IMG_6961.jpg
1058	maintenance_job_images/2025/10/image_AVcYIFS.jpg	2025-10-14 03:21:12.790632+00	644	15	image.jpg
1059	maintenance_job_images/2025/10/IMG_6961_mf04VTL.jpeg	2025-10-14 03:23:11.6562+00	645	15	IMG_6961.jpg
1060	maintenance_job_images/2025/10/image_acgihTB.jpg	2025-10-14 03:24:12.382464+00	646	15	image.jpg
1061	maintenance_job_images/2025/10/image_iqDlsy2.jpg	2025-10-14 03:28:13.419907+00	647	15	image.jpg
1062	maintenance_job_images/2025/10/IMG_6962.jpeg	2025-10-14 03:31:29.210902+00	648	15	IMG_6962.jpg
1063	maintenance_job_images/2025/10/IMG_6963.jpeg	2025-10-14 03:31:29.407893+00	648	15	IMG_6963.jpg
1064	maintenance_job_images/2025/10/IMG_6961_OKKcSy6.jpeg	2025-10-14 03:32:31.123516+00	649	15	IMG_6961.jpg
1065	maintenance_job_images/2025/10/image_rNI8G8h.jpg	2025-10-14 03:34:38.103582+00	650	15	image.jpg
1066	maintenance_job_images/2025/10/1000008264.jpg	2025-10-14 03:35:39.733024+00	651	8	1000008264.jpg
1067	maintenance_job_images/2025/10/image_d1FInDS.jpg	2025-10-14 03:36:03.411858+00	652	15	image.jpg
1068	maintenance_job_images/2025/10/image_BRwE046.jpg	2025-10-14 03:39:29.655193+00	653	15	image.jpg
1069	maintenance_job_images/2025/10/image_MLiwN1F.jpg	2025-10-14 03:40:55.364779+00	654	15	image.jpg
1070	maintenance_job_images/2025/10/image_SmhwFDu.jpg	2025-10-14 03:41:48.482691+00	655	15	image.jpg
1071	maintenance_job_images/2025/10/1000007227.jpg	2025-10-14 09:43:46.109911+00	656	10	1000007227.jpg
1072	maintenance_job_images/2025/10/1000007228.jpg	2025-10-14 09:44:59.279612+00	657	10	1000007228.jpg
1073	maintenance_job_images/2025/10/1000007229.jpg	2025-10-14 09:46:52.785079+00	658	10	1000007229.jpg
1074	maintenance_job_images/2025/10/1000007230.jpg	2025-10-14 09:46:53.016235+00	658	10	1000007230.jpg
1075	maintenance_job_images/2025/10/1000007139.jpg	2025-10-14 09:50:23.252865+00	659	10	1000007139.jpg
1076	maintenance_job_images/2025/10/IMG_5015.jpeg	2025-10-15 09:34:01.44436+00	660	9	IMG_5015.jpg
1077	maintenance_job_images/2025/10/IMG_5014.jpeg	2025-10-15 09:36:55.631781+00	661	9	IMG_5014.jpg
1078	maintenance_job_images/2025/10/IMG_5023.jpeg	2025-10-15 09:38:10.54275+00	662	9	IMG_5023.jpg
1079	maintenance_job_images/2025/10/IMG_5020.jpeg	2025-10-15 09:40:02.922189+00	663	9	IMG_5020.jpg
1080	maintenance_job_images/2025/10/1000007258.jpg	2025-10-15 11:20:58.728435+00	664	10	1000007258.jpg
1081	maintenance_job_images/2025/10/1000007261.jpg	2025-10-15 11:24:08.236469+00	665	10	1000007261.jpg
1082	maintenance_job_images/2025/10/1000007262.jpg	2025-10-15 11:24:08.530935+00	665	10	1000007262.jpg
1083	maintenance_job_images/2025/10/1000007263.jpg	2025-10-15 11:26:28.649725+00	666	10	1000007263.jpg
1084	maintenance_job_images/2025/10/1000007266.jpg	2025-10-15 11:27:18.140268+00	667	10	1000007266.jpg
1085	maintenance_job_images/2025/10/1000007271.jpg	2025-10-15 11:27:18.353559+00	667	10	1000007271.jpg
1086	maintenance_job_images/2025/10/1000007272.jpg	2025-10-15 11:32:32.667345+00	668	10	1000007272.jpg
1087	maintenance_job_images/2025/10/1000007271_KT8lbT8.jpg	2025-10-15 11:32:32.858051+00	668	10	1000007271.jpg
1088	maintenance_job_images/2025/10/1000007274.jpg	2025-10-15 11:36:04.36961+00	669	10	1000007274.jpg
1089	maintenance_job_images/2025/10/1000007273.jpg	2025-10-15 11:36:04.663029+00	669	10	1000007273.jpg
1090	maintenance_job_images/2025/10/1000007276.jpg	2025-10-15 11:37:58.351887+00	670	10	1000007276.jpg
1091	maintenance_job_images/2025/10/1000007277.jpg	2025-10-15 11:38:51.750258+00	671	10	1000007277.jpg
1092	maintenance_job_images/2025/10/1000007280.jpg	2025-10-15 11:40:51.037441+00	672	10	1000007280.jpg
1093	maintenance_job_images/2025/10/IMG_5056.jpeg	2025-10-16 04:14:48.205076+00	673	9	IMG_5056.jpg
1094	maintenance_job_images/2025/10/IMG_5055.jpeg	2025-10-16 04:14:48.498766+00	673	9	IMG_5055.jpg
1095	maintenance_job_images/2025/10/IMG_5048.jpeg	2025-10-16 04:16:30.055103+00	674	9	IMG_5048.jpg
1096	maintenance_job_images/2025/10/IMG_5049.jpeg	2025-10-16 04:16:30.280713+00	674	9	IMG_5049.jpg
1097	maintenance_job_images/2025/10/IMG_5060.jpeg	2025-10-16 05:54:45.885227+00	675	9	IMG_5060.jpg
1098	maintenance_job_images/2025/10/IMG_5100.jpeg	2025-10-17 02:55:41.552313+00	676	9	IMG_5100.jpg
1099	maintenance_job_images/2025/10/IMG_5102.jpeg	2025-10-17 02:55:41.768486+00	676	9	IMG_5102.jpg
1100	maintenance_job_images/2025/10/IMG_4075.jpeg	2025-10-17 07:48:29.830555+00	677	11	IMG_4075.jpg
1101	maintenance_job_images/2025/10/IMG_4078.jpeg	2025-10-17 09:44:26.066792+00	678	11	IMG_4078.jpg
1102	maintenance_job_images/2025/10/IMG_4142.jpeg	2025-10-17 15:36:55.638961+00	679	11	IMG_4142.jpg
1103	maintenance_job_images/2025/10/IMG_5104.jpeg	2025-10-17 23:30:06.831368+00	680	9	IMG_5104.jpg
1104	maintenance_job_images/2025/10/IMG_5121.jpeg	2025-10-18 02:03:10.887663+00	681	9	IMG_5121.jpg
1105	maintenance_job_images/2025/10/IMG_5132.jpeg	2025-10-18 03:00:22.192072+00	682	9	IMG_5132.jpg
1106	maintenance_job_images/2025/10/IMG_5133.jpeg	2025-10-18 03:00:22.27453+00	682	9	IMG_5133.jpg
1107	maintenance_job_images/2025/10/IMG_5103.jpeg	2025-10-18 07:53:25.24838+00	683	9	IMG_5103.jpg
1108	maintenance_job_images/2025/10/IMG_5155.jpeg	2025-10-18 07:53:25.514425+00	683	9	IMG_5155.jpg
1109	maintenance_job_images/2025/10/IMG_5147.jpeg	2025-10-18 07:54:23.579236+00	684	9	IMG_5147.jpg
1110	maintenance_job_images/2025/10/IMG_5148.jpeg	2025-10-18 07:54:23.80864+00	684	9	IMG_5148.jpg
1111	maintenance_job_images/2025/10/IMG_5149.jpeg	2025-10-18 07:55:22.820549+00	685	9	IMG_5149.jpg
1112	maintenance_job_images/2025/10/IMG_5150.jpeg	2025-10-18 07:55:23.051539+00	685	9	IMG_5150.jpg
1113	maintenance_job_images/2025/10/IMG_4181.jpeg	2025-10-18 08:15:20.608455+00	686	11	IMG_4181.jpg
1114	maintenance_job_images/2025/10/IMG_4182.jpeg	2025-10-18 08:57:46.037357+00	687	11	IMG_4182.jpg
1115	maintenance_job_images/2025/10/IMG_4185.jpeg	2025-10-18 09:16:55.927594+00	688	11	IMG_4185.jpg
1116	maintenance_job_images/2025/10/1000007335.jpg	2025-10-18 09:18:00.211537+00	689	10	1000007335.jpg
1117	maintenance_job_images/2025/10/1000007334.jpg	2025-10-18 09:18:00.373417+00	689	10	1000007334.jpg
1118	maintenance_job_images/2025/10/1000007338.jpg	2025-10-18 09:20:27.755911+00	690	10	1000007338.jpg
1119	maintenance_job_images/2025/10/1000007337.jpg	2025-10-18 09:20:28.149888+00	690	10	1000007337.jpg
1120	maintenance_job_images/2025/10/IMG_4187.jpeg	2025-10-18 09:36:51.462625+00	691	11	IMG_4187.jpg
1121	maintenance_job_images/2025/10/IMG_4193.jpeg	2025-10-18 11:01:42.035107+00	692	11	IMG_4193.jpg
1122	maintenance_job_images/2025/10/IMG_4191.jpeg	2025-10-18 11:01:42.282292+00	692	11	IMG_4191.jpg
1123	maintenance_job_images/2025/10/IMG_4195.jpeg	2025-10-18 11:02:17.745929+00	693	11	IMG_4195.jpg
1124	maintenance_job_images/2025/10/IMG_4225.jpeg	2025-10-19 03:02:01.516598+00	694	11	IMG_4225.jpg
1125	maintenance_job_images/2025/10/IMG_4224.jpeg	2025-10-19 03:02:01.73117+00	694	11	IMG_4224.jpg
1126	maintenance_job_images/2025/10/IMG_4229.jpeg	2025-10-19 03:27:16.499268+00	695	11	IMG_4229.jpg
1127	maintenance_job_images/2025/10/IMG_4228.jpeg	2025-10-19 03:27:16.810512+00	695	11	IMG_4228.jpg
1128	maintenance_job_images/2025/10/IMG_4231.jpeg	2025-10-19 04:02:57.862624+00	696	11	IMG_4231.jpg
1129	maintenance_job_images/2025/10/IMG_4230.jpeg	2025-10-19 04:02:58.125273+00	696	11	IMG_4230.jpg
1130	maintenance_job_images/2025/10/IMG_4232.jpeg	2025-10-19 04:46:38.910392+00	697	11	IMG_4232.jpg
1131	maintenance_job_images/2025/10/IMG_4233.jpeg	2025-10-19 04:46:39.166592+00	697	11	IMG_4233.jpg
1132	maintenance_job_images/2025/10/IMG_4292.jpeg	2025-10-20 03:12:39.357153+00	698	11	IMG_4292.jpg
1133	maintenance_job_images/2025/10/IMG_4293.jpeg	2025-10-20 03:12:39.590988+00	698	11	IMG_4293.jpg
1134	maintenance_job_images/2025/10/IMG_4296.jpeg	2025-10-20 03:13:37.218748+00	699	11	IMG_4296.jpg
1135	maintenance_job_images/2025/10/IMG_4294.jpeg	2025-10-20 03:13:37.493025+00	699	11	IMG_4294.jpg
1136	maintenance_job_images/2025/10/IMG_4297.jpeg	2025-10-20 03:14:23.630569+00	700	11	IMG_4297.jpg
1137	maintenance_job_images/2025/10/IMG_4295.jpeg	2025-10-20 03:14:23.920889+00	700	11	IMG_4295.jpg
1138	maintenance_job_images/2025/10/IMG_4303.jpeg	2025-10-20 03:55:06.757262+00	701	11	IMG_4303.jpg
1139	maintenance_job_images/2025/10/IMG_4301.jpeg	2025-10-20 03:55:07.013232+00	701	11	IMG_4301.jpg
1140	maintenance_job_images/2025/10/IMG_4307.jpeg	2025-10-20 04:02:21.349859+00	702	11	IMG_4307.jpg
1141	maintenance_job_images/2025/10/IMG_4306.jpeg	2025-10-20 04:02:21.618635+00	702	11	IMG_4306.jpg
1142	maintenance_job_images/2025/10/IMG_4310.jpeg	2025-10-20 04:15:13.554468+00	703	11	IMG_4310.jpg
1143	maintenance_job_images/2025/10/IMG_4309.jpeg	2025-10-20 04:15:13.781152+00	703	11	IMG_4309.jpg
1144	maintenance_job_images/2025/10/IMG_4316.jpeg	2025-10-20 05:03:08.617721+00	704	11	IMG_4316.jpg
1145	maintenance_job_images/2025/10/IMG_4315.jpeg	2025-10-20 05:03:08.843847+00	704	11	IMG_4315.jpg
1146	maintenance_job_images/2025/10/IMG_4319.jpeg	2025-10-20 05:04:19.099691+00	705	11	IMG_4319.jpg
1147	maintenance_job_images/2025/10/IMG_4317.jpeg	2025-10-20 05:04:19.319566+00	705	11	IMG_4317.jpg
1148	maintenance_job_images/2025/10/IMG_4322.jpeg	2025-10-20 05:18:16.350922+00	706	11	IMG_4322.jpg
1149	maintenance_job_images/2025/10/IMG_4323.jpeg	2025-10-20 05:34:27.681032+00	707	11	IMG_4323.jpg
1150	maintenance_job_images/2025/10/1000007403.jpg	2025-10-20 15:09:42.422489+00	708	10	1000007403.jpg
1151	maintenance_job_images/2025/10/1000007404.jpg	2025-10-20 15:11:27.079441+00	709	10	1000007404.jpg
1152	maintenance_job_images/2025/10/1000007421.jpg	2025-10-20 15:44:11.679185+00	710	10	1000007421.jpg
1153	maintenance_job_images/2025/10/1000007377.jpg	2025-10-20 15:45:26.942467+00	711	10	1000007377.jpg
1154	maintenance_job_images/2025/10/IMG_5164.jpeg	2025-10-21 01:08:38.76509+00	712	9	IMG_5164.jpg
1155	maintenance_job_images/2025/10/IMG_4546.jpeg	2025-10-21 02:27:30.541243+00	713	11	IMG_4546.jpg
1156	maintenance_job_images/2025/10/IMG_4547.jpeg	2025-10-21 02:27:30.623299+00	713	11	IMG_4547.jpg
1157	maintenance_job_images/2025/10/IMG_5180.jpeg	2025-10-21 03:59:46.744614+00	714	9	IMG_5180.jpg
1158	maintenance_job_images/2025/10/IMG_5167.jpeg	2025-10-21 04:01:44.743808+00	715	9	IMG_5167.jpg
1159	maintenance_job_images/2025/10/IMG_4558.jpeg	2025-10-21 04:46:01.805879+00	716	11	IMG_4558.jpg
1160	maintenance_job_images/2025/10/IMG_4557.jpeg	2025-10-21 04:46:02.069836+00	716	11	IMG_4557.jpg
1161	maintenance_job_images/2025/10/IMG_4561.jpeg	2025-10-21 04:57:10.531138+00	717	11	IMG_4561.jpg
1162	maintenance_job_images/2025/10/IMG_4559.jpeg	2025-10-21 04:57:10.787988+00	717	11	IMG_4559.jpg
1163	maintenance_job_images/2025/10/IMG_4584.jpeg	2025-10-21 05:41:44.393917+00	718	11	IMG_4584.jpg
1164	maintenance_job_images/2025/10/IMG_4582.jpeg	2025-10-21 05:41:44.657636+00	718	11	IMG_4582.jpg
1165	maintenance_job_images/2025/10/IMG_4591.jpeg	2025-10-21 08:17:39.196862+00	719	11	IMG_4591.jpg
1166	maintenance_job_images/2025/10/IMG_4590.jpeg	2025-10-21 08:17:39.451937+00	719	11	IMG_4590.jpg
1167	maintenance_job_images/2025/10/IMG_4594.jpeg	2025-10-21 08:30:43.015367+00	720	11	IMG_4594.jpg
1168	maintenance_job_images/2025/10/IMG_4593.jpeg	2025-10-21 08:30:43.315205+00	720	11	IMG_4593.jpg
\.


--
-- Data for Name: myappLubd_machine; Type: TABLE DATA; Schema: public; Owner: mylubd_user
--

COPY public."myappLubd_machine" (id, machine_id, name, description, location, status, installation_date, last_maintenance_date, created_at, updated_at, property_id) FROM stdin;
1	M2544AF9284	Lift No1		Lobby	active	2025-09-01	2025-09-01 09:17:24+00	2025-09-01 09:17:25.524+00	2025-09-01 09:17:25.524+00	1
2	M2532F43D01	Lift No2		Lobby	active	2025-09-01	2025-09-01 09:17:52+00	2025-09-01 09:17:53.394+00	2025-09-01 09:17:53.394+00	1
\.


--
-- Data for Name: myappLubd_machine_preventive_maintenances; Type: TABLE DATA; Schema: public; Owner: mylubd_user
--

COPY public."myappLubd_machine_preventive_maintenances" (id, machine_id, preventivemaintenance_id) FROM stdin;
1	1	12
\.


--
-- Data for Name: myappLubd_maintenancechecklist; Type: TABLE DATA; Schema: public; Owner: mylubd_user
--

COPY public."myappLubd_maintenancechecklist" (id, item, description, is_completed, completed_at, "order", completed_by_id, maintenance_id) FROM stdin;
\.


--
-- Data for Name: myappLubd_maintenancehistory; Type: TABLE DATA; Schema: public; Owner: mylubd_user
--

COPY public."myappLubd_maintenancehistory" (id, action, notes, "timestamp", maintenance_id, performed_by_id) FROM stdin;
\.


--
-- Data for Name: myappLubd_maintenanceprocedure; Type: TABLE DATA; Schema: public; Owner: mylubd_user
--

COPY public."myappLubd_maintenanceprocedure" (id, name, description, steps, estimated_duration, required_tools, safety_notes, created_at, updated_at, difficulty_level) FROM stdin;
\.


--
-- Data for Name: myappLubd_maintenanceschedule; Type: TABLE DATA; Schema: public; Owner: mylubd_user
--

COPY public."myappLubd_maintenanceschedule" (id, is_recurring, next_occurrence, recurrence_pattern, last_occurrence, total_occurrences, is_active, maintenance_id) FROM stdin;
\.


--
-- Data for Name: myappLubd_preventivemaintenance; Type: TABLE DATA; Schema: public; Owner: mylubd_user
--

COPY public."myappLubd_preventivemaintenance" (id, pm_id, scheduled_date, completed_date, frequency, custom_days, next_due_date, notes, updated_at, after_image, before_image, created_by_id, pmtitle, job_id, procedure, after_image_jpeg_path, before_image_jpeg_path, actual_duration, completed_by_id, completion_notes, estimated_duration, priority, quality_score, status, verification_date, verified_by_id, procedure_template_id) FROM stdin;
12	pm25A4AD03	2025-09-15 02:00:00+00	\N	quarterly	\N	\N	test1	2025-09-15 10:16:45.615376+00	maintenance_pm_images/2025/09/20250617_134821_MfkC5gp.jpg	maintenance_pm_images/2025/09/20250617_134821.jpg	1	Cleaning fitter Air Conditions	\N	test	maintenance_pm_images/2025/09/20250617_134821_MfkC5gp.jpg	maintenance_pm_images/2025/09/20250617_134821.jpg	\N	\N	\N	\N	medium	\N	pending	\N	\N	\N
\.


--
-- Data for Name: myappLubd_preventivemaintenance_topics; Type: TABLE DATA; Schema: public; Owner: mylubd_user
--

COPY public."myappLubd_preventivemaintenance_topics" (id, preventivemaintenance_id, topic_id) FROM stdin;
27	12	5
\.


--
-- Data for Name: myappLubd_property; Type: TABLE DATA; Schema: public; Owner: mylubd_user
--

COPY public."myappLubd_property" (id, property_id, name, description, created_at, is_preventivemaintenance) FROM stdin;
1	PB749146D	Lubd Bangkok Chainatown		2025-03-25 14:27:00.574+00	f
2	PE17D8D2C	Lub d Bangkok Siam		2025-03-27 04:02:46.667+00	f
\.


--
-- Data for Name: myappLubd_property_users; Type: TABLE DATA; Schema: public; Owner: mylubd_user
--

COPY public."myappLubd_property_users" (id, property_id, user_id) FROM stdin;
89	1	1
93	1	8
94	1	9
95	1	10
96	1	11
98	2	5
\.


--
-- Data for Name: myappLubd_room; Type: TABLE DATA; Schema: public; Owner: mylubd_user
--

COPY public."myappLubd_room" (room_id, name, room_type, is_active, created_at) FROM stdin;
1	301	Talad Noi King	t	2025-03-26 06:19:47.009+00
2	302	Talad Noi King	t	2025-03-26 07:40:36.354+00
3	303	Talad Noi King	t	2025-03-26 07:40:53.524+00
4	321	Siam Yot Loft	t	2025-03-26 07:44:06.617+00
5	421	Siam Yot Loft	t	2025-03-26 07:44:18.215+00
6	521	Siam Yot Loft	t	2025-03-26 07:44:28.232+00
7	329	Chinatown Suite	t	2025-03-26 07:44:51.082+00
8	429	Chinatown Suite	t	2025-03-26 07:45:00.965+00
9	529	Chinatown Suite	t	2025-03-26 07:45:12.345+00
10	629	Chinatown Suite	t	2025-03-26 07:45:23.984+00
11	308	Yaowarat King	t	2025-03-26 07:45:48.416+00
12	309	Yaowarat King	t	2025-03-26 07:46:01.754+00
13	408	Yaowarat King	t	2025-03-26 07:46:22.67+00
14	409	Chinatown Suite	t	2025-03-26 07:46:32.411+00
15	508	Yaowarat King	t	2025-03-26 07:46:48.112+00
16	509	Yaowarat King	t	2025-03-26 07:46:57.438+00
17	608	Yaowarat King	t	2025-03-26 07:47:10.514+00
18	609	Yaowarat King	t	2025-03-26 07:47:21.875+00
19	322	Sampeng Lane Twin	t	2025-03-26 07:47:51.462+00
20	328	Sampeng Lane Twin	t	2025-03-26 07:47:59.408+00
21	323	Sampeng Lane Twin	t	2025-03-26 07:48:08.667+00
22	324	Sampeng Lane Twin	t	2025-03-26 07:48:18.097+00
23	325	Sampeng Lane Twin	t	2025-03-26 07:48:27.031+00
24	326	Sampeng Lane Twin	t	2025-03-26 07:48:36.775+00
25	327	Sampeng Lane Twin	t	2025-03-26 07:48:45.064+00
26	330	Sampeng Lane Twin	t	2025-03-26 07:49:00.716+00
27	331	Sampeng Lane Twin	t	2025-03-26 07:49:09.989+00
28	332	Sampeng Lane Twin	t	2025-03-26 07:49:18.396+00
29	333	Sampeng Lane Twin	t	2025-03-26 07:49:26.969+00
30	422	Sampeng Lane Twin	t	2025-03-26 07:49:42.885+00
31	428	Sampeng Lane Twin	t	2025-03-26 07:49:51.773+00
32	423	Sampeng Lane Twin	t	2025-03-26 07:50:01.094+00
33	424	Sampeng Lane Twin	t	2025-03-26 07:50:08.403+00
34	425	Sampeng Lane Twin	t	2025-03-26 07:50:17.492+00
35	426	Sampeng Lane Twin	t	2025-03-26 07:50:26.633+00
36	427	Sampeng Lane Twin	t	2025-03-26 07:50:35.4+00
37	430	Sampeng Lane Twin	t	2025-03-26 07:51:12.312+00
38	431	Sampeng Lane Twin	t	2025-03-26 07:51:21.952+00
39	432	Sampeng Lane Twin	t	2025-03-26 07:51:29.816+00
40	433	Sampeng Lane Twin	t	2025-03-26 07:51:36.788+00
41	522	Sampeng Lane Twin	t	2025-03-26 07:52:15.002+00
42	523	Sampeng Lane Twin	t	2025-03-26 07:52:23.123+00
43	524	Sampeng Lane Twin	t	2025-03-26 07:52:31.252+00
44	525	Sampeng Lane Twin	t	2025-03-26 07:52:40.969+00
45	526	Sampeng Lane Twin	t	2025-03-26 07:52:50.175+00
46	527	Sampeng Lane Twin	t	2025-03-26 07:52:59.501+00
47	528	Sampeng Lane Twin	t	2025-03-26 07:53:10.633+00
48	530	Sampeng Lane Twin	t	2025-03-26 07:53:26.497+00
49	531	Sampeng Lane Twin	t	2025-03-26 07:53:34.891+00
50	532	Sampeng Lane Twin	t	2025-03-26 07:53:42.991+00
51	533	Sampeng Lane Twin	t	2025-03-26 07:53:50.257+00
52	622	Sampeng Lane Twin	t	2025-03-26 07:54:10.681+00
53	623	Sampeng Lane Twin	t	2025-03-26 07:54:18.478+00
54	624	Sampeng Lane Twin	t	2025-03-26 07:54:26.402+00
55	625	Sampeng Lane Twin	t	2025-03-26 07:54:34.179+00
56	626	Sampeng Lane Twin	t	2025-03-26 07:54:42.787+00
57	627	Sampeng Lane Twin	t	2025-03-26 07:54:51.305+00
58	628	Sampeng Lane Twin	t	2025-03-26 07:55:01.386+00
59	630	Sampeng Lane Twin	t	2025-03-26 07:55:20.02+00
60	631	Sampeng Lane Twin	t	2025-03-26 07:55:28.766+00
61	632	Sampeng Lane Twin	t	2025-03-26 07:55:37.032+00
62	633	Sampeng Lane Twin	t	2025-03-26 07:55:46.648+00
63	304	Talad Noi King	t	2025-03-26 07:56:28.145+00
64	305	Talad Noi King	t	2025-03-26 07:56:39.176+00
65	306	Talad Noi King	t	2025-03-26 07:56:50.313+00
66	307	Talad Noi King	t	2025-03-26 07:57:00.57+00
67	310	Talad Noi King	t	2025-03-26 07:57:12.535+00
68	311	Talad Noi King	t	2025-03-26 07:57:22.856+00
69	312	Talad Noi King	t	2025-03-26 07:57:35.381+00
70	314	Talad Noi King	t	2025-03-26 07:57:45.413+00
71	315	Talad Noi King	t	2025-03-26 07:57:55.163+00
72	316	Talad Noi King	t	2025-03-26 07:58:11.003+00
73	317	Talad Noi King	t	2025-03-26 07:58:20.595+00
74	318	Talad Noi King	t	2025-03-26 07:58:34.926+00
75	319	Talad Noi King	t	2025-03-26 07:58:43.336+00
76	320	Talad Noi King	t	2025-03-26 07:58:53.116+00
77	401	Talad Noi King	t	2025-03-26 07:59:04.108+00
78	402	Talad Noi King	t	2025-03-26 07:59:13.31+00
79	403	Talad Noi King	t	2025-03-26 07:59:23+00
80	404	Talad Noi King	t	2025-03-26 07:59:41.433+00
81	405	Talad Noi King	t	2025-03-26 07:59:50.034+00
82	406	Talad Noi King	t	2025-03-26 07:59:59.913+00
83	407	Talad Noi King	t	2025-03-26 08:00:09.787+00
84	410	Talad Noi King	t	2025-03-26 08:00:35.992+00
85	411	Talad Noi King	t	2025-03-26 08:00:59.716+00
86	412	Talad Noi King	t	2025-03-26 08:01:15.943+00
87	414	Talad Noi King	t	2025-03-26 08:01:27.612+00
88	415	Talad Noi King	t	2025-03-26 08:01:35.849+00
89	416	Talad Noi King	t	2025-03-26 08:01:43.391+00
90	417	Talad Noi King	t	2025-03-26 08:01:50.642+00
91	418	Talad Noi King	t	2025-03-26 08:01:58.103+00
92	419	Talad Noi King	t	2025-03-26 08:02:07.834+00
93	420	Talad Noi King	t	2025-03-26 08:02:15.982+00
94	501	Talad Noi King	t	2025-03-26 08:02:43.682+00
95	502	Talad Noi King	t	2025-03-26 08:02:53.007+00
96	503	Talad Noi King	t	2025-03-26 08:03:01.41+00
97	504	Talad Noi King	t	2025-03-26 08:03:11.808+00
98	505	Talad Noi King	t	2025-03-26 08:03:19.902+00
99	506	Talad Noi King	t	2025-03-26 08:03:28.887+00
100	507	Talad Noi King	t	2025-03-26 08:03:38.591+00
101	510	Talad Noi King	t	2025-03-26 08:04:00.765+00
102	512	Talad Noi King	t	2025-03-26 08:04:17.322+00
103	511	Talad Noi King	t	2025-03-26 08:04:24.403+00
104	514	Talad Noi King	t	2025-03-26 08:04:32.473+00
105	515	Talad Noi King	t	2025-03-26 08:04:39.373+00
106	516	Talad Noi King	t	2025-03-26 08:04:47.829+00
107	517	Talad Noi King	t	2025-03-26 08:04:55.126+00
108	518	Talad Noi King	t	2025-03-26 08:05:02.621+00
109	519	Talad Noi King	t	2025-03-26 08:05:10.47+00
110	520	Talad Noi King	t	2025-03-26 08:05:18.248+00
111	601	Talad Noi King	t	2025-03-26 08:05:33.499+00
112	602	Talad Noi King	t	2025-03-26 08:05:41.884+00
113	603	Talad Noi King	t	2025-03-26 08:05:49.472+00
114	604	Talad Noi King	t	2025-03-26 08:05:57.302+00
115	605	Talad Noi King	t	2025-03-26 08:06:04.894+00
116	606	Talad Noi King	t	2025-03-26 08:06:12.361+00
117	607	Talad Noi King	t	2025-03-26 08:06:24.716+00
118	610	Talad Noi King	t	2025-03-26 08:06:59.691+00
119	611	Talad Noi King	t	2025-03-26 08:07:13.552+00
120	612	Talad Noi King	t	2025-03-26 08:07:22.979+00
121	614	Talad Noi King	t	2025-03-26 08:07:35.239+00
122	615	Talad Noi King	t	2025-03-26 08:07:44.514+00
123	616	Talad Noi King	t	2025-03-26 08:07:57.578+00
124	617	Talad Noi King	t	2025-03-26 08:08:19.576+00
125	618	Talad Noi King	t	2025-03-26 08:08:30.262+00
126	619	Talad Noi King	t	2025-03-26 08:08:38.743+00
127	620	Talad Noi King	t	2025-03-26 08:08:50.667+00
128	210	Tribe Hideout	t	2025-03-26 08:09:03.245+00
129	220	Tribe Hideout	t	2025-03-26 08:09:10.623+00
130	230	Tribe Hideout	t	2025-03-26 08:09:20.611+00
131	240	Talad Noi King	t	2025-03-26 08:09:52.62+00
132	250	Tribe Hideout	t	2025-03-26 08:10:05.494+00
133	260	Tribe Hideout	t	2025-03-26 08:10:15.445+00
172	1000	Lobby Area	t	2025-04-04 02:45:18.051+00
173	1100	Bath Room  Floor  1 st	t	2025-04-04 02:46:22.301+00
174	1200	Bath Room  Floor  3st	t	2025-04-04 02:46:45.139+00
175	1400	Kitchen Room	t	2025-04-04 02:47:49.248+00
176	1001	Washing machine no. 1	t	2025-09-02 04:29:02.294+00
177	1002	Washing machine no. 2	t	2025-09-02 04:29:41.336+00
178	1003	Dryer Machine No .1	t	2025-09-02 04:31:16.906+00
179	1004	Dryer Machine No .2	t	2025-09-02 04:31:33.918+00
180	621	Siam Yot Loft	t	2025-09-03 04:49:05.282+00
181	900	Orther	t	2025-09-04 09:49:26.939+00
183	1415	The Compact	t	2025-10-08 05:57:50.525859+00
148	1401	The Compact	t	2025-03-27 04:09:25.933+00
153	1402	The Compact	t	2025-03-27 04:11:08.678+00
154	1403	The Compact	t	2025-03-27 04:11:29.166+00
149	1404	The Compact	t	2025-03-27 04:09:37.736+00
150	1405	The Compact	t	2025-03-27 04:09:56.264+00
155	1407	The Compact	t	2025-03-27 04:11:51.351+00
158	1410	The Compact	t	2025-03-27 04:12:31.721+00
156	1408	The Triplex	t	2025-03-27 04:12:01.815+00
157	1409	The Triplex	t	2025-03-27 04:12:13.945+00
184	1416	The Duo	t	2025-10-08 05:58:10.241598+00
151	1406	The Duo	t	2025-03-27 04:10:18.291+00
152	1411	The Duo	t	2025-03-27 04:10:35.592+00
182	1414	The Duo	t	2025-10-08 05:52:39.267985+00
164	1206	The Upgrade	t	2025-03-27 04:14:03.95+00
165	1207	The Upgrade	t	2025-03-27 04:14:17.426+00
166	1208	The Upgrade	t	2025-03-27 04:14:47.213+00
167	1209	The Upgrade	t	2025-03-27 04:14:58.166+00
168	1210	The Upgrade	t	2025-03-27 04:15:07.711+00
169	1211	The Upgrade	t	2025-03-27 04:15:18.592+00
170	1212	The Upgrade	t	2025-03-27 04:15:35.06+00
185	1101	The Sidekick	t	2025-10-09 06:41:17.053929+00
186	1102	The Sidekick	t	2025-10-09 06:43:11.226798+00
187	1103	The Sidekick	t	2025-10-09 06:43:25.584934+00
189	1105	The Sidekick	t	2025-10-09 06:43:58.943831+00
159	1201	The Upgrade	t	2025-03-27 04:12:54.831+00
160	1202	The Upgrade	t	2025-03-27 04:13:03.801+00
161	1203	The Upgrade	t	2025-03-27 04:13:13.449+00
188	1104	The Upgrade	t	2025-10-09 06:43:37.810742+00
162	1204	The Upgrade	t	2025-03-27 04:13:23.231+00
163	1205	The Upgrade	t	2025-03-27 04:13:33.418+00
190	1412	The Compact	t	2025-10-09 07:17:48.00867+00
134	1301	Tribe Hideout (4Shared-Beds)	t	2025-03-27 04:05:10.475+00
135	1302	Tribe Hideout (4Shared-Beds)	t	2025-03-27 04:05:24.423+00
137	1303	Tribe Hideout (4Shared-Beds)	t	2025-03-27 04:06:24.476+00
136	1304	Tribe Hideout (4Shared-Beds)	t	2025-03-27 04:05:45.246+00
138	1305	Tribe Hideout (4Shared-Beds)	t	2025-03-27 04:06:39.73+00
139	1306	Tribe Hideout (4Shared-Beds)	t	2025-03-27 04:07:09.199+00
140	1307	Tribe Hideout (4Shared-Beds)	t	2025-03-27 04:07:23.544+00
141	1308	Tribe Hideout (4Shared-Beds)	t	2025-03-27 04:07:34.283+00
142	1309	Tribe Hideout (4Shared-Beds)	t	2025-03-27 04:07:44.783+00
143	1310	Tribe Hideout (4Shared-Beds)	t	2025-03-27 04:08:03.36+00
144	1311	Tribe Hideout (4Shared-Beds)	t	2025-03-27 04:08:13.769+00
145	1312	Tribe Hideout (4Shared-Beds)	t	2025-03-27 04:08:26.493+00
146	1313	Tribe Hideout (4Shared-Beds)	t	2025-03-27 04:08:40.144+00
147	1314	Tribe Hideout (4Shared-Beds)	t	2025-03-27 04:08:50.681+00
191	1315	Tribe Hideout (4Shared-Beds)	t	2025-10-09 07:22:18.660041+00
\.


--
-- Data for Name: myappLubd_room_properties; Type: TABLE DATA; Schema: public; Owner: mylubd_user
--

COPY public."myappLubd_room_properties" (id, room_id, property_id) FROM stdin;
2107	1	1
2108	2	1
2109	3	1
2110	4	1
2111	5	1
2112	6	1
2113	7	1
2114	8	1
2115	9	1
2116	10	1
2117	11	1
2118	12	1
2119	13	1
2120	14	1
2121	15	1
2122	16	1
2123	17	1
2124	18	1
2125	19	1
2126	20	1
2127	21	1
2128	22	1
2129	23	1
2130	24	1
2131	25	1
2132	26	1
2133	27	1
2134	28	1
2135	29	1
2136	30	1
2137	31	1
2138	32	1
2139	33	1
2140	34	1
2141	35	1
2142	36	1
2143	37	1
2144	38	1
2145	39	1
2146	40	1
2147	41	1
2148	42	1
2149	43	1
2150	44	1
2151	45	1
2152	46	1
2153	47	1
2154	48	1
2155	49	1
2156	50	1
2157	51	1
2158	52	1
2159	53	1
2160	54	1
2161	55	1
2162	56	1
2163	57	1
2164	58	1
2165	59	1
2166	60	1
2167	61	1
2168	62	1
2169	63	1
2170	64	1
2171	65	1
2172	66	1
2173	67	1
2174	68	1
2175	69	1
2176	70	1
2177	71	1
2178	72	1
2179	73	1
2180	74	1
2181	75	1
2182	76	1
2183	77	1
2184	78	1
2185	79	1
2186	80	1
2187	81	1
2188	82	1
2189	83	1
2190	84	1
2191	85	1
2192	86	1
2193	87	1
2194	88	1
2195	89	1
2196	90	1
2197	91	1
2198	92	1
2199	93	1
2200	94	1
2201	95	1
2202	96	1
2203	97	1
2204	98	1
2205	99	1
2206	100	1
2207	101	1
2208	102	1
2209	103	1
2210	104	1
2211	105	1
2212	106	1
2213	107	1
2214	108	1
2215	109	1
2216	110	1
2217	111	1
2218	112	1
2219	113	1
2220	114	1
2221	115	1
2222	116	1
2223	117	1
2224	118	1
2225	119	1
2226	120	1
2227	121	1
2228	122	1
2229	123	1
2230	124	1
2231	125	1
2232	126	1
2233	127	1
2234	128	1
2235	129	1
2236	130	1
2237	131	1
2238	132	1
2239	133	1
2240	134	2
2241	135	2
2242	136	2
2243	137	2
2244	138	2
2245	139	2
2246	140	2
2247	141	2
2248	142	2
2249	143	2
2250	144	2
2251	145	2
2252	146	2
2253	147	2
2254	148	2
2255	149	2
2256	150	2
2257	151	2
2258	152	2
2259	153	2
2260	154	2
2261	155	2
2262	156	2
2263	157	2
2264	158	2
2265	159	2
2266	160	2
2267	161	2
2268	162	2
2269	163	2
2270	164	2
2271	165	2
2272	166	2
2273	167	2
2274	168	2
2275	169	2
2276	170	2
2278	172	2
2279	173	2
2280	174	2
2281	175	2
2282	176	1
2283	177	1
2284	178	1
2285	179	1
2286	180	1
2287	181	1
2288	183	2
2289	182	2
2290	184	2
2291	185	2
2292	186	2
2293	187	2
2294	188	2
2295	189	2
2296	190	2
2297	191	2
\.


--
-- Data for Name: myappLubd_session; Type: TABLE DATA; Schema: public; Owner: mylubd_user
--

COPY public."myappLubd_session" (id, session_token, access_token, refresh_token, expires_at, created_at, user_id) FROM stdin;
4	ec07d82d-01f3-4d7b-ad37-e7ca55c4b908	eyJhbGciOiJIUzI1NiIsInR5cCI6IkpXVCJ9.eyJ0b2tlbl90eXBlIjoiYWNjZXNzIiwiZXhwIjoxNzQzMDcwNzk3LCJpYXQiOjE3NDMwNjg5OTcsImp0aSI6IjY3ZWYzM2M2OWFiMDRmZWFhN2U3MTE2MjJjNzQ1YWQ5IiwidXNlcl9pZCI6NX0.qBPlzMV7NqQhF4iyunFc1vDLTNI5yJxATCTqZbRgquU	eyJhbGciOiJIUzI1NiIsInR5cCI6IkpXVCJ9.eyJ0b2tlbl90eXBlIjoicmVmcmVzaCIsImV4cCI6MTc0MzE1NTM5NywiaWF0IjoxNzQzMDY4OTk3LCJqdGkiOiI0ZWZkZDA1NTZhMmM0NjI1OGNjNmU5NGUwYjBkMDk0OCIsInVzZXJfaWQiOjV9.xOOCR4RVRhlHwxD3tDOPhMJWHcs9MYfKRoNkmbcBa20	2025-04-26 09:49:57.847+00	2025-03-27 09:49:57.848+00	5
\.


--
-- Data for Name: myappLubd_topic; Type: TABLE DATA; Schema: public; Owner: mylubd_user
--

COPY public."myappLubd_topic" (id, title, description) FROM stdin;
1	Air-Conditions()	
2	Barth Room(,,)	
3	Wall and Repaint (,,)	
4	Door( )	
5	Ligthting()	
6	Internet and TV(,)	
8	Water Leasks ()	Water leakage detected from an unknown source. Requires inspection to identify origin and prevent further damage to surrounding areas.
7	Water and Hot water (,)	The hot water system delivers heated water to guest rooms, kitchens, and staff facilities for bathing, cleaning, and operational use. The system consists of water heaters (electric or gas), circulation pumps, mixing valves, and insulated piping. It is designed to maintain consistent water temperature and availability, while minimizing energy consumption and ensuring guest comfort. Regular checks are carried out to monitor temperature settings, detect faults, and prevent scalding or system failure.
9	Orther ()	
10	Furniture ( )	
\.


--
-- Data for Name: myappLubd_user; Type: TABLE DATA; Schema: public; Owner: mylubd_user
--

COPY public."myappLubd_user" (id, password, last_login, is_superuser, username, first_name, last_name, email, is_staff, is_active, date_joined, property_name, property_id) FROM stdin;
5	pbkdf2_sha256$600000$U2EzcdICzS4WirZzeVl7PP$vlSVWzlBPS8XD59BIIsyJHTqj7ZKTEstTZgC09Kw8SM=	\N	f	admin_Siam			khemasak.k@lubd.com	f	t	2025-03-27 09:49:57.181+00	\N	\N
8		\N	f	google-oauth2_110208545241072621955	khemasak	kanthong	kkanthong@gmail.com	t	t	2025-09-01 06:56:48+00	\N	\N
9		\N	f	google-oauth2_108556798872465024318	Wisit	Pornwarapa	gigga15900@gmail.com	t	t	2025-09-01 07:43:06+00	\N	\N
10		\N	f	google-oauth2_106049868205350075477	Suriya	Siwantha	surirasriwantha30@gmail.com	t	t	2025-09-01 07:51:42+00	\N	\N
11		\N	f	google-oauth2_108191488042158054811	Patthana	Uppahat	patthana5505@gmail.com	t	t	2025-09-01 07:56:05+00	\N	\N
13		\N	f	google-oauth2_116814397692117870945				f	t	2025-09-09 12:39:13.199+00	\N	\N
14		\N	f	google-oauth2_107082881586395563329				f	t	2025-09-17 02:14:48.068001+00	\N	\N
12		\N	f	google-oauth2_105427576097642813504	Pattiya	Chauenla-or	pattiya.c@naraihospitality.com	t	t	2025-09-08 02:47:17+00	\N	PB749146D
15		\N	f	google-oauth2_105346790676087929737	Ploynapas	Sopa	gxp.siam@lubd.com	t	t	2025-10-08 03:17:04+00	\N	PE17D8D2C
1	pbkdf2_sha256$600000$PJLnkOWoshNmzAnrXcuSFn$dfxxfo99A7uzwBQt4bRtAt8mNtOOS1pSwdsFIgzTYkw=	2025-10-16 03:53:34.130442+00	t	admin				t	t	2025-03-25 14:25:12.446+00	\N	\N
\.


--
-- Data for Name: myappLubd_user_groups; Type: TABLE DATA; Schema: public; Owner: mylubd_user
--

COPY public."myappLubd_user_groups" (id, user_id, group_id) FROM stdin;
\.


--
-- Data for Name: myappLubd_user_user_permissions; Type: TABLE DATA; Schema: public; Owner: mylubd_user
--

COPY public."myappLubd_user_user_permissions" (id, user_id, permission_id) FROM stdin;
\.


--
-- Data for Name: myappLubd_userprofile; Type: TABLE DATA; Schema: public; Owner: mylubd_user
--

COPY public."myappLubd_userprofile" (id, positions, profile_image, user_id, access_token, email_verified, google_id, login_provider, refresh_token, last_login_google, reset_password_token, reset_password_expires_at, reset_password_used, property_name, property_id) FROM stdin;
52			11	\N	f	\N	\N	\N	\N	\N	\N	f	\N	\N
53			10	\N	f	\N	\N	\N	\N	\N	\N	f	\N	\N
54			9	\N	f	\N	\N	\N	\N	\N	\N	f	\N	\N
56			8	\N	f	\N	\N	\N	\N	\N	\N	f	\N	\N
57	\N		14	\N	f	\N	\N	\N	\N	\N	\N	f	\N	\N
55	HR		12	\N	f	\N	\N	\N	\N	\N	\N	f	\N	\N
58			15	\N	f	\N	\N	\N	\N	\N	\N	f	\N	\N
50	\N		1	\N	f	\N	\N	\N	\N	\N	\N	f	\N	\N
\.


--
-- Data for Name: myappLubd_userprofile_properties; Type: TABLE DATA; Schema: public; Owner: mylubd_user
--

COPY public."myappLubd_userprofile_properties" (id, userprofile_id, property_id) FROM stdin;
1	55	1
2	55	2
3	53	1
4	56	1
5	56	2
6	54	1
7	52	1
8	58	2
\.


--
-- Name: auth_group_id_seq; Type: SEQUENCE SET; Schema: public; Owner: mylubd_user
--

SELECT pg_catalog.setval('public.auth_group_id_seq', 1, false);


--
-- Name: auth_group_permissions_id_seq; Type: SEQUENCE SET; Schema: public; Owner: mylubd_user
--

SELECT pg_catalog.setval('public.auth_group_permissions_id_seq', 1, false);


--
-- Name: auth_permission_id_seq; Type: SEQUENCE SET; Schema: public; Owner: mylubd_user
--

SELECT pg_catalog.setval('public.auth_permission_id_seq', 84, true);


--
-- Name: django_admin_log_id_seq; Type: SEQUENCE SET; Schema: public; Owner: mylubd_user
--

SELECT pg_catalog.setval('public.django_admin_log_id_seq', 507, true);


--
-- Name: django_content_type_id_seq; Type: SEQUENCE SET; Schema: public; Owner: mylubd_user
--

SELECT pg_catalog.setval('public.django_content_type_id_seq', 21, true);


--
-- Name: django_migrations_id_seq; Type: SEQUENCE SET; Schema: public; Owner: mylubd_user
--

SELECT pg_catalog.setval('public.django_migrations_id_seq', 47, true);


--
-- Name: myappLubd_job_id_seq; Type: SEQUENCE SET; Schema: public; Owner: mylubd_user
--

SELECT pg_catalog.setval('public."myappLubd_job_id_seq"', 720, true);


--
-- Name: myappLubd_job_rooms_id_seq; Type: SEQUENCE SET; Schema: public; Owner: mylubd_user
--

SELECT pg_catalog.setval('public."myappLubd_job_rooms_id_seq"', 931, true);


--
-- Name: myappLubd_job_topics_id_seq; Type: SEQUENCE SET; Schema: public; Owner: mylubd_user
--

SELECT pg_catalog.setval('public."myappLubd_job_topics_id_seq"', 929, true);


--
-- Name: myappLubd_jobimage_id_seq; Type: SEQUENCE SET; Schema: public; Owner: mylubd_user
--

SELECT pg_catalog.setval('public."myappLubd_jobimage_id_seq"', 1168, true);


--
-- Name: myappLubd_machine_id_seq; Type: SEQUENCE SET; Schema: public; Owner: mylubd_user
--

SELECT pg_catalog.setval('public."myappLubd_machine_id_seq"', 2, true);


--
-- Name: myappLubd_machine_preventive_maintenances_id_seq; Type: SEQUENCE SET; Schema: public; Owner: mylubd_user
--

SELECT pg_catalog.setval('public."myappLubd_machine_preventive_maintenances_id_seq"', 1, true);


--
-- Name: myappLubd_maintenancechecklist_id_seq; Type: SEQUENCE SET; Schema: public; Owner: mylubd_user
--

SELECT pg_catalog.setval('public."myappLubd_maintenancechecklist_id_seq"', 1, false);


--
-- Name: myappLubd_maintenancehistory_id_seq; Type: SEQUENCE SET; Schema: public; Owner: mylubd_user
--

SELECT pg_catalog.setval('public."myappLubd_maintenancehistory_id_seq"', 1, false);


--
-- Name: myappLubd_maintenanceprocedure_id_seq; Type: SEQUENCE SET; Schema: public; Owner: mylubd_user
--

SELECT pg_catalog.setval('public."myappLubd_maintenanceprocedure_id_seq"', 1, false);


--
-- Name: myappLubd_maintenanceschedule_id_seq; Type: SEQUENCE SET; Schema: public; Owner: mylubd_user
--

SELECT pg_catalog.setval('public."myappLubd_maintenanceschedule_id_seq"', 1, false);


--
-- Name: myappLubd_preventivemaintenance_id_seq; Type: SEQUENCE SET; Schema: public; Owner: mylubd_user
--

SELECT pg_catalog.setval('public."myappLubd_preventivemaintenance_id_seq"', 12, true);


--
-- Name: myappLubd_preventivemaintenance_topics_id_seq; Type: SEQUENCE SET; Schema: public; Owner: mylubd_user
--

SELECT pg_catalog.setval('public."myappLubd_preventivemaintenance_topics_id_seq"', 27, true);


--
-- Name: myappLubd_property_id_seq; Type: SEQUENCE SET; Schema: public; Owner: mylubd_user
--

SELECT pg_catalog.setval('public."myappLubd_property_id_seq"', 2, true);


--
-- Name: myappLubd_property_users_id_seq; Type: SEQUENCE SET; Schema: public; Owner: mylubd_user
--

SELECT pg_catalog.setval('public."myappLubd_property_users_id_seq"', 99, true);


--
-- Name: myappLubd_room_properties_id_seq; Type: SEQUENCE SET; Schema: public; Owner: mylubd_user
--

SELECT pg_catalog.setval('public."myappLubd_room_properties_id_seq"', 2297, true);


--
-- Name: myappLubd_room_room_id_seq; Type: SEQUENCE SET; Schema: public; Owner: mylubd_user
--

SELECT pg_catalog.setval('public."myappLubd_room_room_id_seq"', 191, true);


--
-- Name: myappLubd_session_id_seq; Type: SEQUENCE SET; Schema: public; Owner: mylubd_user
--

SELECT pg_catalog.setval('public."myappLubd_session_id_seq"', 4, true);


--
-- Name: myappLubd_topic_id_seq; Type: SEQUENCE SET; Schema: public; Owner: mylubd_user
--

SELECT pg_catalog.setval('public."myappLubd_topic_id_seq"', 10, true);


--
-- Name: myappLubd_user_groups_id_seq; Type: SEQUENCE SET; Schema: public; Owner: mylubd_user
--

SELECT pg_catalog.setval('public."myappLubd_user_groups_id_seq"', 1, false);


--
-- Name: myappLubd_user_id_seq; Type: SEQUENCE SET; Schema: public; Owner: mylubd_user
--

SELECT pg_catalog.setval('public."myappLubd_user_id_seq"', 15, true);


--
-- Name: myappLubd_user_user_permissions_id_seq; Type: SEQUENCE SET; Schema: public; Owner: mylubd_user
--

SELECT pg_catalog.setval('public."myappLubd_user_user_permissions_id_seq"', 1, false);


--
-- Name: myappLubd_userprofile_id_seq; Type: SEQUENCE SET; Schema: public; Owner: mylubd_user
--

SELECT pg_catalog.setval('public."myappLubd_userprofile_id_seq"', 58, true);


--
-- Name: myappLubd_userprofile_properties_id_seq; Type: SEQUENCE SET; Schema: public; Owner: mylubd_user
--

SELECT pg_catalog.setval('public."myappLubd_userprofile_properties_id_seq"', 8, true);


--
-- Name: auth_group auth_group_name_key; Type: CONSTRAINT; Schema: public; Owner: mylubd_user
--

ALTER TABLE ONLY public.auth_group
    ADD CONSTRAINT auth_group_name_key UNIQUE (name);


--
-- Name: auth_group_permissions auth_group_permissions_group_id_permission_id_0cd325b0_uniq; Type: CONSTRAINT; Schema: public; Owner: mylubd_user
--

ALTER TABLE ONLY public.auth_group_permissions
    ADD CONSTRAINT auth_group_permissions_group_id_permission_id_0cd325b0_uniq UNIQUE (group_id, permission_id);


--
-- Name: auth_group_permissions auth_group_permissions_pkey; Type: CONSTRAINT; Schema: public; Owner: mylubd_user
--

ALTER TABLE ONLY public.auth_group_permissions
    ADD CONSTRAINT auth_group_permissions_pkey PRIMARY KEY (id);


--
-- Name: auth_group auth_group_pkey; Type: CONSTRAINT; Schema: public; Owner: mylubd_user
--

ALTER TABLE ONLY public.auth_group
    ADD CONSTRAINT auth_group_pkey PRIMARY KEY (id);


--
-- Name: auth_permission auth_permission_content_type_id_codename_01ab375a_uniq; Type: CONSTRAINT; Schema: public; Owner: mylubd_user
--

ALTER TABLE ONLY public.auth_permission
    ADD CONSTRAINT auth_permission_content_type_id_codename_01ab375a_uniq UNIQUE (content_type_id, codename);


--
-- Name: auth_permission auth_permission_pkey; Type: CONSTRAINT; Schema: public; Owner: mylubd_user
--

ALTER TABLE ONLY public.auth_permission
    ADD CONSTRAINT auth_permission_pkey PRIMARY KEY (id);


--
-- Name: debug_toolbar_historyentry debug_toolbar_historyentry_pkey; Type: CONSTRAINT; Schema: public; Owner: mylubd_user
--

ALTER TABLE ONLY public.debug_toolbar_historyentry
    ADD CONSTRAINT debug_toolbar_historyentry_pkey PRIMARY KEY (request_id);


--
-- Name: django_admin_log django_admin_log_pkey; Type: CONSTRAINT; Schema: public; Owner: mylubd_user
--

ALTER TABLE ONLY public.django_admin_log
    ADD CONSTRAINT django_admin_log_pkey PRIMARY KEY (id);


--
-- Name: django_content_type django_content_type_app_label_model_76bd3d3b_uniq; Type: CONSTRAINT; Schema: public; Owner: mylubd_user
--

ALTER TABLE ONLY public.django_content_type
    ADD CONSTRAINT django_content_type_app_label_model_76bd3d3b_uniq UNIQUE (app_label, model);


--
-- Name: django_content_type django_content_type_pkey; Type: CONSTRAINT; Schema: public; Owner: mylubd_user
--

ALTER TABLE ONLY public.django_content_type
    ADD CONSTRAINT django_content_type_pkey PRIMARY KEY (id);


--
-- Name: django_migrations django_migrations_pkey; Type: CONSTRAINT; Schema: public; Owner: mylubd_user
--

ALTER TABLE ONLY public.django_migrations
    ADD CONSTRAINT django_migrations_pkey PRIMARY KEY (id);


--
-- Name: django_session django_session_pkey; Type: CONSTRAINT; Schema: public; Owner: mylubd_user
--

ALTER TABLE ONLY public.django_session
    ADD CONSTRAINT django_session_pkey PRIMARY KEY (session_key);


--
-- Name: myappLubd_job myappLubd_job_job_id_key; Type: CONSTRAINT; Schema: public; Owner: mylubd_user
--

ALTER TABLE ONLY public."myappLubd_job"
    ADD CONSTRAINT "myappLubd_job_job_id_key" UNIQUE (job_id);


--
-- Name: myappLubd_job myappLubd_job_pkey; Type: CONSTRAINT; Schema: public; Owner: mylubd_user
--

ALTER TABLE ONLY public."myappLubd_job"
    ADD CONSTRAINT "myappLubd_job_pkey" PRIMARY KEY (id);


--
-- Name: myappLubd_job_rooms myappLubd_job_rooms_job_id_room_id_b0d85986_uniq; Type: CONSTRAINT; Schema: public; Owner: mylubd_user
--

ALTER TABLE ONLY public."myappLubd_job_rooms"
    ADD CONSTRAINT "myappLubd_job_rooms_job_id_room_id_b0d85986_uniq" UNIQUE (job_id, room_id);


--
-- Name: myappLubd_job_rooms myappLubd_job_rooms_pkey; Type: CONSTRAINT; Schema: public; Owner: mylubd_user
--

ALTER TABLE ONLY public."myappLubd_job_rooms"
    ADD CONSTRAINT "myappLubd_job_rooms_pkey" PRIMARY KEY (id);


--
-- Name: myappLubd_job_topics myappLubd_job_topics_job_id_topic_id_59ceb477_uniq; Type: CONSTRAINT; Schema: public; Owner: mylubd_user
--

ALTER TABLE ONLY public."myappLubd_job_topics"
    ADD CONSTRAINT "myappLubd_job_topics_job_id_topic_id_59ceb477_uniq" UNIQUE (job_id, topic_id);


--
-- Name: myappLubd_job_topics myappLubd_job_topics_pkey; Type: CONSTRAINT; Schema: public; Owner: mylubd_user
--

ALTER TABLE ONLY public."myappLubd_job_topics"
    ADD CONSTRAINT "myappLubd_job_topics_pkey" PRIMARY KEY (id);


--
-- Name: myappLubd_jobimage myappLubd_jobimage_pkey; Type: CONSTRAINT; Schema: public; Owner: mylubd_user
--

ALTER TABLE ONLY public."myappLubd_jobimage"
    ADD CONSTRAINT "myappLubd_jobimage_pkey" PRIMARY KEY (id);


--
-- Name: myappLubd_machine myappLubd_machine_machine_id_key; Type: CONSTRAINT; Schema: public; Owner: mylubd_user
--

ALTER TABLE ONLY public."myappLubd_machine"
    ADD CONSTRAINT "myappLubd_machine_machine_id_key" UNIQUE (machine_id);


--
-- Name: myappLubd_machine myappLubd_machine_pkey; Type: CONSTRAINT; Schema: public; Owner: mylubd_user
--

ALTER TABLE ONLY public."myappLubd_machine"
    ADD CONSTRAINT "myappLubd_machine_pkey" PRIMARY KEY (id);


--
-- Name: myappLubd_machine_preventive_maintenances myappLubd_machine_preven_machine_id_preventivemai_7de29554_uniq; Type: CONSTRAINT; Schema: public; Owner: mylubd_user
--

ALTER TABLE ONLY public."myappLubd_machine_preventive_maintenances"
    ADD CONSTRAINT "myappLubd_machine_preven_machine_id_preventivemai_7de29554_uniq" UNIQUE (machine_id, preventivemaintenance_id);


--
-- Name: myappLubd_machine_preventive_maintenances myappLubd_machine_preventive_maintenances_pkey; Type: CONSTRAINT; Schema: public; Owner: mylubd_user
--

ALTER TABLE ONLY public."myappLubd_machine_preventive_maintenances"
    ADD CONSTRAINT "myappLubd_machine_preventive_maintenances_pkey" PRIMARY KEY (id);


--
-- Name: myappLubd_maintenancechecklist myappLubd_maintenancechecklist_pkey; Type: CONSTRAINT; Schema: public; Owner: mylubd_user
--

ALTER TABLE ONLY public."myappLubd_maintenancechecklist"
    ADD CONSTRAINT "myappLubd_maintenancechecklist_pkey" PRIMARY KEY (id);


--
-- Name: myappLubd_maintenancehistory myappLubd_maintenancehistory_pkey; Type: CONSTRAINT; Schema: public; Owner: mylubd_user
--

ALTER TABLE ONLY public."myappLubd_maintenancehistory"
    ADD CONSTRAINT "myappLubd_maintenancehistory_pkey" PRIMARY KEY (id);


--
-- Name: myappLubd_maintenanceprocedure myappLubd_maintenanceprocedure_pkey; Type: CONSTRAINT; Schema: public; Owner: mylubd_user
--

ALTER TABLE ONLY public."myappLubd_maintenanceprocedure"
    ADD CONSTRAINT "myappLubd_maintenanceprocedure_pkey" PRIMARY KEY (id);


--
-- Name: myappLubd_maintenanceschedule myappLubd_maintenanceschedule_maintenance_id_key; Type: CONSTRAINT; Schema: public; Owner: mylubd_user
--

ALTER TABLE ONLY public."myappLubd_maintenanceschedule"
    ADD CONSTRAINT "myappLubd_maintenanceschedule_maintenance_id_key" UNIQUE (maintenance_id);


--
-- Name: myappLubd_maintenanceschedule myappLubd_maintenanceschedule_pkey; Type: CONSTRAINT; Schema: public; Owner: mylubd_user
--

ALTER TABLE ONLY public."myappLubd_maintenanceschedule"
    ADD CONSTRAINT "myappLubd_maintenanceschedule_pkey" PRIMARY KEY (id);


--
-- Name: myappLubd_preventivemaintenance_topics myappLubd_preventivemain_preventivemaintenance_id_ce405efc_uniq; Type: CONSTRAINT; Schema: public; Owner: mylubd_user
--

ALTER TABLE ONLY public."myappLubd_preventivemaintenance_topics"
    ADD CONSTRAINT "myappLubd_preventivemain_preventivemaintenance_id_ce405efc_uniq" UNIQUE (preventivemaintenance_id, topic_id);


--
-- Name: myappLubd_preventivemaintenance myappLubd_preventivemaintenance_pkey; Type: CONSTRAINT; Schema: public; Owner: mylubd_user
--

ALTER TABLE ONLY public."myappLubd_preventivemaintenance"
    ADD CONSTRAINT "myappLubd_preventivemaintenance_pkey" PRIMARY KEY (id);


--
-- Name: myappLubd_preventivemaintenance myappLubd_preventivemaintenance_pm_id_key; Type: CONSTRAINT; Schema: public; Owner: mylubd_user
--

ALTER TABLE ONLY public."myappLubd_preventivemaintenance"
    ADD CONSTRAINT "myappLubd_preventivemaintenance_pm_id_key" UNIQUE (pm_id);


--
-- Name: myappLubd_preventivemaintenance_topics myappLubd_preventivemaintenance_topics_pkey; Type: CONSTRAINT; Schema: public; Owner: mylubd_user
--

ALTER TABLE ONLY public."myappLubd_preventivemaintenance_topics"
    ADD CONSTRAINT "myappLubd_preventivemaintenance_topics_pkey" PRIMARY KEY (id);


--
-- Name: myappLubd_property myappLubd_property_name_key; Type: CONSTRAINT; Schema: public; Owner: mylubd_user
--

ALTER TABLE ONLY public."myappLubd_property"
    ADD CONSTRAINT "myappLubd_property_name_key" UNIQUE (name);


--
-- Name: myappLubd_property myappLubd_property_pkey; Type: CONSTRAINT; Schema: public; Owner: mylubd_user
--

ALTER TABLE ONLY public."myappLubd_property"
    ADD CONSTRAINT "myappLubd_property_pkey" PRIMARY KEY (id);


--
-- Name: myappLubd_property myappLubd_property_property_id_key; Type: CONSTRAINT; Schema: public; Owner: mylubd_user
--

ALTER TABLE ONLY public."myappLubd_property"
    ADD CONSTRAINT "myappLubd_property_property_id_key" UNIQUE (property_id);


--
-- Name: myappLubd_property_users myappLubd_property_users_pkey; Type: CONSTRAINT; Schema: public; Owner: mylubd_user
--

ALTER TABLE ONLY public."myappLubd_property_users"
    ADD CONSTRAINT "myappLubd_property_users_pkey" PRIMARY KEY (id);


--
-- Name: myappLubd_property_users myappLubd_property_users_property_id_user_id_abbe085e_uniq; Type: CONSTRAINT; Schema: public; Owner: mylubd_user
--

ALTER TABLE ONLY public."myappLubd_property_users"
    ADD CONSTRAINT "myappLubd_property_users_property_id_user_id_abbe085e_uniq" UNIQUE (property_id, user_id);


--
-- Name: myappLubd_room myappLubd_room_name_key; Type: CONSTRAINT; Schema: public; Owner: mylubd_user
--

ALTER TABLE ONLY public."myappLubd_room"
    ADD CONSTRAINT "myappLubd_room_name_key" UNIQUE (name);


--
-- Name: myappLubd_room myappLubd_room_pkey; Type: CONSTRAINT; Schema: public; Owner: mylubd_user
--

ALTER TABLE ONLY public."myappLubd_room"
    ADD CONSTRAINT "myappLubd_room_pkey" PRIMARY KEY (room_id);


--
-- Name: myappLubd_room_properties myappLubd_room_properties_pkey; Type: CONSTRAINT; Schema: public; Owner: mylubd_user
--

ALTER TABLE ONLY public."myappLubd_room_properties"
    ADD CONSTRAINT "myappLubd_room_properties_pkey" PRIMARY KEY (id);


--
-- Name: myappLubd_room_properties myappLubd_room_properties_room_id_property_id_c7b0ca26_uniq; Type: CONSTRAINT; Schema: public; Owner: mylubd_user
--

ALTER TABLE ONLY public."myappLubd_room_properties"
    ADD CONSTRAINT "myappLubd_room_properties_room_id_property_id_c7b0ca26_uniq" UNIQUE (room_id, property_id);


--
-- Name: myappLubd_session myappLubd_session_pkey; Type: CONSTRAINT; Schema: public; Owner: mylubd_user
--

ALTER TABLE ONLY public."myappLubd_session"
    ADD CONSTRAINT "myappLubd_session_pkey" PRIMARY KEY (id);


--
-- Name: myappLubd_session myappLubd_session_session_token_key; Type: CONSTRAINT; Schema: public; Owner: mylubd_user
--

ALTER TABLE ONLY public."myappLubd_session"
    ADD CONSTRAINT "myappLubd_session_session_token_key" UNIQUE (session_token);


--
-- Name: myappLubd_topic myappLubd_topic_pkey; Type: CONSTRAINT; Schema: public; Owner: mylubd_user
--

ALTER TABLE ONLY public."myappLubd_topic"
    ADD CONSTRAINT "myappLubd_topic_pkey" PRIMARY KEY (id);


--
-- Name: myappLubd_topic myappLubd_topic_title_key; Type: CONSTRAINT; Schema: public; Owner: mylubd_user
--

ALTER TABLE ONLY public."myappLubd_topic"
    ADD CONSTRAINT "myappLubd_topic_title_key" UNIQUE (title);


--
-- Name: myappLubd_user_groups myappLubd_user_groups_pkey; Type: CONSTRAINT; Schema: public; Owner: mylubd_user
--

ALTER TABLE ONLY public."myappLubd_user_groups"
    ADD CONSTRAINT "myappLubd_user_groups_pkey" PRIMARY KEY (id);


--
-- Name: myappLubd_user_groups myappLubd_user_groups_user_id_group_id_3b3e1d0b_uniq; Type: CONSTRAINT; Schema: public; Owner: mylubd_user
--

ALTER TABLE ONLY public."myappLubd_user_groups"
    ADD CONSTRAINT "myappLubd_user_groups_user_id_group_id_3b3e1d0b_uniq" UNIQUE (user_id, group_id);


--
-- Name: myappLubd_user myappLubd_user_pkey; Type: CONSTRAINT; Schema: public; Owner: mylubd_user
--

ALTER TABLE ONLY public."myappLubd_user"
    ADD CONSTRAINT "myappLubd_user_pkey" PRIMARY KEY (id);


--
-- Name: myappLubd_user_user_permissions myappLubd_user_user_perm_user_id_permission_id_b50d050f_uniq; Type: CONSTRAINT; Schema: public; Owner: mylubd_user
--

ALTER TABLE ONLY public."myappLubd_user_user_permissions"
    ADD CONSTRAINT "myappLubd_user_user_perm_user_id_permission_id_b50d050f_uniq" UNIQUE (user_id, permission_id);


--
-- Name: myappLubd_user_user_permissions myappLubd_user_user_permissions_pkey; Type: CONSTRAINT; Schema: public; Owner: mylubd_user
--

ALTER TABLE ONLY public."myappLubd_user_user_permissions"
    ADD CONSTRAINT "myappLubd_user_user_permissions_pkey" PRIMARY KEY (id);


--
-- Name: myappLubd_user myappLubd_user_username_key; Type: CONSTRAINT; Schema: public; Owner: mylubd_user
--

ALTER TABLE ONLY public."myappLubd_user"
    ADD CONSTRAINT "myappLubd_user_username_key" UNIQUE (username);


--
-- Name: myappLubd_userprofile myappLubd_userprofile_pkey; Type: CONSTRAINT; Schema: public; Owner: mylubd_user
--

ALTER TABLE ONLY public."myappLubd_userprofile"
    ADD CONSTRAINT "myappLubd_userprofile_pkey" PRIMARY KEY (id);


--
-- Name: myappLubd_userprofile_properties myappLubd_userprofile_pr_userprofile_id_property__317344ef_uniq; Type: CONSTRAINT; Schema: public; Owner: mylubd_user
--

ALTER TABLE ONLY public."myappLubd_userprofile_properties"
    ADD CONSTRAINT "myappLubd_userprofile_pr_userprofile_id_property__317344ef_uniq" UNIQUE (userprofile_id, property_id);


--
-- Name: myappLubd_userprofile_properties myappLubd_userprofile_properties_pkey; Type: CONSTRAINT; Schema: public; Owner: mylubd_user
--

ALTER TABLE ONLY public."myappLubd_userprofile_properties"
    ADD CONSTRAINT "myappLubd_userprofile_properties_pkey" PRIMARY KEY (id);


--
-- Name: myappLubd_userprofile myappLubd_userprofile_user_id_key; Type: CONSTRAINT; Schema: public; Owner: mylubd_user
--

ALTER TABLE ONLY public."myappLubd_userprofile"
    ADD CONSTRAINT "myappLubd_userprofile_user_id_key" UNIQUE (user_id);


--
-- Name: auth_group_name_a6ea08ec_like; Type: INDEX; Schema: public; Owner: mylubd_user
--

CREATE INDEX auth_group_name_a6ea08ec_like ON public.auth_group USING btree (name varchar_pattern_ops);


--
-- Name: auth_group_permissions_group_id_b120cbf9; Type: INDEX; Schema: public; Owner: mylubd_user
--

CREATE INDEX auth_group_permissions_group_id_b120cbf9 ON public.auth_group_permissions USING btree (group_id);


--
-- Name: auth_group_permissions_permission_id_84c5c92e; Type: INDEX; Schema: public; Owner: mylubd_user
--

CREATE INDEX auth_group_permissions_permission_id_84c5c92e ON public.auth_group_permissions USING btree (permission_id);


--
-- Name: auth_permission_content_type_id_2f476e4b; Type: INDEX; Schema: public; Owner: mylubd_user
--

CREATE INDEX auth_permission_content_type_id_2f476e4b ON public.auth_permission USING btree (content_type_id);


--
-- Name: django_admin_log_content_type_id_c4bce8eb; Type: INDEX; Schema: public; Owner: mylubd_user
--

CREATE INDEX django_admin_log_content_type_id_c4bce8eb ON public.django_admin_log USING btree (content_type_id);


--
-- Name: django_admin_log_user_id_c564eba6; Type: INDEX; Schema: public; Owner: mylubd_user
--

CREATE INDEX django_admin_log_user_id_c564eba6 ON public.django_admin_log USING btree (user_id);


--
-- Name: django_session_expire_date_a5c62663; Type: INDEX; Schema: public; Owner: mylubd_user
--

CREATE INDEX django_session_expire_date_a5c62663 ON public.django_session USING btree (expire_date);


--
-- Name: django_session_session_key_c0390e0f_like; Type: INDEX; Schema: public; Owner: mylubd_user
--

CREATE INDEX django_session_session_key_c0390e0f_like ON public.django_session USING btree (session_key varchar_pattern_ops);


--
-- Name: job_completed_at_idx; Type: INDEX; Schema: public; Owner: mylubd_user
--

CREATE INDEX job_completed_at_idx ON public."myappLubd_job" USING btree (completed_at) WHERE (completed_at IS NOT NULL);


--
-- Name: job_pending_created_idx; Type: INDEX; Schema: public; Owner: mylubd_user
--

CREATE INDEX job_pending_created_idx ON public."myappLubd_job" USING btree (created_at) WHERE ((status)::text = 'pending'::text);


--
-- Name: job_pm_created_idx; Type: INDEX; Schema: public; Owner: mylubd_user
--

CREATE INDEX job_pm_created_idx ON public."myappLubd_job" USING btree (created_at) WHERE is_preventivemaintenance;


--
-- Name: myappLubd_j_complet_439fc3_idx; Type: INDEX; Schema: public; Owner: mylubd_user
--

CREATE INDEX "myappLubd_j_complet_439fc3_idx" ON public."myappLubd_job" USING btree (completed_at);


--
-- Name: myappLubd_j_created_1c873c_idx; Type: INDEX; Schema: public; Owner: mylubd_user
--

CREATE INDEX "myappLubd_j_created_1c873c_idx" ON public."myappLubd_job" USING btree (created_at);


--
-- Name: myappLubd_j_created_d0b346_idx; Type: INDEX; Schema: public; Owner: mylubd_user
--

CREATE INDEX "myappLubd_j_created_d0b346_idx" ON public."myappLubd_job" USING btree (created_at, status, priority);


--
-- Name: myappLubd_j_is_prev_2b6820_idx; Type: INDEX; Schema: public; Owner: mylubd_user
--

CREATE INDEX "myappLubd_j_is_prev_2b6820_idx" ON public."myappLubd_job" USING btree (is_preventivemaintenance);


--
-- Name: myappLubd_j_is_prev_6618f4_idx; Type: INDEX; Schema: public; Owner: mylubd_user
--

CREATE INDEX "myappLubd_j_is_prev_6618f4_idx" ON public."myappLubd_job" USING btree (is_preventivemaintenance, status);


--
-- Name: myappLubd_j_priorit_3a46fb_idx; Type: INDEX; Schema: public; Owner: mylubd_user
--

CREATE INDEX "myappLubd_j_priorit_3a46fb_idx" ON public."myappLubd_job" USING btree (priority);


--
-- Name: myappLubd_j_status_34e61d_idx; Type: INDEX; Schema: public; Owner: mylubd_user
--

CREATE INDEX "myappLubd_j_status_34e61d_idx" ON public."myappLubd_job" USING btree (status, created_at, is_preventivemaintenance);


--
-- Name: myappLubd_j_status_4362b5_idx; Type: INDEX; Schema: public; Owner: mylubd_user
--

CREATE INDEX "myappLubd_j_status_4362b5_idx" ON public."myappLubd_job" USING btree (status, created_at);


--
-- Name: myappLubd_j_status_9e44a7_idx; Type: INDEX; Schema: public; Owner: mylubd_user
--

CREATE INDEX "myappLubd_j_status_9e44a7_idx" ON public."myappLubd_job" USING btree (status, priority);


--
-- Name: myappLubd_j_status_c9b764_idx; Type: INDEX; Schema: public; Owner: mylubd_user
--

CREATE INDEX "myappLubd_j_status_c9b764_idx" ON public."myappLubd_job" USING btree (status);


--
-- Name: myappLubd_j_updated_b0c068_idx; Type: INDEX; Schema: public; Owner: mylubd_user
--

CREATE INDEX "myappLubd_j_updated_b0c068_idx" ON public."myappLubd_job" USING btree (updated_by_id);


--
-- Name: myappLubd_j_user_id_32ad73_idx; Type: INDEX; Schema: public; Owner: mylubd_user
--

CREATE INDEX "myappLubd_j_user_id_32ad73_idx" ON public."myappLubd_job" USING btree (user_id, created_at);


--
-- Name: myappLubd_j_user_id_5bac13_idx; Type: INDEX; Schema: public; Owner: mylubd_user
--

CREATE INDEX "myappLubd_j_user_id_5bac13_idx" ON public."myappLubd_job" USING btree (user_id, status);


--
-- Name: myappLubd_j_user_id_7d2d23_idx; Type: INDEX; Schema: public; Owner: mylubd_user
--

CREATE INDEX "myappLubd_j_user_id_7d2d23_idx" ON public."myappLubd_job" USING btree (user_id);


--
-- Name: myappLubd_job_is_preventivemaintenance_a8404908; Type: INDEX; Schema: public; Owner: mylubd_user
--

CREATE INDEX "myappLubd_job_is_preventivemaintenance_a8404908" ON public."myappLubd_job" USING btree (is_preventivemaintenance);


--
-- Name: myappLubd_job_job_id_5082b88a_like; Type: INDEX; Schema: public; Owner: mylubd_user
--

CREATE INDEX "myappLubd_job_job_id_5082b88a_like" ON public."myappLubd_job" USING btree (job_id varchar_pattern_ops);


--
-- Name: myappLubd_job_rooms_job_id_b8ac4345; Type: INDEX; Schema: public; Owner: mylubd_user
--

CREATE INDEX "myappLubd_job_rooms_job_id_b8ac4345" ON public."myappLubd_job_rooms" USING btree (job_id);


--
-- Name: myappLubd_job_rooms_room_id_32e84c6e; Type: INDEX; Schema: public; Owner: mylubd_user
--

CREATE INDEX "myappLubd_job_rooms_room_id_32e84c6e" ON public."myappLubd_job_rooms" USING btree (room_id);


--
-- Name: myappLubd_job_status_8f3c2069; Type: INDEX; Schema: public; Owner: mylubd_user
--

CREATE INDEX "myappLubd_job_status_8f3c2069" ON public."myappLubd_job" USING btree (status);


--
-- Name: myappLubd_job_status_8f3c2069_like; Type: INDEX; Schema: public; Owner: mylubd_user
--

CREATE INDEX "myappLubd_job_status_8f3c2069_like" ON public."myappLubd_job" USING btree (status varchar_pattern_ops);


--
-- Name: myappLubd_job_topics_job_id_c81f0e94; Type: INDEX; Schema: public; Owner: mylubd_user
--

CREATE INDEX "myappLubd_job_topics_job_id_c81f0e94" ON public."myappLubd_job_topics" USING btree (job_id);


--
-- Name: myappLubd_job_topics_topic_id_cac9d663; Type: INDEX; Schema: public; Owner: mylubd_user
--

CREATE INDEX "myappLubd_job_topics_topic_id_cac9d663" ON public."myappLubd_job_topics" USING btree (topic_id);


--
-- Name: myappLubd_job_updated_by_id_c3a2aa59; Type: INDEX; Schema: public; Owner: mylubd_user
--

CREATE INDEX "myappLubd_job_updated_by_id_c3a2aa59" ON public."myappLubd_job" USING btree (updated_by_id);


--
-- Name: myappLubd_job_user_id_79240d38; Type: INDEX; Schema: public; Owner: mylubd_user
--

CREATE INDEX "myappLubd_job_user_id_79240d38" ON public."myappLubd_job" USING btree (user_id);


--
-- Name: myappLubd_jobimage_job_id_107a2937; Type: INDEX; Schema: public; Owner: mylubd_user
--

CREATE INDEX "myappLubd_jobimage_job_id_107a2937" ON public."myappLubd_jobimage" USING btree (job_id);


--
-- Name: myappLubd_jobimage_uploaded_by_id_f5adb3c7; Type: INDEX; Schema: public; Owner: mylubd_user
--

CREATE INDEX "myappLubd_jobimage_uploaded_by_id_f5adb3c7" ON public."myappLubd_jobimage" USING btree (uploaded_by_id);


--
-- Name: myappLubd_m_machine_38264d_idx; Type: INDEX; Schema: public; Owner: mylubd_user
--

CREATE INDEX "myappLubd_m_machine_38264d_idx" ON public."myappLubd_machine" USING btree (machine_id);


--
-- Name: myappLubd_m_status_176f0c_idx; Type: INDEX; Schema: public; Owner: mylubd_user
--

CREATE INDEX "myappLubd_m_status_176f0c_idx" ON public."myappLubd_machine" USING btree (status);


--
-- Name: myappLubd_machine_machine_id_9033bf5b_like; Type: INDEX; Schema: public; Owner: mylubd_user
--

CREATE INDEX "myappLubd_machine_machine_id_9033bf5b_like" ON public."myappLubd_machine" USING btree (machine_id varchar_pattern_ops);


--
-- Name: myappLubd_machine_preventi_preventivemaintenance_id_5347b936; Type: INDEX; Schema: public; Owner: mylubd_user
--

CREATE INDEX "myappLubd_machine_preventi_preventivemaintenance_id_5347b936" ON public."myappLubd_machine_preventive_maintenances" USING btree (preventivemaintenance_id);


--
-- Name: myappLubd_machine_preventive_maintenances_machine_id_f670c58a; Type: INDEX; Schema: public; Owner: mylubd_user
--

CREATE INDEX "myappLubd_machine_preventive_maintenances_machine_id_f670c58a" ON public."myappLubd_machine_preventive_maintenances" USING btree (machine_id);


--
-- Name: myappLubd_machine_property_id_ec376110; Type: INDEX; Schema: public; Owner: mylubd_user
--

CREATE INDEX "myappLubd_machine_property_id_ec376110" ON public."myappLubd_machine" USING btree (property_id);


--
-- Name: myappLubd_maintenancechecklist_completed_by_id_252f6330; Type: INDEX; Schema: public; Owner: mylubd_user
--

CREATE INDEX "myappLubd_maintenancechecklist_completed_by_id_252f6330" ON public."myappLubd_maintenancechecklist" USING btree (completed_by_id);


--
-- Name: myappLubd_maintenancechecklist_maintenance_id_95b0930f; Type: INDEX; Schema: public; Owner: mylubd_user
--

CREATE INDEX "myappLubd_maintenancechecklist_maintenance_id_95b0930f" ON public."myappLubd_maintenancechecklist" USING btree (maintenance_id);


--
-- Name: myappLubd_maintenancehistory_maintenance_id_63361848; Type: INDEX; Schema: public; Owner: mylubd_user
--

CREATE INDEX "myappLubd_maintenancehistory_maintenance_id_63361848" ON public."myappLubd_maintenancehistory" USING btree (maintenance_id);


--
-- Name: myappLubd_maintenancehistory_performed_by_id_e393eccb; Type: INDEX; Schema: public; Owner: mylubd_user
--

CREATE INDEX "myappLubd_maintenancehistory_performed_by_id_e393eccb" ON public."myappLubd_maintenancehistory" USING btree (performed_by_id);


--
-- Name: myappLubd_p_frequen_df8db2_idx; Type: INDEX; Schema: public; Owner: mylubd_user
--

CREATE INDEX "myappLubd_p_frequen_df8db2_idx" ON public."myappLubd_preventivemaintenance" USING btree (frequency);


--
-- Name: myappLubd_p_schedul_c00b19_idx; Type: INDEX; Schema: public; Owner: mylubd_user
--

CREATE INDEX "myappLubd_p_schedul_c00b19_idx" ON public."myappLubd_preventivemaintenance" USING btree (scheduled_date, next_due_date);


--
-- Name: myappLubd_preventivemainte_preventivemaintenance_id_4c929214; Type: INDEX; Schema: public; Owner: mylubd_user
--

CREATE INDEX "myappLubd_preventivemainte_preventivemaintenance_id_4c929214" ON public."myappLubd_preventivemaintenance_topics" USING btree (preventivemaintenance_id);


--
-- Name: myappLubd_preventivemaintenance_completed_by_id_11007ba1; Type: INDEX; Schema: public; Owner: mylubd_user
--

CREATE INDEX "myappLubd_preventivemaintenance_completed_by_id_11007ba1" ON public."myappLubd_preventivemaintenance" USING btree (completed_by_id);


--
-- Name: myappLubd_preventivemaintenance_created_by_id_09bfc54f; Type: INDEX; Schema: public; Owner: mylubd_user
--

CREATE INDEX "myappLubd_preventivemaintenance_created_by_id_09bfc54f" ON public."myappLubd_preventivemaintenance" USING btree (created_by_id);


--
-- Name: myappLubd_preventivemaintenance_job_id_91dcb5db; Type: INDEX; Schema: public; Owner: mylubd_user
--

CREATE INDEX "myappLubd_preventivemaintenance_job_id_91dcb5db" ON public."myappLubd_preventivemaintenance" USING btree (job_id);


--
-- Name: myappLubd_preventivemaintenance_pm_id_9ae694e0_like; Type: INDEX; Schema: public; Owner: mylubd_user
--

CREATE INDEX "myappLubd_preventivemaintenance_pm_id_9ae694e0_like" ON public."myappLubd_preventivemaintenance" USING btree (pm_id varchar_pattern_ops);


--
-- Name: myappLubd_preventivemaintenance_procedure_template_id_dd9d5057; Type: INDEX; Schema: public; Owner: mylubd_user
--

CREATE INDEX "myappLubd_preventivemaintenance_procedure_template_id_dd9d5057" ON public."myappLubd_preventivemaintenance" USING btree (procedure_template_id);


--
-- Name: myappLubd_preventivemaintenance_topics_topic_id_75744557; Type: INDEX; Schema: public; Owner: mylubd_user
--

CREATE INDEX "myappLubd_preventivemaintenance_topics_topic_id_75744557" ON public."myappLubd_preventivemaintenance_topics" USING btree (topic_id);


--
-- Name: myappLubd_preventivemaintenance_verified_by_id_de79167c; Type: INDEX; Schema: public; Owner: mylubd_user
--

CREATE INDEX "myappLubd_preventivemaintenance_verified_by_id_de79167c" ON public."myappLubd_preventivemaintenance" USING btree (verified_by_id);


--
-- Name: myappLubd_property_name_c196eccd_like; Type: INDEX; Schema: public; Owner: mylubd_user
--

CREATE INDEX "myappLubd_property_name_c196eccd_like" ON public."myappLubd_property" USING btree (name varchar_pattern_ops);


--
-- Name: myappLubd_property_property_id_f37a90e2_like; Type: INDEX; Schema: public; Owner: mylubd_user
--

CREATE INDEX "myappLubd_property_property_id_f37a90e2_like" ON public."myappLubd_property" USING btree (property_id varchar_pattern_ops);


--
-- Name: myappLubd_property_users_property_id_3f4f43a7; Type: INDEX; Schema: public; Owner: mylubd_user
--

CREATE INDEX "myappLubd_property_users_property_id_3f4f43a7" ON public."myappLubd_property_users" USING btree (property_id);


--
-- Name: myappLubd_property_users_user_id_3cb71139; Type: INDEX; Schema: public; Owner: mylubd_user
--

CREATE INDEX "myappLubd_property_users_user_id_3cb71139" ON public."myappLubd_property_users" USING btree (user_id);


--
-- Name: myappLubd_r_is_acti_767b23_idx; Type: INDEX; Schema: public; Owner: mylubd_user
--

CREATE INDEX "myappLubd_r_is_acti_767b23_idx" ON public."myappLubd_room" USING btree (is_active);


--
-- Name: myappLubd_r_room_ty_90b2b0_idx; Type: INDEX; Schema: public; Owner: mylubd_user
--

CREATE INDEX "myappLubd_r_room_ty_90b2b0_idx" ON public."myappLubd_room" USING btree (room_type);


--
-- Name: myappLubd_room_name_a03021fe_like; Type: INDEX; Schema: public; Owner: mylubd_user
--

CREATE INDEX "myappLubd_room_name_a03021fe_like" ON public."myappLubd_room" USING btree (name varchar_pattern_ops);


--
-- Name: myappLubd_room_properties_property_id_08fe69ba; Type: INDEX; Schema: public; Owner: mylubd_user
--

CREATE INDEX "myappLubd_room_properties_property_id_08fe69ba" ON public."myappLubd_room_properties" USING btree (property_id);


--
-- Name: myappLubd_room_properties_room_id_d2c086eb; Type: INDEX; Schema: public; Owner: mylubd_user
--

CREATE INDEX "myappLubd_room_properties_room_id_d2c086eb" ON public."myappLubd_room_properties" USING btree (room_id);


--
-- Name: myappLubd_room_room_type_7b63c7fc; Type: INDEX; Schema: public; Owner: mylubd_user
--

CREATE INDEX "myappLubd_room_room_type_7b63c7fc" ON public."myappLubd_room" USING btree (room_type);


--
-- Name: myappLubd_room_room_type_7b63c7fc_like; Type: INDEX; Schema: public; Owner: mylubd_user
--

CREATE INDEX "myappLubd_room_room_type_7b63c7fc_like" ON public."myappLubd_room" USING btree (room_type varchar_pattern_ops);


--
-- Name: myappLubd_session_session_token_57193b85_like; Type: INDEX; Schema: public; Owner: mylubd_user
--

CREATE INDEX "myappLubd_session_session_token_57193b85_like" ON public."myappLubd_session" USING btree (session_token varchar_pattern_ops);


--
-- Name: myappLubd_session_user_id_4bdb7079; Type: INDEX; Schema: public; Owner: mylubd_user
--

CREATE INDEX "myappLubd_session_user_id_4bdb7079" ON public."myappLubd_session" USING btree (user_id);


--
-- Name: myappLubd_topic_title_4baf683d_like; Type: INDEX; Schema: public; Owner: mylubd_user
--

CREATE INDEX "myappLubd_topic_title_4baf683d_like" ON public."myappLubd_topic" USING btree (title varchar_pattern_ops);


--
-- Name: myappLubd_u_google__bea074_idx; Type: INDEX; Schema: public; Owner: mylubd_user
--

CREATE INDEX "myappLubd_u_google__bea074_idx" ON public."myappLubd_userprofile" USING btree (google_id);


--
-- Name: myappLubd_user_groups_group_id_f2598c6c; Type: INDEX; Schema: public; Owner: mylubd_user
--

CREATE INDEX "myappLubd_user_groups_group_id_f2598c6c" ON public."myappLubd_user_groups" USING btree (group_id);


--
-- Name: myappLubd_user_groups_user_id_a4e1d437; Type: INDEX; Schema: public; Owner: mylubd_user
--

CREATE INDEX "myappLubd_user_groups_user_id_a4e1d437" ON public."myappLubd_user_groups" USING btree (user_id);


--
-- Name: myappLubd_user_user_permissions_permission_id_b1a0c3d4; Type: INDEX; Schema: public; Owner: mylubd_user
--

CREATE INDEX "myappLubd_user_user_permissions_permission_id_b1a0c3d4" ON public."myappLubd_user_user_permissions" USING btree (permission_id);


--
-- Name: myappLubd_user_user_permissions_user_id_3a562cdf; Type: INDEX; Schema: public; Owner: mylubd_user
--

CREATE INDEX "myappLubd_user_user_permissions_user_id_3a562cdf" ON public."myappLubd_user_user_permissions" USING btree (user_id);


--
-- Name: myappLubd_user_username_70e6442c_like; Type: INDEX; Schema: public; Owner: mylubd_user
--

CREATE INDEX "myappLubd_user_username_70e6442c_like" ON public."myappLubd_user" USING btree (username varchar_pattern_ops);


--
-- Name: myappLubd_userprofile_properties_property_id_c3fc44b4; Type: INDEX; Schema: public; Owner: mylubd_user
--

CREATE INDEX "myappLubd_userprofile_properties_property_id_c3fc44b4" ON public."myappLubd_userprofile_properties" USING btree (property_id);


--
-- Name: myappLubd_userprofile_properties_userprofile_id_69eb18bd; Type: INDEX; Schema: public; Owner: mylubd_user
--

CREATE INDEX "myappLubd_userprofile_properties_userprofile_id_69eb18bd" ON public."myappLubd_userprofile_properties" USING btree (userprofile_id);


--
-- Name: auth_group_permissions auth_group_permissio_permission_id_84c5c92e_fk_auth_perm; Type: FK CONSTRAINT; Schema: public; Owner: mylubd_user
--

ALTER TABLE ONLY public.auth_group_permissions
    ADD CONSTRAINT auth_group_permissio_permission_id_84c5c92e_fk_auth_perm FOREIGN KEY (permission_id) REFERENCES public.auth_permission(id) DEFERRABLE INITIALLY DEFERRED;


--
-- Name: auth_group_permissions auth_group_permissions_group_id_b120cbf9_fk_auth_group_id; Type: FK CONSTRAINT; Schema: public; Owner: mylubd_user
--

ALTER TABLE ONLY public.auth_group_permissions
    ADD CONSTRAINT auth_group_permissions_group_id_b120cbf9_fk_auth_group_id FOREIGN KEY (group_id) REFERENCES public.auth_group(id) DEFERRABLE INITIALLY DEFERRED;


--
-- Name: auth_permission auth_permission_content_type_id_2f476e4b_fk_django_co; Type: FK CONSTRAINT; Schema: public; Owner: mylubd_user
--

ALTER TABLE ONLY public.auth_permission
    ADD CONSTRAINT auth_permission_content_type_id_2f476e4b_fk_django_co FOREIGN KEY (content_type_id) REFERENCES public.django_content_type(id) DEFERRABLE INITIALLY DEFERRED;


--
-- Name: django_admin_log django_admin_log_content_type_id_c4bce8eb_fk_django_co; Type: FK CONSTRAINT; Schema: public; Owner: mylubd_user
--

ALTER TABLE ONLY public.django_admin_log
    ADD CONSTRAINT django_admin_log_content_type_id_c4bce8eb_fk_django_co FOREIGN KEY (content_type_id) REFERENCES public.django_content_type(id) DEFERRABLE INITIALLY DEFERRED;


--
-- Name: django_admin_log django_admin_log_user_id_c564eba6_fk_myappLubd_user_id; Type: FK CONSTRAINT; Schema: public; Owner: mylubd_user
--

ALTER TABLE ONLY public.django_admin_log
    ADD CONSTRAINT "django_admin_log_user_id_c564eba6_fk_myappLubd_user_id" FOREIGN KEY (user_id) REFERENCES public."myappLubd_user"(id) DEFERRABLE INITIALLY DEFERRED;


--
-- Name: myappLubd_job_rooms myappLubd_job_rooms_job_id_b8ac4345_fk_myappLubd_job_id; Type: FK CONSTRAINT; Schema: public; Owner: mylubd_user
--

ALTER TABLE ONLY public."myappLubd_job_rooms"
    ADD CONSTRAINT "myappLubd_job_rooms_job_id_b8ac4345_fk_myappLubd_job_id" FOREIGN KEY (job_id) REFERENCES public."myappLubd_job"(id) DEFERRABLE INITIALLY DEFERRED;


--
-- Name: myappLubd_job_rooms myappLubd_job_rooms_room_id_32e84c6e_fk_myappLubd_room_room_id; Type: FK CONSTRAINT; Schema: public; Owner: mylubd_user
--

ALTER TABLE ONLY public."myappLubd_job_rooms"
    ADD CONSTRAINT "myappLubd_job_rooms_room_id_32e84c6e_fk_myappLubd_room_room_id" FOREIGN KEY (room_id) REFERENCES public."myappLubd_room"(room_id) DEFERRABLE INITIALLY DEFERRED;


--
-- Name: myappLubd_job_topics myappLubd_job_topics_job_id_c81f0e94_fk_myappLubd_job_id; Type: FK CONSTRAINT; Schema: public; Owner: mylubd_user
--

ALTER TABLE ONLY public."myappLubd_job_topics"
    ADD CONSTRAINT "myappLubd_job_topics_job_id_c81f0e94_fk_myappLubd_job_id" FOREIGN KEY (job_id) REFERENCES public."myappLubd_job"(id) DEFERRABLE INITIALLY DEFERRED;


--
-- Name: myappLubd_job_topics myappLubd_job_topics_topic_id_cac9d663_fk; Type: FK CONSTRAINT; Schema: public; Owner: mylubd_user
--

ALTER TABLE ONLY public."myappLubd_job_topics"
    ADD CONSTRAINT "myappLubd_job_topics_topic_id_cac9d663_fk" FOREIGN KEY (topic_id) REFERENCES public."myappLubd_topic"(id) DEFERRABLE INITIALLY DEFERRED;


--
-- Name: myappLubd_job myappLubd_job_updated_by_id_c3a2aa59_fk_myappLubd_user_id; Type: FK CONSTRAINT; Schema: public; Owner: mylubd_user
--

ALTER TABLE ONLY public."myappLubd_job"
    ADD CONSTRAINT "myappLubd_job_updated_by_id_c3a2aa59_fk_myappLubd_user_id" FOREIGN KEY (updated_by_id) REFERENCES public."myappLubd_user"(id) DEFERRABLE INITIALLY DEFERRED;


--
-- Name: myappLubd_job myappLubd_job_user_id_79240d38_fk_myappLubd_user_id; Type: FK CONSTRAINT; Schema: public; Owner: mylubd_user
--

ALTER TABLE ONLY public."myappLubd_job"
    ADD CONSTRAINT "myappLubd_job_user_id_79240d38_fk_myappLubd_user_id" FOREIGN KEY (user_id) REFERENCES public."myappLubd_user"(id) DEFERRABLE INITIALLY DEFERRED;


--
-- Name: myappLubd_jobimage myappLubd_jobimage_job_id_107a2937_fk_myappLubd_job_id; Type: FK CONSTRAINT; Schema: public; Owner: mylubd_user
--

ALTER TABLE ONLY public."myappLubd_jobimage"
    ADD CONSTRAINT "myappLubd_jobimage_job_id_107a2937_fk_myappLubd_job_id" FOREIGN KEY (job_id) REFERENCES public."myappLubd_job"(id) DEFERRABLE INITIALLY DEFERRED;


--
-- Name: myappLubd_jobimage myappLubd_jobimage_uploaded_by_id_f5adb3c7_fk_myappLubd_user_id; Type: FK CONSTRAINT; Schema: public; Owner: mylubd_user
--

ALTER TABLE ONLY public."myappLubd_jobimage"
    ADD CONSTRAINT "myappLubd_jobimage_uploaded_by_id_f5adb3c7_fk_myappLubd_user_id" FOREIGN KEY (uploaded_by_id) REFERENCES public."myappLubd_user"(id) DEFERRABLE INITIALLY DEFERRED;


--
-- Name: myappLubd_machine_preventive_maintenances myappLubd_machine_pr_machine_id_f670c58a_fk_myappLubd; Type: FK CONSTRAINT; Schema: public; Owner: mylubd_user
--

ALTER TABLE ONLY public."myappLubd_machine_preventive_maintenances"
    ADD CONSTRAINT "myappLubd_machine_pr_machine_id_f670c58a_fk_myappLubd" FOREIGN KEY (machine_id) REFERENCES public."myappLubd_machine"(id) DEFERRABLE INITIALLY DEFERRED;


--
-- Name: myappLubd_machine_preventive_maintenances myappLubd_machine_pr_preventivemaintenanc_5347b936_fk_myappLubd; Type: FK CONSTRAINT; Schema: public; Owner: mylubd_user
--

ALTER TABLE ONLY public."myappLubd_machine_preventive_maintenances"
    ADD CONSTRAINT "myappLubd_machine_pr_preventivemaintenanc_5347b936_fk_myappLubd" FOREIGN KEY (preventivemaintenance_id) REFERENCES public."myappLubd_preventivemaintenance"(id) DEFERRABLE INITIALLY DEFERRED;


--
-- Name: myappLubd_machine myappLubd_machine_property_id_ec376110_fk_myappLubd_property_id; Type: FK CONSTRAINT; Schema: public; Owner: mylubd_user
--

ALTER TABLE ONLY public."myappLubd_machine"
    ADD CONSTRAINT "myappLubd_machine_property_id_ec376110_fk_myappLubd_property_id" FOREIGN KEY (property_id) REFERENCES public."myappLubd_property"(id) DEFERRABLE INITIALLY DEFERRED;


--
-- Name: myappLubd_maintenancechecklist myappLubd_maintenanc_completed_by_id_252f6330_fk_myappLubd; Type: FK CONSTRAINT; Schema: public; Owner: mylubd_user
--

ALTER TABLE ONLY public."myappLubd_maintenancechecklist"
    ADD CONSTRAINT "myappLubd_maintenanc_completed_by_id_252f6330_fk_myappLubd" FOREIGN KEY (completed_by_id) REFERENCES public."myappLubd_user"(id) DEFERRABLE INITIALLY DEFERRED;


--
-- Name: myappLubd_maintenanceschedule myappLubd_maintenanc_maintenance_id_3e67753e_fk_myappLubd; Type: FK CONSTRAINT; Schema: public; Owner: mylubd_user
--

ALTER TABLE ONLY public."myappLubd_maintenanceschedule"
    ADD CONSTRAINT "myappLubd_maintenanc_maintenance_id_3e67753e_fk_myappLubd" FOREIGN KEY (maintenance_id) REFERENCES public."myappLubd_preventivemaintenance"(id) DEFERRABLE INITIALLY DEFERRED;


--
-- Name: myappLubd_maintenancehistory myappLubd_maintenanc_maintenance_id_63361848_fk_myappLubd; Type: FK CONSTRAINT; Schema: public; Owner: mylubd_user
--

ALTER TABLE ONLY public."myappLubd_maintenancehistory"
    ADD CONSTRAINT "myappLubd_maintenanc_maintenance_id_63361848_fk_myappLubd" FOREIGN KEY (maintenance_id) REFERENCES public."myappLubd_preventivemaintenance"(id) DEFERRABLE INITIALLY DEFERRED;


--
-- Name: myappLubd_maintenancechecklist myappLubd_maintenanc_maintenance_id_95b0930f_fk_myappLubd; Type: FK CONSTRAINT; Schema: public; Owner: mylubd_user
--

ALTER TABLE ONLY public."myappLubd_maintenancechecklist"
    ADD CONSTRAINT "myappLubd_maintenanc_maintenance_id_95b0930f_fk_myappLubd" FOREIGN KEY (maintenance_id) REFERENCES public."myappLubd_preventivemaintenance"(id) DEFERRABLE INITIALLY DEFERRED;


--
-- Name: myappLubd_maintenancehistory myappLubd_maintenanc_performed_by_id_e393eccb_fk_myappLubd; Type: FK CONSTRAINT; Schema: public; Owner: mylubd_user
--

ALTER TABLE ONLY public."myappLubd_maintenancehistory"
    ADD CONSTRAINT "myappLubd_maintenanc_performed_by_id_e393eccb_fk_myappLubd" FOREIGN KEY (performed_by_id) REFERENCES public."myappLubd_user"(id) DEFERRABLE INITIALLY DEFERRED;


--
-- Name: myappLubd_preventivemaintenance myappLubd_preventive_completed_by_id_11007ba1_fk_myappLubd; Type: FK CONSTRAINT; Schema: public; Owner: mylubd_user
--

ALTER TABLE ONLY public."myappLubd_preventivemaintenance"
    ADD CONSTRAINT "myappLubd_preventive_completed_by_id_11007ba1_fk_myappLubd" FOREIGN KEY (completed_by_id) REFERENCES public."myappLubd_user"(id) DEFERRABLE INITIALLY DEFERRED;


--
-- Name: myappLubd_preventivemaintenance myappLubd_preventive_created_by_id_09bfc54f_fk_myappLubd; Type: FK CONSTRAINT; Schema: public; Owner: mylubd_user
--

ALTER TABLE ONLY public."myappLubd_preventivemaintenance"
    ADD CONSTRAINT "myappLubd_preventive_created_by_id_09bfc54f_fk_myappLubd" FOREIGN KEY (created_by_id) REFERENCES public."myappLubd_user"(id) DEFERRABLE INITIALLY DEFERRED;


--
-- Name: myappLubd_preventivemaintenance myappLubd_preventive_job_id_91dcb5db_fk_myappLubd; Type: FK CONSTRAINT; Schema: public; Owner: mylubd_user
--

ALTER TABLE ONLY public."myappLubd_preventivemaintenance"
    ADD CONSTRAINT "myappLubd_preventive_job_id_91dcb5db_fk_myappLubd" FOREIGN KEY (job_id) REFERENCES public."myappLubd_job"(id) DEFERRABLE INITIALLY DEFERRED;


--
-- Name: myappLubd_preventivemaintenance_topics myappLubd_preventive_preventivemaintenanc_4c929214_fk_myappLubd; Type: FK CONSTRAINT; Schema: public; Owner: mylubd_user
--

ALTER TABLE ONLY public."myappLubd_preventivemaintenance_topics"
    ADD CONSTRAINT "myappLubd_preventive_preventivemaintenanc_4c929214_fk_myappLubd" FOREIGN KEY (preventivemaintenance_id) REFERENCES public."myappLubd_preventivemaintenance"(id) DEFERRABLE INITIALLY DEFERRED;


--
-- Name: myappLubd_preventivemaintenance myappLubd_preventive_procedure_template_i_dd9d5057_fk_myappLubd; Type: FK CONSTRAINT; Schema: public; Owner: mylubd_user
--

ALTER TABLE ONLY public."myappLubd_preventivemaintenance"
    ADD CONSTRAINT "myappLubd_preventive_procedure_template_i_dd9d5057_fk_myappLubd" FOREIGN KEY (procedure_template_id) REFERENCES public."myappLubd_maintenanceprocedure"(id) DEFERRABLE INITIALLY DEFERRED;


--
-- Name: myappLubd_preventivemaintenance_topics myappLubd_preventive_topic_id_75744557_fk_myappLubd; Type: FK CONSTRAINT; Schema: public; Owner: mylubd_user
--

ALTER TABLE ONLY public."myappLubd_preventivemaintenance_topics"
    ADD CONSTRAINT "myappLubd_preventive_topic_id_75744557_fk_myappLubd" FOREIGN KEY (topic_id) REFERENCES public."myappLubd_topic"(id) DEFERRABLE INITIALLY DEFERRED;


--
-- Name: myappLubd_preventivemaintenance myappLubd_preventive_verified_by_id_de79167c_fk_myappLubd; Type: FK CONSTRAINT; Schema: public; Owner: mylubd_user
--

ALTER TABLE ONLY public."myappLubd_preventivemaintenance"
    ADD CONSTRAINT "myappLubd_preventive_verified_by_id_de79167c_fk_myappLubd" FOREIGN KEY (verified_by_id) REFERENCES public."myappLubd_user"(id) DEFERRABLE INITIALLY DEFERRED;


--
-- Name: myappLubd_property_users myappLubd_property_users_property_id_3f4f43a7_fk; Type: FK CONSTRAINT; Schema: public; Owner: mylubd_user
--

ALTER TABLE ONLY public."myappLubd_property_users"
    ADD CONSTRAINT "myappLubd_property_users_property_id_3f4f43a7_fk" FOREIGN KEY (property_id) REFERENCES public."myappLubd_property"(id) DEFERRABLE INITIALLY DEFERRED;


--
-- Name: myappLubd_property_users myappLubd_property_users_user_id_3cb71139_fk_myappLubd_user_id; Type: FK CONSTRAINT; Schema: public; Owner: mylubd_user
--

ALTER TABLE ONLY public."myappLubd_property_users"
    ADD CONSTRAINT "myappLubd_property_users_user_id_3cb71139_fk_myappLubd_user_id" FOREIGN KEY (user_id) REFERENCES public."myappLubd_user"(id) DEFERRABLE INITIALLY DEFERRED;


--
-- Name: myappLubd_room_properties myappLubd_room_prope_room_id_d2c086eb_fk_myappLubd; Type: FK CONSTRAINT; Schema: public; Owner: mylubd_user
--

ALTER TABLE ONLY public."myappLubd_room_properties"
    ADD CONSTRAINT "myappLubd_room_prope_room_id_d2c086eb_fk_myappLubd" FOREIGN KEY (room_id) REFERENCES public."myappLubd_room"(room_id) DEFERRABLE INITIALLY DEFERRED;


--
-- Name: myappLubd_room_properties myappLubd_room_properties_property_id_08fe69ba_fk; Type: FK CONSTRAINT; Schema: public; Owner: mylubd_user
--

ALTER TABLE ONLY public."myappLubd_room_properties"
    ADD CONSTRAINT "myappLubd_room_properties_property_id_08fe69ba_fk" FOREIGN KEY (property_id) REFERENCES public."myappLubd_property"(id) DEFERRABLE INITIALLY DEFERRED;


--
-- Name: myappLubd_session myappLubd_session_user_id_4bdb7079_fk_myappLubd_user_id; Type: FK CONSTRAINT; Schema: public; Owner: mylubd_user
--

ALTER TABLE ONLY public."myappLubd_session"
    ADD CONSTRAINT "myappLubd_session_user_id_4bdb7079_fk_myappLubd_user_id" FOREIGN KEY (user_id) REFERENCES public."myappLubd_user"(id) DEFERRABLE INITIALLY DEFERRED;


--
-- Name: myappLubd_user_groups myappLubd_user_groups_group_id_f2598c6c_fk_auth_group_id; Type: FK CONSTRAINT; Schema: public; Owner: mylubd_user
--

ALTER TABLE ONLY public."myappLubd_user_groups"
    ADD CONSTRAINT "myappLubd_user_groups_group_id_f2598c6c_fk_auth_group_id" FOREIGN KEY (group_id) REFERENCES public.auth_group(id) DEFERRABLE INITIALLY DEFERRED;


--
-- Name: myappLubd_user_groups myappLubd_user_groups_user_id_a4e1d437_fk_myappLubd_user_id; Type: FK CONSTRAINT; Schema: public; Owner: mylubd_user
--

ALTER TABLE ONLY public."myappLubd_user_groups"
    ADD CONSTRAINT "myappLubd_user_groups_user_id_a4e1d437_fk_myappLubd_user_id" FOREIGN KEY (user_id) REFERENCES public."myappLubd_user"(id) DEFERRABLE INITIALLY DEFERRED;


--
-- Name: myappLubd_user_user_permissions myappLubd_user_user__permission_id_b1a0c3d4_fk_auth_perm; Type: FK CONSTRAINT; Schema: public; Owner: mylubd_user
--

ALTER TABLE ONLY public."myappLubd_user_user_permissions"
    ADD CONSTRAINT "myappLubd_user_user__permission_id_b1a0c3d4_fk_auth_perm" FOREIGN KEY (permission_id) REFERENCES public.auth_permission(id) DEFERRABLE INITIALLY DEFERRED;


--
-- Name: myappLubd_user_user_permissions myappLubd_user_user__user_id_3a562cdf_fk_myappLubd; Type: FK CONSTRAINT; Schema: public; Owner: mylubd_user
--

ALTER TABLE ONLY public."myappLubd_user_user_permissions"
    ADD CONSTRAINT "myappLubd_user_user__user_id_3a562cdf_fk_myappLubd" FOREIGN KEY (user_id) REFERENCES public."myappLubd_user"(id) DEFERRABLE INITIALLY DEFERRED;


--
-- Name: myappLubd_userprofile_properties myappLubd_userprofil_userprofile_id_69eb18bd_fk_myappLubd; Type: FK CONSTRAINT; Schema: public; Owner: mylubd_user
--

ALTER TABLE ONLY public."myappLubd_userprofile_properties"
    ADD CONSTRAINT "myappLubd_userprofil_userprofile_id_69eb18bd_fk_myappLubd" FOREIGN KEY (userprofile_id) REFERENCES public."myappLubd_userprofile"(id) DEFERRABLE INITIALLY DEFERRED;


--
-- Name: myappLubd_userprofile_properties myappLubd_userprofile_properties_property_id_c3fc44b4_fk; Type: FK CONSTRAINT; Schema: public; Owner: mylubd_user
--

ALTER TABLE ONLY public."myappLubd_userprofile_properties"
    ADD CONSTRAINT "myappLubd_userprofile_properties_property_id_c3fc44b4_fk" FOREIGN KEY (property_id) REFERENCES public."myappLubd_property"(id) DEFERRABLE INITIALLY DEFERRED;


--
-- Name: myappLubd_userprofile myappLubd_userprofile_user_id_a266be20_fk_myappLubd_user_id; Type: FK CONSTRAINT; Schema: public; Owner: mylubd_user
--

ALTER TABLE ONLY public."myappLubd_userprofile"
    ADD CONSTRAINT "myappLubd_userprofile_user_id_a266be20_fk_myappLubd_user_id" FOREIGN KEY (user_id) REFERENCES public."myappLubd_user"(id) DEFERRABLE INITIALLY DEFERRED;


--
-- PostgreSQL database dump complete
--

\unrestrict 9QKOTx0pV7WwKhMpgUa3qIu8Q0yP7681tcsLVrPvK1GcBdIABpKw3faNwNSUpcP

