--
-- PostgreSQL database dump
--

\restrict lL7gBPV716lqyLeZDMGPr12qlK8UoamonQ9lx3wmeU5LxKDz8IkUiAuSDgHwrMd

-- Dumped from database version 17.6
-- Dumped by pg_dump version 17.6

SET statement_timeout = 0;
SET lock_timeout = 0;
SET idle_in_transaction_session_timeout = 0;
SET transaction_timeout = 0;
SET client_encoding = 'UTF8';
SET standard_conforming_strings = on;
SELECT pg_catalog.set_config('search_path', '', false);
SET check_function_bodies = false;
SET xmloption = content;
SET client_min_messages = warning;
SET row_security = off;

SET default_tablespace = '';

SET default_table_access_method = heap;

--
-- Name: auth_group; Type: TABLE; Schema: public; Owner: mylubd_user
--

CREATE TABLE public.auth_group (
    id integer NOT NULL,
    name character varying(150) NOT NULL
);


ALTER TABLE public.auth_group OWNER TO mylubd_user;

--
-- Name: auth_group_id_seq; Type: SEQUENCE; Schema: public; Owner: mylubd_user
--

ALTER TABLE public.auth_group ALTER COLUMN id ADD GENERATED BY DEFAULT AS IDENTITY (
    SEQUENCE NAME public.auth_group_id_seq
    START WITH 1
    INCREMENT BY 1
    NO MINVALUE
    NO MAXVALUE
    CACHE 1
);


--
-- Name: auth_group_permissions; Type: TABLE; Schema: public; Owner: mylubd_user
--

CREATE TABLE public.auth_group_permissions (
    id bigint NOT NULL,
    group_id integer NOT NULL,
    permission_id integer NOT NULL
);


ALTER TABLE public.auth_group_permissions OWNER TO mylubd_user;

--
-- Name: auth_group_permissions_id_seq; Type: SEQUENCE; Schema: public; Owner: mylubd_user
--

ALTER TABLE public.auth_group_permissions ALTER COLUMN id ADD GENERATED BY DEFAULT AS IDENTITY (
    SEQUENCE NAME public.auth_group_permissions_id_seq
    START WITH 1
    INCREMENT BY 1
    NO MINVALUE
    NO MAXVALUE
    CACHE 1
);


--
-- Name: auth_permission; Type: TABLE; Schema: public; Owner: mylubd_user
--

CREATE TABLE public.auth_permission (
    id integer NOT NULL,
    name character varying(255) NOT NULL,
    content_type_id integer NOT NULL,
    codename character varying(100) NOT NULL
);


ALTER TABLE public.auth_permission OWNER TO mylubd_user;

--
-- Name: auth_permission_id_seq; Type: SEQUENCE; Schema: public; Owner: mylubd_user
--

ALTER TABLE public.auth_permission ALTER COLUMN id ADD GENERATED BY DEFAULT AS IDENTITY (
    SEQUENCE NAME public.auth_permission_id_seq
    START WITH 1
    INCREMENT BY 1
    NO MINVALUE
    NO MAXVALUE
    CACHE 1
);


--
-- Name: debug_toolbar_historyentry; Type: TABLE; Schema: public; Owner: mylubd_user
--

CREATE TABLE public.debug_toolbar_historyentry (
    request_id uuid NOT NULL,
    data jsonb NOT NULL,
    created_at timestamp with time zone NOT NULL
);


ALTER TABLE public.debug_toolbar_historyentry OWNER TO mylubd_user;

--
-- Name: django_admin_log; Type: TABLE; Schema: public; Owner: mylubd_user
--

CREATE TABLE public.django_admin_log (
    id integer NOT NULL,
    action_time timestamp with time zone NOT NULL,
    object_id text,
    object_repr character varying(200) NOT NULL,
    action_flag smallint NOT NULL,
    change_message text NOT NULL,
    content_type_id integer,
    user_id bigint NOT NULL,
    CONSTRAINT django_admin_log_action_flag_check CHECK ((action_flag >= 0))
);


ALTER TABLE public.django_admin_log OWNER TO mylubd_user;

--
-- Name: django_admin_log_id_seq; Type: SEQUENCE; Schema: public; Owner: mylubd_user
--

ALTER TABLE public.django_admin_log ALTER COLUMN id ADD GENERATED BY DEFAULT AS IDENTITY (
    SEQUENCE NAME public.django_admin_log_id_seq
    START WITH 1
    INCREMENT BY 1
    NO MINVALUE
    NO MAXVALUE
    CACHE 1
);


--
-- Name: django_content_type; Type: TABLE; Schema: public; Owner: mylubd_user
--

CREATE TABLE public.django_content_type (
    id integer NOT NULL,
    app_label character varying(100) NOT NULL,
    model character varying(100) NOT NULL
);


ALTER TABLE public.django_content_type OWNER TO mylubd_user;

--
-- Name: django_content_type_id_seq; Type: SEQUENCE; Schema: public; Owner: mylubd_user
--

ALTER TABLE public.django_content_type ALTER COLUMN id ADD GENERATED BY DEFAULT AS IDENTITY (
    SEQUENCE NAME public.django_content_type_id_seq
    START WITH 1
    INCREMENT BY 1
    NO MINVALUE
    NO MAXVALUE
    CACHE 1
);


--
-- Name: django_migrations; Type: TABLE; Schema: public; Owner: mylubd_user
--

CREATE TABLE public.django_migrations (
    id bigint NOT NULL,
    app character varying(255) NOT NULL,
    name character varying(255) NOT NULL,
    applied timestamp with time zone NOT NULL
);


ALTER TABLE public.django_migrations OWNER TO mylubd_user;

--
-- Name: django_migrations_id_seq; Type: SEQUENCE; Schema: public; Owner: mylubd_user
--

ALTER TABLE public.django_migrations ALTER COLUMN id ADD GENERATED BY DEFAULT AS IDENTITY (
    SEQUENCE NAME public.django_migrations_id_seq
    START WITH 1
    INCREMENT BY 1
    NO MINVALUE
    NO MAXVALUE
    CACHE 1
);


--
-- Name: django_session; Type: TABLE; Schema: public; Owner: mylubd_user
--

CREATE TABLE public.django_session (
    session_key character varying(40) NOT NULL,
    session_data text NOT NULL,
    expire_date timestamp with time zone NOT NULL
);


ALTER TABLE public.django_session OWNER TO mylubd_user;

--
-- Name: myappLubd_job; Type: TABLE; Schema: public; Owner: mylubd_user
--

CREATE TABLE public."myappLubd_job" (
    id bigint NOT NULL,
    job_id character varying(16) NOT NULL,
    is_defective boolean NOT NULL,
    description text NOT NULL,
    remarks text NOT NULL,
    status character varying(20) NOT NULL,
    priority character varying(20) NOT NULL,
    created_at timestamp with time zone NOT NULL,
    updated_at timestamp with time zone NOT NULL,
    completed_at timestamp with time zone,
    user_id bigint NOT NULL,
    updated_by_id bigint,
    is_preventivemaintenance boolean NOT NULL
);


ALTER TABLE public."myappLubd_job" OWNER TO mylubd_user;

--
-- Name: myappLubd_job_id_seq; Type: SEQUENCE; Schema: public; Owner: mylubd_user
--

ALTER TABLE public."myappLubd_job" ALTER COLUMN id ADD GENERATED BY DEFAULT AS IDENTITY (
    SEQUENCE NAME public."myappLubd_job_id_seq"
    START WITH 1
    INCREMENT BY 1
    NO MINVALUE
    NO MAXVALUE
    CACHE 1
);


--
-- Name: myappLubd_job_rooms; Type: TABLE; Schema: public; Owner: mylubd_user
--

CREATE TABLE public."myappLubd_job_rooms" (
    id bigint NOT NULL,
    job_id bigint NOT NULL,
    room_id integer NOT NULL
);


ALTER TABLE public."myappLubd_job_rooms" OWNER TO mylubd_user;

--
-- Name: myappLubd_job_rooms_id_seq; Type: SEQUENCE; Schema: public; Owner: mylubd_user
--

ALTER TABLE public."myappLubd_job_rooms" ALTER COLUMN id ADD GENERATED BY DEFAULT AS IDENTITY (
    SEQUENCE NAME public."myappLubd_job_rooms_id_seq"
    START WITH 1
    INCREMENT BY 1
    NO MINVALUE
    NO MAXVALUE
    CACHE 1
);


--
-- Name: myappLubd_job_topics; Type: TABLE; Schema: public; Owner: mylubd_user
--

CREATE TABLE public."myappLubd_job_topics" (
    id bigint NOT NULL,
    job_id bigint NOT NULL,
    topic_id integer NOT NULL
);


ALTER TABLE public."myappLubd_job_topics" OWNER TO mylubd_user;

--
-- Name: myappLubd_job_topics_id_seq; Type: SEQUENCE; Schema: public; Owner: mylubd_user
--

ALTER TABLE public."myappLubd_job_topics" ALTER COLUMN id ADD GENERATED BY DEFAULT AS IDENTITY (
    SEQUENCE NAME public."myappLubd_job_topics_id_seq"
    START WITH 1
    INCREMENT BY 1
    NO MINVALUE
    NO MAXVALUE
    CACHE 1
);


--
-- Name: myappLubd_jobimage; Type: TABLE; Schema: public; Owner: mylubd_user
--

CREATE TABLE public."myappLubd_jobimage" (
    id bigint NOT NULL,
    image character varying(100),
    uploaded_at timestamp with time zone NOT NULL,
    job_id bigint NOT NULL,
    uploaded_by_id bigint,
    jpeg_path character varying(500)
);


ALTER TABLE public."myappLubd_jobimage" OWNER TO mylubd_user;

--
-- Name: myappLubd_jobimage_id_seq; Type: SEQUENCE; Schema: public; Owner: mylubd_user
--

ALTER TABLE public."myappLubd_jobimage" ALTER COLUMN id ADD GENERATED BY DEFAULT AS IDENTITY (
    SEQUENCE NAME public."myappLubd_jobimage_id_seq"
    START WITH 1
    INCREMENT BY 1
    NO MINVALUE
    NO MAXVALUE
    CACHE 1
);


--
-- Name: myappLubd_machine; Type: TABLE; Schema: public; Owner: mylubd_user
--

CREATE TABLE public."myappLubd_machine" (
    id integer NOT NULL,
    machine_id character varying(50) NOT NULL,
    name character varying(100) NOT NULL,
    description text,
    location character varying(200),
    status character varying(20) NOT NULL,
    installation_date date,
    last_maintenance_date timestamp with time zone,
    created_at timestamp with time zone NOT NULL,
    updated_at timestamp with time zone NOT NULL,
    property_id integer NOT NULL
);


ALTER TABLE public."myappLubd_machine" OWNER TO mylubd_user;

--
-- Name: myappLubd_machine_id_seq; Type: SEQUENCE; Schema: public; Owner: mylubd_user
--

ALTER TABLE public."myappLubd_machine" ALTER COLUMN id ADD GENERATED BY DEFAULT AS IDENTITY (
    SEQUENCE NAME public."myappLubd_machine_id_seq"
    START WITH 1
    INCREMENT BY 1
    NO MINVALUE
    NO MAXVALUE
    CACHE 1
);


--
-- Name: myappLubd_machine_preventive_maintenances; Type: TABLE; Schema: public; Owner: mylubd_user
--

CREATE TABLE public."myappLubd_machine_preventive_maintenances" (
    id bigint NOT NULL,
    machine_id integer NOT NULL,
    preventivemaintenance_id bigint NOT NULL
);


ALTER TABLE public."myappLubd_machine_preventive_maintenances" OWNER TO mylubd_user;

--
-- Name: myappLubd_machine_preventive_maintenances_id_seq; Type: SEQUENCE; Schema: public; Owner: mylubd_user
--

ALTER TABLE public."myappLubd_machine_preventive_maintenances" ALTER COLUMN id ADD GENERATED BY DEFAULT AS IDENTITY (
    SEQUENCE NAME public."myappLubd_machine_preventive_maintenances_id_seq"
    START WITH 1
    INCREMENT BY 1
    NO MINVALUE
    NO MAXVALUE
    CACHE 1
);


--
-- Name: myappLubd_maintenancechecklist; Type: TABLE; Schema: public; Owner: mylubd_user
--

CREATE TABLE public."myappLubd_maintenancechecklist" (
    id bigint NOT NULL,
    item character varying(200) NOT NULL,
    description text,
    is_completed boolean NOT NULL,
    completed_at timestamp with time zone,
    "order" integer NOT NULL,
    completed_by_id bigint,
    maintenance_id bigint NOT NULL,
    CONSTRAINT "myappLubd_maintenancechecklist_order_check" CHECK (("order" >= 0))
);


ALTER TABLE public."myappLubd_maintenancechecklist" OWNER TO mylubd_user;

--
-- Name: myappLubd_maintenancechecklist_id_seq; Type: SEQUENCE; Schema: public; Owner: mylubd_user
--

ALTER TABLE public."myappLubd_maintenancechecklist" ALTER COLUMN id ADD GENERATED BY DEFAULT AS IDENTITY (
    SEQUENCE NAME public."myappLubd_maintenancechecklist_id_seq"
    START WITH 1
    INCREMENT BY 1
    NO MINVALUE
    NO MAXVALUE
    CACHE 1
);


--
-- Name: myappLubd_maintenancehistory; Type: TABLE; Schema: public; Owner: mylubd_user
--

CREATE TABLE public."myappLubd_maintenancehistory" (
    id bigint NOT NULL,
    action character varying(100) NOT NULL,
    notes text,
    "timestamp" timestamp with time zone NOT NULL,
    maintenance_id bigint NOT NULL,
    performed_by_id bigint
);


ALTER TABLE public."myappLubd_maintenancehistory" OWNER TO mylubd_user;

--
-- Name: myappLubd_maintenancehistory_id_seq; Type: SEQUENCE; Schema: public; Owner: mylubd_user
--

ALTER TABLE public."myappLubd_maintenancehistory" ALTER COLUMN id ADD GENERATED BY DEFAULT AS IDENTITY (
    SEQUENCE NAME public."myappLubd_maintenancehistory_id_seq"
    START WITH 1
    INCREMENT BY 1
    NO MINVALUE
    NO MAXVALUE
    CACHE 1
);


--
-- Name: myappLubd_maintenanceprocedure; Type: TABLE; Schema: public; Owner: mylubd_user
--

CREATE TABLE public."myappLubd_maintenanceprocedure" (
    id bigint NOT NULL,
    name character varying(200) NOT NULL,
    description text NOT NULL,
    steps jsonb NOT NULL,
    estimated_duration integer NOT NULL,
    required_tools text,
    safety_notes text,
    created_at timestamp with time zone NOT NULL,
    updated_at timestamp with time zone NOT NULL,
    difficulty_level character varying(20) NOT NULL,
    CONSTRAINT "myappLubd_maintenanceprocedure_estimated_duration_check" CHECK ((estimated_duration >= 0))
);


ALTER TABLE public."myappLubd_maintenanceprocedure" OWNER TO mylubd_user;

--
-- Name: myappLubd_maintenanceprocedure_id_seq; Type: SEQUENCE; Schema: public; Owner: mylubd_user
--

ALTER TABLE public."myappLubd_maintenanceprocedure" ALTER COLUMN id ADD GENERATED BY DEFAULT AS IDENTITY (
    SEQUENCE NAME public."myappLubd_maintenanceprocedure_id_seq"
    START WITH 1
    INCREMENT BY 1
    NO MINVALUE
    NO MAXVALUE
    CACHE 1
);


--
-- Name: myappLubd_maintenanceschedule; Type: TABLE; Schema: public; Owner: mylubd_user
--

CREATE TABLE public."myappLubd_maintenanceschedule" (
    id bigint NOT NULL,
    is_recurring boolean NOT NULL,
    next_occurrence timestamp with time zone NOT NULL,
    recurrence_pattern jsonb NOT NULL,
    last_occurrence timestamp with time zone,
    total_occurrences integer NOT NULL,
    is_active boolean NOT NULL,
    maintenance_id bigint NOT NULL,
    CONSTRAINT "myappLubd_maintenanceschedule_total_occurrences_check" CHECK ((total_occurrences >= 0))
);


ALTER TABLE public."myappLubd_maintenanceschedule" OWNER TO mylubd_user;

--
-- Name: myappLubd_maintenanceschedule_id_seq; Type: SEQUENCE; Schema: public; Owner: mylubd_user
--

ALTER TABLE public."myappLubd_maintenanceschedule" ALTER COLUMN id ADD GENERATED BY DEFAULT AS IDENTITY (
    SEQUENCE NAME public."myappLubd_maintenanceschedule_id_seq"
    START WITH 1
    INCREMENT BY 1
    NO MINVALUE
    NO MAXVALUE
    CACHE 1
);


--
-- Name: myappLubd_preventivemaintenance; Type: TABLE; Schema: public; Owner: mylubd_user
--

CREATE TABLE public."myappLubd_preventivemaintenance" (
    id bigint NOT NULL,
    pm_id character varying(16) NOT NULL,
    scheduled_date timestamp with time zone NOT NULL,
    completed_date timestamp with time zone,
    frequency character varying(20) NOT NULL,
    custom_days integer,
    next_due_date timestamp with time zone,
    notes text,
    updated_at timestamp with time zone NOT NULL,
    after_image character varying(100),
    before_image character varying(100),
    created_by_id bigint NOT NULL,
    pmtitle text NOT NULL,
    job_id bigint,
    procedure text,
    after_image_jpeg_path character varying(500),
    before_image_jpeg_path character varying(500),
    actual_duration integer,
    completed_by_id bigint,
    completion_notes text,
    estimated_duration integer,
    priority character varying(20) NOT NULL,
    quality_score integer,
    status character varying(20) NOT NULL,
    verification_date timestamp with time zone,
    verified_by_id bigint,
    procedure_template_id bigint,
    CONSTRAINT "myappLubd_preventivemaintenance_actual_duration_check" CHECK ((actual_duration >= 0)),
    CONSTRAINT "myappLubd_preventivemaintenance_custom_days_check" CHECK ((custom_days >= 0)),
    CONSTRAINT "myappLubd_preventivemaintenance_estimated_duration_check" CHECK ((estimated_duration >= 0)),
    CONSTRAINT "myappLubd_preventivemaintenance_quality_score_check" CHECK ((quality_score >= 0))
);


ALTER TABLE public."myappLubd_preventivemaintenance" OWNER TO mylubd_user;

--
-- Name: myappLubd_preventivemaintenance_id_seq; Type: SEQUENCE; Schema: public; Owner: mylubd_user
--

ALTER TABLE public."myappLubd_preventivemaintenance" ALTER COLUMN id ADD GENERATED BY DEFAULT AS IDENTITY (
    SEQUENCE NAME public."myappLubd_preventivemaintenance_id_seq"
    START WITH 1
    INCREMENT BY 1
    NO MINVALUE
    NO MAXVALUE
    CACHE 1
);


--
-- Name: myappLubd_preventivemaintenance_topics; Type: TABLE; Schema: public; Owner: mylubd_user
--

CREATE TABLE public."myappLubd_preventivemaintenance_topics" (
    id bigint NOT NULL,
    preventivemaintenance_id bigint NOT NULL,
    topic_id integer NOT NULL
);


ALTER TABLE public."myappLubd_preventivemaintenance_topics" OWNER TO mylubd_user;

--
-- Name: myappLubd_preventivemaintenance_topics_id_seq; Type: SEQUENCE; Schema: public; Owner: mylubd_user
--

ALTER TABLE public."myappLubd_preventivemaintenance_topics" ALTER COLUMN id ADD GENERATED BY DEFAULT AS IDENTITY (
    SEQUENCE NAME public."myappLubd_preventivemaintenance_topics_id_seq"
    START WITH 1
    INCREMENT BY 1
    NO MINVALUE
    NO MAXVALUE
    CACHE 1
);


--
-- Name: myappLubd_property; Type: TABLE; Schema: public; Owner: mylubd_user
--

CREATE TABLE public."myappLubd_property" (
    id integer NOT NULL,
    property_id character varying(50) NOT NULL,
    name character varying(255) NOT NULL,
    description text,
    created_at timestamp with time zone NOT NULL,
    is_preventivemaintenance boolean NOT NULL
);


ALTER TABLE public."myappLubd_property" OWNER TO mylubd_user;

--
-- Name: myappLubd_property_id_seq; Type: SEQUENCE; Schema: public; Owner: mylubd_user
--

ALTER TABLE public."myappLubd_property" ALTER COLUMN id ADD GENERATED BY DEFAULT AS IDENTITY (
    SEQUENCE NAME public."myappLubd_property_id_seq"
    START WITH 1
    INCREMENT BY 1
    NO MINVALUE
    NO MAXVALUE
    CACHE 1
);


--
-- Name: myappLubd_property_users; Type: TABLE; Schema: public; Owner: mylubd_user
--

CREATE TABLE public."myappLubd_property_users" (
    id bigint NOT NULL,
    property_id integer NOT NULL,
    user_id bigint NOT NULL
);


ALTER TABLE public."myappLubd_property_users" OWNER TO mylubd_user;

--
-- Name: myappLubd_property_users_id_seq; Type: SEQUENCE; Schema: public; Owner: mylubd_user
--

ALTER TABLE public."myappLubd_property_users" ALTER COLUMN id ADD GENERATED BY DEFAULT AS IDENTITY (
    SEQUENCE NAME public."myappLubd_property_users_id_seq"
    START WITH 1
    INCREMENT BY 1
    NO MINVALUE
    NO MAXVALUE
    CACHE 1
);


--
-- Name: myappLubd_room; Type: TABLE; Schema: public; Owner: mylubd_user
--

CREATE TABLE public."myappLubd_room" (
    room_id integer NOT NULL,
    name character varying(100) NOT NULL,
    room_type character varying(50) NOT NULL,
    is_active boolean NOT NULL,
    created_at timestamp with time zone NOT NULL
);


ALTER TABLE public."myappLubd_room" OWNER TO mylubd_user;

--
-- Name: myappLubd_room_properties; Type: TABLE; Schema: public; Owner: mylubd_user
--

CREATE TABLE public."myappLubd_room_properties" (
    id bigint NOT NULL,
    room_id integer NOT NULL,
    property_id integer NOT NULL
);


ALTER TABLE public."myappLubd_room_properties" OWNER TO mylubd_user;

--
-- Name: myappLubd_room_properties_id_seq; Type: SEQUENCE; Schema: public; Owner: mylubd_user
--

ALTER TABLE public."myappLubd_room_properties" ALTER COLUMN id ADD GENERATED BY DEFAULT AS IDENTITY (
    SEQUENCE NAME public."myappLubd_room_properties_id_seq"
    START WITH 1
    INCREMENT BY 1
    NO MINVALUE
    NO MAXVALUE
    CACHE 1
);


--
-- Name: myappLubd_room_room_id_seq; Type: SEQUENCE; Schema: public; Owner: mylubd_user
--

ALTER TABLE public."myappLubd_room" ALTER COLUMN room_id ADD GENERATED BY DEFAULT AS IDENTITY (
    SEQUENCE NAME public."myappLubd_room_room_id_seq"
    START WITH 1
    INCREMENT BY 1
    NO MINVALUE
    NO MAXVALUE
    CACHE 1
);


--
-- Name: myappLubd_session; Type: TABLE; Schema: public; Owner: mylubd_user
--

CREATE TABLE public."myappLubd_session" (
    id bigint NOT NULL,
    session_token character varying(255) NOT NULL,
    access_token text NOT NULL,
    refresh_token text NOT NULL,
    expires_at timestamp with time zone NOT NULL,
    created_at timestamp with time zone NOT NULL,
    user_id bigint NOT NULL
);


ALTER TABLE public."myappLubd_session" OWNER TO mylubd_user;

--
-- Name: myappLubd_session_id_seq; Type: SEQUENCE; Schema: public; Owner: mylubd_user
--

ALTER TABLE public."myappLubd_session" ALTER COLUMN id ADD GENERATED BY DEFAULT AS IDENTITY (
    SEQUENCE NAME public."myappLubd_session_id_seq"
    START WITH 1
    INCREMENT BY 1
    NO MINVALUE
    NO MAXVALUE
    CACHE 1
);


--
-- Name: myappLubd_topic; Type: TABLE; Schema: public; Owner: mylubd_user
--

CREATE TABLE public."myappLubd_topic" (
    id integer NOT NULL,
    title character varying(160) NOT NULL,
    description text
);


ALTER TABLE public."myappLubd_topic" OWNER TO mylubd_user;

--
-- Name: myappLubd_topic_id_seq; Type: SEQUENCE; Schema: public; Owner: mylubd_user
--

ALTER TABLE public."myappLubd_topic" ALTER COLUMN id ADD GENERATED BY DEFAULT AS IDENTITY (
    SEQUENCE NAME public."myappLubd_topic_id_seq"
    START WITH 1
    INCREMENT BY 1
    NO MINVALUE
    NO MAXVALUE
    CACHE 1
);


--
-- Name: myappLubd_user; Type: TABLE; Schema: public; Owner: mylubd_user
--

CREATE TABLE public."myappLubd_user" (
    id bigint NOT NULL,
    password character varying(128) NOT NULL,
    last_login timestamp with time zone,
    is_superuser boolean NOT NULL,
    username character varying(150) NOT NULL,
    first_name character varying(150) NOT NULL,
    last_name character varying(150) NOT NULL,
    email character varying(254) NOT NULL,
    is_staff boolean NOT NULL,
    is_active boolean NOT NULL,
    date_joined timestamp with time zone NOT NULL,
    property_name character varying(255),
    property_id character varying(50)
);


ALTER TABLE public."myappLubd_user" OWNER TO mylubd_user;

--
-- Name: myappLubd_user_groups; Type: TABLE; Schema: public; Owner: mylubd_user
--

CREATE TABLE public."myappLubd_user_groups" (
    id bigint NOT NULL,
    user_id bigint NOT NULL,
    group_id integer NOT NULL
);


ALTER TABLE public."myappLubd_user_groups" OWNER TO mylubd_user;

--
-- Name: myappLubd_user_groups_id_seq; Type: SEQUENCE; Schema: public; Owner: mylubd_user
--

ALTER TABLE public."myappLubd_user_groups" ALTER COLUMN id ADD GENERATED BY DEFAULT AS IDENTITY (
    SEQUENCE NAME public."myappLubd_user_groups_id_seq"
    START WITH 1
    INCREMENT BY 1
    NO MINVALUE
    NO MAXVALUE
    CACHE 1
);


--
-- Name: myappLubd_user_id_seq; Type: SEQUENCE; Schema: public; Owner: mylubd_user
--

ALTER TABLE public."myappLubd_user" ALTER COLUMN id ADD GENERATED BY DEFAULT AS IDENTITY (
    SEQUENCE NAME public."myappLubd_user_id_seq"
    START WITH 1
    INCREMENT BY 1
    NO MINVALUE
    NO MAXVALUE
    CACHE 1
);


--
-- Name: myappLubd_user_user_permissions; Type: TABLE; Schema: public; Owner: mylubd_user
--

CREATE TABLE public."myappLubd_user_user_permissions" (
    id bigint NOT NULL,
    user_id bigint NOT NULL,
    permission_id integer NOT NULL
);


ALTER TABLE public."myappLubd_user_user_permissions" OWNER TO mylubd_user;

--
-- Name: myappLubd_user_user_permissions_id_seq; Type: SEQUENCE; Schema: public; Owner: mylubd_user
--

ALTER TABLE public."myappLubd_user_user_permissions" ALTER COLUMN id ADD GENERATED BY DEFAULT AS IDENTITY (
    SEQUENCE NAME public."myappLubd_user_user_permissions_id_seq"
    START WITH 1
    INCREMENT BY 1
    NO MINVALUE
    NO MAXVALUE
    CACHE 1
);


--
-- Name: myappLubd_userprofile; Type: TABLE; Schema: public; Owner: mylubd_user
--

CREATE TABLE public."myappLubd_userprofile" (
    id bigint NOT NULL,
    positions text,
    profile_image character varying(100),
    user_id bigint NOT NULL,
    access_token text,
    email_verified boolean NOT NULL,
    google_id character varying(100),
    login_provider character varying(50),
    refresh_token text,
    last_login_google timestamp with time zone,
    reset_password_token character varying(128),
    reset_password_expires_at timestamp with time zone,
    reset_password_used boolean NOT NULL,
    property_name character varying(255),
    property_id character varying(50)
);


ALTER TABLE public."myappLubd_userprofile" OWNER TO mylubd_user;

--
-- Name: myappLubd_userprofile_id_seq; Type: SEQUENCE; Schema: public; Owner: mylubd_user
--

ALTER TABLE public."myappLubd_userprofile" ALTER COLUMN id ADD GENERATED BY DEFAULT AS IDENTITY (
    SEQUENCE NAME public."myappLubd_userprofile_id_seq"
    START WITH 1
    INCREMENT BY 1
    NO MINVALUE
    NO MAXVALUE
    CACHE 1
);


--
-- Name: myappLubd_userprofile_properties; Type: TABLE; Schema: public; Owner: mylubd_user
--

CREATE TABLE public."myappLubd_userprofile_properties" (
    id bigint NOT NULL,
    userprofile_id bigint NOT NULL,
    property_id integer NOT NULL
);


ALTER TABLE public."myappLubd_userprofile_properties" OWNER TO mylubd_user;

--
-- Name: myappLubd_userprofile_properties_id_seq; Type: SEQUENCE; Schema: public; Owner: mylubd_user
--

ALTER TABLE public."myappLubd_userprofile_properties" ALTER COLUMN id ADD GENERATED BY DEFAULT AS IDENTITY (
    SEQUENCE NAME public."myappLubd_userprofile_properties_id_seq"
    START WITH 1
    INCREMENT BY 1
    NO MINVALUE
    NO MAXVALUE
    CACHE 1
);


--
-- Data for Name: auth_group; Type: TABLE DATA; Schema: public; Owner: mylubd_user
--

COPY public.auth_group (id, name) FROM stdin;
\.


--
-- Data for Name: auth_group_permissions; Type: TABLE DATA; Schema: public; Owner: mylubd_user
--

COPY public.auth_group_permissions (id, group_id, permission_id) FROM stdin;
\.


--
-- Data for Name: auth_permission; Type: TABLE DATA; Schema: public; Owner: mylubd_user
--

COPY public.auth_permission (id, name, content_type_id, codename) FROM stdin;
81	Can add user	21	add_user
82	Can change user	21	change_user
83	Can delete user	21	delete_user
84	Can view user	21	view_user
1	Can add log entry	1	add_logentry
2	Can change log entry	1	change_logentry
3	Can delete log entry	1	delete_logentry
4	Can view log entry	1	view_logentry
5	Can add permission	2	add_permission
6	Can change permission	2	change_permission
7	Can delete permission	2	delete_permission
8	Can view permission	2	view_permission
9	Can add group	3	add_group
10	Can change group	3	change_group
11	Can delete group	3	delete_group
12	Can view group	3	view_group
13	Can add user	4	add_user
14	Can change user	4	change_user
15	Can delete user	4	delete_user
16	Can view user	4	view_user
17	Can add content type	5	add_contenttype
18	Can change content type	5	change_contenttype
19	Can delete content type	5	delete_contenttype
20	Can view content type	5	view_contenttype
21	Can add session	6	add_session
63	Can delete Maintenance Procedure	16	delete_maintenanceprocedure
64	Can view Maintenance Procedure	16	view_maintenanceprocedure
65	Can add Maintenance Schedule	17	add_maintenanceschedule
66	Can change Maintenance Schedule	17	change_maintenanceschedule
67	Can delete Maintenance Schedule	17	delete_maintenanceschedule
68	Can view Maintenance Schedule	17	view_maintenanceschedule
69	Can add Maintenance History	18	add_maintenancehistory
70	Can change Maintenance History	18	change_maintenancehistory
71	Can delete Maintenance History	18	delete_maintenancehistory
72	Can view Maintenance History	18	view_maintenancehistory
73	Can add Maintenance Checklist Item	19	add_maintenancechecklist
74	Can change Maintenance Checklist Item	19	change_maintenancechecklist
75	Can delete Maintenance Checklist Item	19	delete_maintenancechecklist
76	Can view Maintenance Checklist Item	19	view_maintenancechecklist
77	Can add history entry	20	add_historyentry
78	Can change history entry	20	change_historyentry
79	Can delete history entry	20	delete_historyentry
80	Can view history entry	20	view_historyentry
22	Can change session	6	change_session
23	Can delete session	6	delete_session
24	Can view session	6	view_session
25	Can add job	7	add_job
26	Can change job	7	change_job
27	Can delete job	7	delete_job
28	Can view job	7	view_job
29	Can add property	8	add_property
30	Can change property	8	change_property
31	Can delete property	8	delete_property
32	Can view property	8	view_property
33	Can add topic	9	add_topic
34	Can change topic	9	change_topic
35	Can delete topic	9	delete_topic
36	Can view topic	9	view_topic
37	Can add user profile	10	add_userprofile
38	Can change user profile	10	change_userprofile
39	Can delete user profile	10	delete_userprofile
40	Can view user profile	10	view_userprofile
41	Can add room	11	add_room
42	Can change room	11	change_room
43	Can delete room	11	delete_room
44	Can view room	11	view_room
45	Can add Job Image	12	add_jobimage
46	Can change Job Image	12	change_jobimage
47	Can delete Job Image	12	delete_jobimage
48	Can view Job Image	12	view_jobimage
49	Can add session	13	add_session
50	Can change session	13	change_session
51	Can delete session	13	delete_session
52	Can view session	13	view_session
53	Can add Preventive Maintenance	14	add_preventivemaintenance
54	Can change Preventive Maintenance	14	change_preventivemaintenance
55	Can delete Preventive Maintenance	14	delete_preventivemaintenance
56	Can view Preventive Maintenance	14	view_preventivemaintenance
57	Can add Machine	15	add_machine
58	Can change Machine	15	change_machine
59	Can delete Machine	15	delete_machine
60	Can view Machine	15	view_machine
61	Can add Maintenance Procedure	16	add_maintenanceprocedure
62	Can change Maintenance Procedure	16	change_maintenanceprocedure
\.


--
-- Data for Name: debug_toolbar_historyentry; Type: TABLE DATA; Schema: public; Owner: mylubd_user
--

COPY public.debug_toolbar_historyentry (request_id, data, created_at) FROM stdin;
\.


--
-- Data for Name: django_admin_log; Type: TABLE DATA; Schema: public; Owner: mylubd_user
--

COPY public.django_admin_log (id, action_time, object_id, object_repr, action_flag, change_message, content_type_id, user_id) FROM stdin;
103	2025-03-26 08:03:19.908+00	98	Talad Noi King - 505	1	[{"added": {}}]	11	1
1	2025-03-25 14:27:00.584+00	1	Lubd Backok Chainatown	1	[{"added": {}}]	8	1
2	2025-03-25 14:27:19.952+00	1	admin's Profile	2	[{"changed": {"fields": ["Properties"]}}]	10	1
3	2025-03-26 06:19:31.532+00	1	Lubd Bangkok Chainatown	2	[{"changed": {"fields": ["Name"]}}]	8	1
4	2025-03-26 06:19:47.016+00	1	Talad Noi King - 301	1	[{"added": {}}]	11	1
5	2025-03-26 06:20:05.667+00	1	admin's Profile	2	[{"changed": {"fields": ["Positions"]}}]	10	1
6	2025-03-26 06:20:31.147+00	1	Air-Conditions	1	[{"added": {}}]	9	1
7	2025-03-26 07:40:36.363+00	2	Talad Noi King - 302	1	[{"added": {}}]	11	1
8	2025-03-26 07:40:53.534+00	3	Talad Noi King - 303	1	[{"added": {}}]	11	1
9	2025-03-26 07:44:06.624+00	4	Siam Yot Loft - 321	1	[{"added": {}}]	11	1
10	2025-03-26 07:44:18.222+00	5	Siam Yot Loft - 421	1	[{"added": {}}]	11	1
11	2025-03-26 07:44:28.241+00	6	Siam Yot Loft - 521	1	[{"added": {}}]	11	1
12	2025-03-26 07:44:51.091+00	7	Chinatown Suite - 329	1	[{"added": {}}]	11	1
13	2025-03-26 07:45:00.972+00	8	Chinatown Suite - 429	1	[{"added": {}}]	11	1
14	2025-03-26 07:45:12.353+00	9	Chinatown Suite - 529	1	[{"added": {}}]	11	1
15	2025-03-26 07:45:23.991+00	10	Chinatown Suite - 629	1	[{"added": {}}]	11	1
16	2025-03-26 07:45:48.423+00	11	Yaowarat King - 308	1	[{"added": {}}]	11	1
17	2025-03-26 07:46:01.766+00	12	Yaowarat King - 309	1	[{"added": {}}]	11	1
18	2025-03-26 07:46:22.678+00	13	Yaowarat King - 408	1	[{"added": {}}]	11	1
19	2025-03-26 07:46:32.418+00	14	Chinatown Suite - 409	1	[{"added": {}}]	11	1
20	2025-03-26 07:46:48.122+00	15	Yaowarat King - 508	1	[{"added": {}}]	11	1
21	2025-03-26 07:46:57.446+00	16	Yaowarat King - 509	1	[{"added": {}}]	11	1
22	2025-03-26 07:47:10.524+00	17	Yaowarat King - 608	1	[{"added": {}}]	11	1
23	2025-03-26 07:47:21.883+00	18	Yaowarat King - 609	1	[{"added": {}}]	11	1
24	2025-03-26 07:47:51.471+00	19	Sampeng Lane Twin - 322	1	[{"added": {}}]	11	1
426	2025-09-15 07:27:02.785+00	3	Ollie	3		21	1
25	2025-03-26 07:47:59.417+00	20	Sampeng Lane Twin - 328	1	[{"added": {}}]	11	1
26	2025-03-26 07:48:08.675+00	21	Sampeng Lane Twin - 323	1	[{"added": {}}]	11	1
27	2025-03-26 07:48:18.103+00	22	Sampeng Lane Twin - 324	1	[{"added": {}}]	11	1
28	2025-03-26 07:48:27.038+00	23	Sampeng Lane Twin - 325	1	[{"added": {}}]	11	1
29	2025-03-26 07:48:36.784+00	24	Sampeng Lane Twin - 326	1	[{"added": {}}]	11	1
30	2025-03-26 07:48:45.074+00	25	Sampeng Lane Twin - 327	1	[{"added": {}}]	11	1
31	2025-03-26 07:49:00.723+00	26	Sampeng Lane Twin - 330	1	[{"added": {}}]	11	1
32	2025-03-26 07:49:09.997+00	27	Sampeng Lane Twin - 331	1	[{"added": {}}]	11	1
33	2025-03-26 07:49:18.403+00	28	Sampeng Lane Twin - 332	1	[{"added": {}}]	11	1
34	2025-03-26 07:49:26.976+00	29	Sampeng Lane Twin - 333	1	[{"added": {}}]	11	1
35	2025-03-26 07:49:42.892+00	30	Sampeng Lane Twin - 422	1	[{"added": {}}]	11	1
36	2025-03-26 07:49:51.783+00	31	Sampeng Lane Twin - 428	1	[{"added": {}}]	11	1
37	2025-03-26 07:50:01.102+00	32	Sampeng Lane Twin - 423	1	[{"added": {}}]	11	1
38	2025-03-26 07:50:08.412+00	33	Sampeng Lane Twin - 424	1	[{"added": {}}]	11	1
39	2025-03-26 07:50:17.5+00	34	Sampeng Lane Twin - 425	1	[{"added": {}}]	11	1
40	2025-03-26 07:50:26.643+00	35	Sampeng Lane Twin - 426	1	[{"added": {}}]	11	1
41	2025-03-26 07:50:35.412+00	36	Sampeng Lane Twin - 427	1	[{"added": {}}]	11	1
42	2025-03-26 07:51:12.32+00	37	Sampeng Lane Twin - 430	1	[{"added": {}}]	11	1
43	2025-03-26 07:51:21.959+00	38	Sampeng Lane Twin - 431	1	[{"added": {}}]	11	1
44	2025-03-26 07:51:29.823+00	39	Sampeng Lane Twin - 432	1	[{"added": {}}]	11	1
45	2025-03-26 07:51:36.798+00	40	Sampeng Lane Twin - 433	1	[{"added": {}}]	11	1
46	2025-03-26 07:52:15.011+00	41	Sampeng Lane Twin - 522	1	[{"added": {}}]	11	1
47	2025-03-26 07:52:23.135+00	42	Sampeng Lane Twin - 523	1	[{"added": {}}]	11	1
48	2025-03-26 07:52:31.259+00	43	Sampeng Lane Twin - 524	1	[{"added": {}}]	11	1
49	2025-03-26 07:52:40.979+00	44	Sampeng Lane Twin - 525	1	[{"added": {}}]	11	1
50	2025-03-26 07:52:50.182+00	45	Sampeng Lane Twin - 526	1	[{"added": {}}]	11	1
51	2025-03-26 07:52:59.511+00	46	Sampeng Lane Twin - 527	1	[{"added": {}}]	11	1
52	2025-03-26 07:53:10.642+00	47	Sampeng Lane Twin - 528	1	[{"added": {}}]	11	1
53	2025-03-26 07:53:26.506+00	48	Sampeng Lane Twin - 530	1	[{"added": {}}]	11	1
54	2025-03-26 07:53:34.898+00	49	Sampeng Lane Twin - 531	1	[{"added": {}}]	11	1
55	2025-03-26 07:53:42.997+00	50	Sampeng Lane Twin - 532	1	[{"added": {}}]	11	1
56	2025-03-26 07:53:50.266+00	51	Sampeng Lane Twin - 533	1	[{"added": {}}]	11	1
57	2025-03-26 07:54:10.692+00	52	Sampeng Lane Twin - 622	1	[{"added": {}}]	11	1
58	2025-03-26 07:54:18.487+00	53	Sampeng Lane Twin - 623	1	[{"added": {}}]	11	1
59	2025-03-26 07:54:26.411+00	54	Sampeng Lane Twin - 624	1	[{"added": {}}]	11	1
60	2025-03-26 07:54:34.185+00	55	Sampeng Lane Twin - 625	1	[{"added": {}}]	11	1
61	2025-03-26 07:54:42.796+00	56	Sampeng Lane Twin - 626	1	[{"added": {}}]	11	1
62	2025-03-26 07:54:51.314+00	57	Sampeng Lane Twin - 627	1	[{"added": {}}]	11	1
63	2025-03-26 07:55:01.393+00	58	Sampeng Lane Twin - 628	1	[{"added": {}}]	11	1
64	2025-03-26 07:55:20.026+00	59	Sampeng Lane Twin - 630	1	[{"added": {}}]	11	1
65	2025-03-26 07:55:28.776+00	60	Sampeng Lane Twin - 631	1	[{"added": {}}]	11	1
66	2025-03-26 07:55:37.039+00	61	Sampeng Lane Twin - 632	1	[{"added": {}}]	11	1
67	2025-03-26 07:55:46.657+00	62	Sampeng Lane Twin - 633	1	[{"added": {}}]	11	1
68	2025-03-26 07:56:28.151+00	63	Talad Noi King - 304	1	[{"added": {}}]	11	1
69	2025-03-26 07:56:39.192+00	64	Talad Noi King - 305	1	[{"added": {}}]	11	1
70	2025-03-26 07:56:50.319+00	65	Talad Noi King - 306	1	[{"added": {}}]	11	1
71	2025-03-26 07:57:00.587+00	66	Talad Noi King - 307	1	[{"added": {}}]	11	1
72	2025-03-26 07:57:12.542+00	67	Talad Noi King - 310	1	[{"added": {}}]	11	1
73	2025-03-26 07:57:22.864+00	68	Talad Noi King - 311	1	[{"added": {}}]	11	1
74	2025-03-26 07:57:35.387+00	69	Talad Noi King - 312	1	[{"added": {}}]	11	1
75	2025-03-26 07:57:45.42+00	70	Talad Noi King - 314	1	[{"added": {}}]	11	1
76	2025-03-26 07:57:55.169+00	71	Talad Noi King - 315	1	[{"added": {}}]	11	1
77	2025-03-26 07:58:11.011+00	72	Talad Noi King - 316	1	[{"added": {}}]	11	1
78	2025-03-26 07:58:20.602+00	73	Talad Noi King - 317	1	[{"added": {}}]	11	1
79	2025-03-26 07:58:34.933+00	74	Talad Noi King - 318	1	[{"added": {}}]	11	1
80	2025-03-26 07:58:43.345+00	75	Talad Noi King - 319	1	[{"added": {}}]	11	1
81	2025-03-26 07:58:53.124+00	76	Talad Noi King - 320	1	[{"added": {}}]	11	1
82	2025-03-26 07:59:04.117+00	77	Talad Noi King - 401	1	[{"added": {}}]	11	1
83	2025-03-26 07:59:13.316+00	78	Talad Noi King - 402	1	[{"added": {}}]	11	1
84	2025-03-26 07:59:23.009+00	79	Talad Noi King - 403	1	[{"added": {}}]	11	1
85	2025-03-26 07:59:41.441+00	80	Talad Noi King - 404	1	[{"added": {}}]	11	1
86	2025-03-26 07:59:50.041+00	81	Talad Noi King - 405	1	[{"added": {}}]	11	1
87	2025-03-26 07:59:59.922+00	82	Talad Noi King - 406	1	[{"added": {}}]	11	1
88	2025-03-26 08:00:09.795+00	83	Talad Noi King - 407	1	[{"added": {}}]	11	1
89	2025-03-26 08:00:36.001+00	84	Talad Noi King - 410	1	[{"added": {}}]	11	1
90	2025-03-26 08:00:59.724+00	85	Talad Noi King - 411	1	[{"added": {}}]	11	1
91	2025-03-26 08:01:15.951+00	86	Talad Noi King - 412	1	[{"added": {}}]	11	1
92	2025-03-26 08:01:27.626+00	87	Talad Noi King - 414	1	[{"added": {}}]	11	1
93	2025-03-26 08:01:35.856+00	88	Talad Noi King - 415	1	[{"added": {}}]	11	1
94	2025-03-26 08:01:43.396+00	89	Talad Noi King - 416	1	[{"added": {}}]	11	1
95	2025-03-26 08:01:50.65+00	90	Talad Noi King - 417	1	[{"added": {}}]	11	1
96	2025-03-26 08:01:58.112+00	91	Talad Noi King - 418	1	[{"added": {}}]	11	1
97	2025-03-26 08:02:07.841+00	92	Talad Noi King - 419	1	[{"added": {}}]	11	1
98	2025-03-26 08:02:15.989+00	93	Talad Noi King - 420	1	[{"added": {}}]	11	1
99	2025-03-26 08:02:43.692+00	94	Talad Noi King - 501	1	[{"added": {}}]	11	1
100	2025-03-26 08:02:53.015+00	95	Talad Noi King - 502	1	[{"added": {}}]	11	1
101	2025-03-26 08:03:01.416+00	96	Talad Noi King - 503	1	[{"added": {}}]	11	1
102	2025-03-26 08:03:11.816+00	97	Talad Noi King - 504	1	[{"added": {}}]	11	1
104	2025-03-26 08:03:28.904+00	99	Talad Noi King - 506	1	[{"added": {}}]	11	1
105	2025-03-26 08:03:38.6+00	100	Talad Noi King - 507	1	[{"added": {}}]	11	1
106	2025-03-26 08:04:00.774+00	101	Talad Noi King - 510	1	[{"added": {}}]	11	1
107	2025-03-26 08:04:17.341+00	102	Talad Noi King - 512	1	[{"added": {}}]	11	1
108	2025-03-26 08:04:24.411+00	103	Talad Noi King - 511	1	[{"added": {}}]	11	1
109	2025-03-26 08:04:32.48+00	104	Talad Noi King - 514	1	[{"added": {}}]	11	1
110	2025-03-26 08:04:39.38+00	105	Talad Noi King - 515	1	[{"added": {}}]	11	1
111	2025-03-26 08:04:47.846+00	106	Talad Noi King - 516	1	[{"added": {}}]	11	1
112	2025-03-26 08:04:55.133+00	107	Talad Noi King - 517	1	[{"added": {}}]	11	1
113	2025-03-26 08:05:02.631+00	108	Talad Noi King - 518	1	[{"added": {}}]	11	1
114	2025-03-26 08:05:10.484+00	109	Talad Noi King - 519	1	[{"added": {}}]	11	1
115	2025-03-26 08:05:18.263+00	110	Talad Noi King - 520	1	[{"added": {}}]	11	1
116	2025-03-26 08:05:33.507+00	111	Talad Noi King - 601	1	[{"added": {}}]	11	1
117	2025-03-26 08:05:41.893+00	112	Talad Noi King - 602	1	[{"added": {}}]	11	1
118	2025-03-26 08:05:49.481+00	113	Talad Noi King - 603	1	[{"added": {}}]	11	1
119	2025-03-26 08:05:57.31+00	114	Talad Noi King - 604	1	[{"added": {}}]	11	1
120	2025-03-26 08:06:04.899+00	115	Talad Noi King - 605	1	[{"added": {}}]	11	1
121	2025-03-26 08:06:12.37+00	116	Talad Noi King - 606	1	[{"added": {}}]	11	1
122	2025-03-26 08:06:24.722+00	117	Talad Noi King - 607	1	[{"added": {}}]	11	1
123	2025-03-26 08:06:59.697+00	118	Talad Noi King - 610	1	[{"added": {}}]	11	1
124	2025-03-26 08:07:13.56+00	119	Talad Noi King - 611	1	[{"added": {}}]	11	1
125	2025-03-26 08:07:22.988+00	120	Talad Noi King - 612	1	[{"added": {}}]	11	1
126	2025-03-26 08:07:35.245+00	121	Talad Noi King - 614	1	[{"added": {}}]	11	1
127	2025-03-26 08:07:44.52+00	122	Talad Noi King - 615	1	[{"added": {}}]	11	1
128	2025-03-26 08:07:57.586+00	123	Talad Noi King - 616	1	[{"added": {}}]	11	1
129	2025-03-26 08:08:19.584+00	124	Talad Noi King - 617	1	[{"added": {}}]	11	1
130	2025-03-26 08:08:30.272+00	125	Talad Noi King - 618	1	[{"added": {}}]	11	1
131	2025-03-26 08:08:38.751+00	126	Talad Noi King - 619	1	[{"added": {}}]	11	1
132	2025-03-26 08:08:50.675+00	127	Talad Noi King - 620	1	[{"added": {}}]	11	1
133	2025-03-26 08:09:03.26+00	128	Tribe Hideout - 210	1	[{"added": {}}]	11	1
134	2025-03-26 08:09:10.632+00	129	Tribe Hideout - 220	1	[{"added": {}}]	11	1
135	2025-03-26 08:09:20.62+00	130	Tribe Hideout - 230	1	[{"added": {}}]	11	1
136	2025-03-26 08:09:52.637+00	131	Talad Noi King - 240	1	[{"added": {}}]	11	1
137	2025-03-26 08:10:05.501+00	132	Tribe Hideout - 250	1	[{"added": {}}]	11	1
138	2025-03-26 08:10:15.463+00	133	Tribe Hideout - 260	1	[{"added": {}}]	11	1
139	2025-03-26 08:35:28.597+00	2	jinkjok's Profile	2	[{"changed": {"fields": ["Positions", "Properties"]}}]	10	1
140	2025-03-26 08:35:58.874+00	1	Lubd Bangkok Chainatown	2	[{"changed": {"fields": ["Users"]}}]	8	1
141	2025-03-26 09:02:51.294+00	2	Barth Room	1	[{"added": {}}]	9	1
142	2025-03-27 02:04:38.52+00	3	Wall and Repaint	1	[{"added": {}}]	9	1
143	2025-03-27 02:04:52.561+00	4	Door	1	[{"added": {}}]	9	1
144	2025-03-27 02:05:55.398+00	5	Ligthting	1	[{"added": {}}]	9	1
145	2025-03-27 02:06:34.939+00	6	Internet and TV	1	[{"added": {}}]	9	1
146	2025-03-27 02:06:54.558+00	7	Water and Hot water	1	[{"added": {}}]	9	1
147	2025-03-27 04:02:46.673+00	2	Lub d Bangkok Siam	1	[{"added": {}}]	8	1
148	2025-03-27 04:03:30.31+00	3	Ollie's Profile	2	[{"changed": {"fields": ["Positions", "Properties"]}}]	10	1
149	2025-03-27 04:03:44.631+00	2	jinkjok	2	[{"changed": {"fields": ["Staff status"]}}]	4	1
150	2025-03-27 04:03:53.85+00	3	Ollie	2	[{"changed": {"fields": ["Staff status"]}}]	4	1
151	2025-03-27 04:05:10.484+00	134	Tribe Hideout - 1301	1	[{"added": {}}]	11	1
152	2025-03-27 04:05:24.43+00	135	Tribe Hideout - 1302	1	[{"added": {}}]	11	1
153	2025-03-27 04:05:45.253+00	136	Tribe Hideout - 1304	1	[{"added": {}}]	11	1
154	2025-03-27 04:06:24.486+00	137	Tribe Hideout - 1303	1	[{"added": {}}]	11	1
155	2025-03-27 04:06:39.735+00	138	Tribe Hideout - 1305	1	[{"added": {}}]	11	1
156	2025-03-27 04:07:09.207+00	139	Tribe Hideout - 1306	1	[{"added": {}}]	11	1
157	2025-03-27 04:07:23.552+00	140	Tribe Hideout - 1307	1	[{"added": {}}]	11	1
158	2025-03-27 04:07:34.289+00	141	Tribe Hideout - 1308	1	[{"added": {}}]	11	1
159	2025-03-27 04:07:44.797+00	142	Tribe Hideout - 1309	1	[{"added": {}}]	11	1
160	2025-03-27 04:08:03.368+00	143	Tribe Hideout - 1310	1	[{"added": {}}]	11	1
161	2025-03-27 04:08:13.778+00	144	Tribe Hideout - 1311	1	[{"added": {}}]	11	1
162	2025-03-27 04:08:26.503+00	145	Tribe Hideout - 1312	1	[{"added": {}}]	11	1
163	2025-03-27 04:08:40.15+00	146	Tribe Hideout - 1313	1	[{"added": {}}]	11	1
164	2025-03-27 04:08:50.69+00	147	Tribe Hideout - 1314	1	[{"added": {}}]	11	1
165	2025-03-27 04:09:25.941+00	148	Siam Square Double - 1401	1	[{"added": {}}]	11	1
166	2025-03-27 04:09:37.745+00	149	Siam Square Double - 1404	1	[{"added": {}}]	11	1
167	2025-03-27 04:09:56.273+00	150	Siam Square Double - 1405	1	[{"added": {}}]	11	1
168	2025-03-27 04:10:18.299+00	151	Siam Square Double - 1406	1	[{"added": {}}]	11	1
169	2025-03-27 04:10:35.601+00	152	Siam Square Double - 1411	1	[{"added": {}}]	11	1
170	2025-03-27 04:11:08.684+00	153	Siam Square Twin - 1402	1	[{"added": {}}]	11	1
171	2025-03-27 04:11:29.173+00	154	Siam Square Twin - 1403	1	[{"added": {}}]	11	1
172	2025-03-27 04:11:51.357+00	155	Siam Square Twin - 1407	1	[{"added": {}}]	11	1
173	2025-03-27 04:12:01.821+00	156	Siam Square Twin - 1408	1	[{"added": {}}]	11	1
174	2025-03-27 04:12:13.951+00	157	Siam Square Twin - 1409	1	[{"added": {}}]	11	1
175	2025-03-27 04:12:31.736+00	158	Siam Square Twin - 1410	1	[{"added": {}}]	11	1
176	2025-03-27 04:12:54.839+00	159	Pratunam Deluxe - 1201	1	[{"added": {}}]	11	1
177	2025-03-27 04:13:03.809+00	160	Pratunam Deluxe - 1202	1	[{"added": {}}]	11	1
178	2025-03-27 04:13:13.456+00	161	Pratunam Deluxe - 1203	1	[{"added": {}}]	11	1
179	2025-03-27 04:13:23.237+00	162	Pratunam Deluxe - 1204	1	[{"added": {}}]	11	1
180	2025-03-27 04:13:33.424+00	163	Pratunam Deluxe - 1205	1	[{"added": {}}]	11	1
181	2025-03-27 04:14:03.957+00	164	Pratunam Deluxe - 1206	1	[{"added": {}}]	11	1
182	2025-03-27 04:14:17.432+00	165	Pratunam Deluxe - 1207	1	[{"added": {}}]	11	1
183	2025-03-27 04:14:47.221+00	166	Pratunam Deluxe - 1208	1	[{"added": {}}]	11	1
184	2025-03-27 04:14:58.177+00	167	Pratunam Deluxe - 1209	1	[{"added": {}}]	11	1
185	2025-03-27 04:15:07.717+00	168	Pratunam Deluxe - 1210	1	[{"added": {}}]	11	1
186	2025-03-27 04:15:18.599+00	169	Pratunam Deluxe - 1211	1	[{"added": {}}]	11	1
187	2025-03-27 04:15:35.067+00	170	Pratunam Deluxe - 1212	1	[{"added": {}}]	11	1
188	2025-03-27 04:16:39.972+00	171	Marasca SD - 1412	1	[{"added": {}}]	11	1
189	2025-03-27 06:10:22.759+00	4	Suriya's Profile	2	[{"changed": {"fields": ["Positions", "Properties"]}}]	10	1
190	2025-03-27 06:10:35.29+00	1	Lubd Bangkok Chainatown	2	[{"changed": {"fields": ["Users"]}}]	8	1
191	2025-03-27 09:50:34.564+00	5	admin_Siam's Profile	2	[{"changed": {"fields": ["Positions", "Properties"]}}]	10	1
192	2025-03-27 09:50:52.234+00	2	Lub d Bangkok Siam	2	[{"changed": {"fields": ["Users"]}}]	8	1
193	2025-04-03 05:17:03.802+00	2	Lub d Bangkok Siam	2	[{"changed": {"fields": ["Users"]}}]	8	1
194	2025-04-03 05:17:30.411+00	5	admin_Siam's Profile	2	[]	10	1
195	2025-04-04 02:45:18.061+00	172	Lobby Area - 1000	1	[{"added": {}}]	11	1
196	2025-04-04 02:46:22.308+00	173	Bath Room  Floor  1 st - 1100	1	[{"added": {}}]	11	1
197	2025-04-04 02:46:45.145+00	174	Bath Room  Floor  3st - 1200	1	[{"added": {}}]	11	1
198	2025-04-04 02:47:49.268+00	175	Kitchen Room - 1400	1	[{"added": {}}]	11	1
199	2025-04-04 10:20:20.966+00	6	Teerasuk's Profile	2	[{"changed": {"fields": ["Positions"]}}]	10	1
200	2025-04-04 10:26:48.205+00	2	Lub d Bangkok Siam	2	[{"changed": {"fields": ["Users"]}}]	8	1
201	2025-04-04 10:36:06.839+00	2	Lub d Bangkok Siam	2	[]	8	1
202	2025-04-04 11:34:34.524+00	2	Lub d Bangkok Siam	2	[{"changed": {"fields": ["Users"]}}]	8	1
203	2025-04-04 11:34:45.931+00	6	Teerasuk's Profile	2	[{"changed": {"fields": ["Properties"]}}]	10	1
204	2025-04-04 12:00:18.903+00	7	Patthana's Profile	2	[{"changed": {"fields": ["Positions", "Properties"]}}]	10	1
205	2025-04-04 12:00:31.339+00	1	Lubd Bangkok Chainatown	2	[{"changed": {"fields": ["Users"]}}]	8	1
206	2025-05-04 15:26:57.527+00	9	Job j254D8FA7 - Completed	2	[{"changed": {"fields": ["Is preventivemaintenance"]}}]	7	1
207	2025-05-04 15:27:05.445+00	7	Job j25E6D428 - Completed	2	[{"changed": {"fields": ["Is preventivemaintenance"]}}]	7	1
208	2025-05-06 02:32:22.554+00	1	PM pm2591E049 - j254D8FA7	1	[{"added": {}}]	14	1
209	2025-05-12 02:12:48.124+00	8	Water Leasks	1	[{"added": {}}]	9	1
210	2025-05-12 03:37:10.015+00	7	Water and Hot water	2	[{"changed": {"fields": ["Description"]}}]	9	1
211	2025-05-13 07:57:29.999+00	9	PM pm2530BA1B - test	3		14	1
212	2025-05-13 07:57:30.005+00	8	PM pm25B91EF7 - test	3		14	1
213	2025-05-13 07:57:30.008+00	7	PM pm25B66D3B - test	3		14	1
214	2025-05-13 07:57:30.011+00	6	PM pm25C4671E - test	3		14	1
215	2025-05-13 07:57:30.014+00	5	PM pm25C23181 - test	3		14	1
216	2025-05-13 07:57:30.017+00	4	PM pm25192465 - test	3		14	1
217	2025-05-13 07:57:30.02+00	3	PM pm25A64B1B - test	3		14	1
218	2025-05-13 07:57:30.022+00	2	PM pm2531F185 - test	3		14	1
219	2025-05-13 07:57:30.024+00	1	PM pm2591E049 - No title	3		14	1
220	2025-09-01 07:06:51.22+00	8	google-oauth2_110208545241072621955	2	[{"changed": {"fields": ["Staff status"]}}]	4	1
221	2025-09-01 07:07:00.354+00	1	Lubd Bangkok Chainatown	2	[{"changed": {"fields": ["Users"]}}]	8	1
222	2025-09-01 07:07:10.729+00	2	Lub d Bangkok Siam	2	[]	8	1
223	2025-09-01 07:52:31.068+00	1	Lubd Bangkok Chainatown	2	[{"changed": {"fields": ["Users"]}}]	8	1
224	2025-09-01 07:56:18.598+00	1	Lubd Bangkok Chainatown	2	[{"changed": {"fields": ["Users"]}}]	8	1
225	2025-09-01 08:07:02.228+00	18	Job j25FDF23F - Pending	3		7	1
226	2025-09-01 08:07:02.236+00	17	Job j258606CF - Completed	3		7	1
227	2025-09-01 08:07:02.24+00	16	Job j2507C2AA - Pending	3		7	1
228	2025-09-01 08:07:02.243+00	15	Job j251D7BFE - Completed	3		7	1
229	2025-09-01 08:07:02.247+00	14	Job j25F044B3 - Completed	3		7	1
230	2025-09-01 08:07:02.251+00	13	Job j25B85419 - Completed	3		7	1
231	2025-09-01 08:07:02.256+00	12	Job j250D7229 - Completed	3		7	1
232	2025-09-01 08:07:02.259+00	11	Job j254155B0 - Completed	3		7	1
233	2025-09-01 08:07:02.263+00	10	Job j25DE1D90 - Completed	3		7	1
234	2025-09-01 08:07:02.266+00	9	Job j254D8FA7 - Completed	3		7	1
235	2025-09-01 08:07:02.27+00	8	Job j257A5FA3 - Completed	3		7	1
236	2025-09-01 08:07:02.274+00	7	Job j25E6D428 - Completed	3		7	1
237	2025-09-01 08:07:02.277+00	5	Job j253DD4DC - Completed	3		7	1
238	2025-09-01 08:07:02.28+00	4	Job j2550E9B7 - Completed	3		7	1
239	2025-09-01 08:07:02.284+00	3	Job j25A442A7 - Completed	3		7	1
240	2025-09-01 08:07:02.288+00	2	Job j257A34DC - Completed	3		7	1
241	2025-09-01 08:07:02.291+00	1	Job j25A3C474 - Completed	3		7	1
242	2025-09-01 09:11:19.911+00	19	Job j252BFF3C - Completed	3		7	1
243	2025-09-01 09:12:28.827+00	11	google-oauth2_108191488042158054811	2	[{"changed": {"fields": ["Staff status"]}}]	4	1
244	2025-09-01 09:12:45.543+00	9	google-oauth2_108556798872465024318	2	[{"changed": {"fields": ["Staff status"]}}]	4	1
245	2025-09-01 09:12:59.326+00	10	google-oauth2_106049868205350075477	2	[{"changed": {"fields": ["Staff status"]}}]	4	1
246	2025-09-01 09:17:25.537+00	1	Lift No1 (M2544AF9284)	1	[{"added": {}}]	15	1
247	2025-09-01 09:17:53.407+00	2	Lift No2 (M2532F43D01)	1	[{"added": {}}]	15	1
248	2025-09-01 09:18:50.49+00	1	Air-Conditions(ระบบทำความเย็น)	2	[{"changed": {"fields": ["Subject"]}}]	9	1
249	2025-09-01 09:19:20.939+00	2	Barth Room(ห้องน้ำ)	2	[{"changed": {"fields": ["Subject"]}}]	9	1
250	2025-09-01 09:19:46.257+00	4	Door( ประตู)	2	[{"changed": {"fields": ["Subject"]}}]	9	1
251	2025-09-01 09:20:35.131+00	6	Internet and TV(ระบบอินเตอร์เน็ต,ระบบทีวี)	2	[{"changed": {"fields": ["Subject"]}}]	9	1
252	2025-09-01 09:20:59.284+00	5	Ligthting(ระบบแสงสว่าง)	2	[{"changed": {"fields": ["Subject"]}}]	9	1
253	2025-09-01 09:21:49.987+00	3	Wall and Repaint (ฝ้าเพดาน,ผนัง,งานสี)	2	[{"changed": {"fields": ["Subject"]}}]	9	1
254	2025-09-01 09:22:18.198+00	8	Water Leasks (น้ำรั่ว)	2	[{"changed": {"fields": ["Subject"]}}]	9	1
255	2025-09-01 09:22:51.954+00	7	Water and Hot water (น้ำร้อน,น้ำเย็น)	2	[{"changed": {"fields": ["Subject"]}}]	9	1
256	2025-09-01 09:23:59.98+00	2	Barth Room(ห้องน้ำ,ซักโครก,ที่กดสบู่)	2	[{"changed": {"fields": ["Subject"]}}]	9	1
257	2025-09-01 09:24:53.474+00	9	Ligthting	3		9	1
258	2025-09-02 02:54:23.538+00	111	Job j251D0695 - Completed	2	[{"changed": {"fields": ["Created at", "Updated at", "Completed at"]}}]	7	1
259	2025-09-02 02:55:29.656+00	109	Job j259D69D0 - Completed	2	[{"changed": {"fields": ["Completed at"]}}]	7	1
260	2025-09-02 02:56:23.721+00	112	Job j25A5ACEF - Completed	2	[{"changed": {"fields": ["Created at", "Updated at", "Completed at"]}}]	7	1
261	2025-09-02 02:57:03.481+00	114	Job j25CE5ADF - Completed	2	[{"changed": {"fields": ["Created at", "Updated at", "Completed at"]}}]	7	1
262	2025-09-02 02:57:34.11+00	108	Job j25522DBF - Completed	2	[{"changed": {"fields": ["Created at", "Updated at", "Completed at"]}}]	7	1
263	2025-09-02 02:58:05.876+00	106	Job j2519E095 - Completed	2	[{"changed": {"fields": ["Created at", "Updated at", "Completed at"]}}]	7	1
264	2025-09-02 02:59:01.071+00	104	Job j25F9EA18 - Completed	2	[{"changed": {"fields": ["Created at", "Updated at", "Completed at"]}}]	7	1
265	2025-09-02 02:59:40.311+00	103	Job j25EA98EC - Completed	2	[{"changed": {"fields": ["Created at", "Updated at", "Completed at"]}}]	7	1
266	2025-09-02 03:00:33.667+00	102	Job j25D7E005 - Completed	2	[{"changed": {"fields": ["Created at", "Updated at", "Completed at"]}}]	7	1
267	2025-09-02 03:01:03.926+00	100	Job j25D58BB0 - Completed	2	[{"changed": {"fields": ["Created at", "Updated at", "Completed at"]}}]	7	1
268	2025-09-02 03:02:21.116+00	99	Job j256BFA7E - Completed	2	[{"changed": {"fields": ["Created at", "Updated at", "Completed at"]}}]	7	1
269	2025-09-02 03:02:49.901+00	98	Job j25B03F89 - Completed	2	[{"changed": {"fields": ["Created at", "Updated at", "Completed at"]}}]	7	1
270	2025-09-02 03:03:19.466+00	97	Job j2509980D - Completed	2	[{"changed": {"fields": ["Created at", "Updated at", "Completed at"]}}]	7	1
271	2025-09-02 03:04:32.303+00	96	Job j25601007 - Completed	2	[{"changed": {"fields": ["Created at", "Updated at", "Completed at"]}}]	7	1
272	2025-09-02 03:05:12.716+00	95	Job j2529F6BF - Completed	2	[{"changed": {"fields": ["Created at", "Updated at", "Completed at"]}}]	7	1
273	2025-09-02 03:05:39.68+00	94	Job j2573C3CD - Completed	2	[{"changed": {"fields": ["Created at", "Updated at", "Completed at"]}}]	7	1
274	2025-09-02 03:06:29.973+00	93	Job j25912339 - Completed	2	[{"changed": {"fields": ["Created at", "Updated at", "Completed at"]}}]	7	1
275	2025-09-02 03:07:12.754+00	92	Job j257A7DCB - Completed	2	[{"changed": {"fields": ["Created at", "Updated at", "Completed at"]}}]	7	1
276	2025-09-02 03:08:07.112+00	91	Job j256C7774 - Completed	2	[{"changed": {"fields": ["Created at", "Updated at", "Completed at"]}}]	7	1
277	2025-09-02 03:08:31.151+00	89	Job j25FF1A88 - Completed	2	[{"changed": {"fields": ["Created at", "Updated at", "Completed at"]}}]	7	1
278	2025-09-02 03:08:59.242+00	88	Job j25302C11 - Completed	2	[{"changed": {"fields": ["Created at", "Updated at", "Completed at"]}}]	7	1
279	2025-09-02 03:09:45.943+00	88	Job j25302C11 - Completed	2	[{"changed": {"fields": ["Created at", "Updated at", "Completed at"]}}]	7	1
280	2025-09-02 03:10:13.734+00	86	Job j25571ACA - Completed	2	[{"changed": {"fields": ["Created at", "Updated at", "Completed at"]}}]	7	1
281	2025-09-02 03:10:42.389+00	85	Job j254E879F - Completed	2	[{"changed": {"fields": ["Created at", "Updated at", "Completed at"]}}]	7	1
282	2025-09-02 03:11:26.397+00	84	Job j253D5B0B - Completed	2	[{"changed": {"fields": ["Created at", "Updated at", "Completed at"]}}]	7	1
283	2025-09-02 03:11:52.233+00	83	Job j25B95E68 - Completed	2	[{"changed": {"fields": ["Created at", "Updated at", "Completed at"]}}]	7	1
284	2025-09-02 03:12:50.016+00	82	Job j258554DC - Completed	2	[{"changed": {"fields": ["Created at", "Updated at", "Completed at"]}}]	7	1
285	2025-09-02 03:13:14.541+00	81	Job j252E14BE - Completed	2	[{"changed": {"fields": ["Created at", "Updated at", "Completed at"]}}]	7	1
286	2025-09-02 03:14:01.609+00	80	Job j25C0F834 - Completed	2	[{"changed": {"fields": ["Created at", "Updated at", "Completed at"]}}]	7	1
287	2025-09-02 03:14:47.548+00	78	Job j25A95E2F - Completed	2	[{"changed": {"fields": ["Created at", "Updated at", "Completed at"]}}]	7	1
288	2025-09-02 03:15:28.667+00	77	Job j25FB4AA1 - Completed	2	[{"changed": {"fields": ["Created at", "Updated at", "Completed at"]}}]	7	1
289	2025-09-02 03:15:54.007+00	76	Job j25090360 - Completed	2	[{"changed": {"fields": ["Created at", "Updated at", "Completed at"]}}]	7	1
290	2025-09-02 03:16:36.768+00	75	Job j255AA6CE - Completed	2	[{"changed": {"fields": ["Created at", "Updated at", "Completed at"]}}]	7	1
291	2025-09-02 03:17:10.231+00	74	Job j259B80FB - Completed	2	[{"changed": {"fields": ["Created at", "Updated at", "Completed at"]}}]	7	1
292	2025-09-02 03:17:38.585+00	73	Job j25A64F23 - Completed	2	[{"changed": {"fields": ["Created at", "Updated at", "Completed at"]}}]	7	1
293	2025-09-02 03:18:07.371+00	72	Job j255144EB - Completed	2	[{"changed": {"fields": ["Created at", "Updated at", "Completed at"]}}]	7	1
294	2025-09-02 03:18:35.847+00	71	Job j2576CF5C - Completed	2	[{"changed": {"fields": ["Created at", "Updated at", "Completed at"]}}]	7	1
295	2025-09-02 03:19:07.086+00	58	Job j25BDB6EF - Completed	2	[{"changed": {"fields": ["Created at", "Updated at", "Completed at"]}}]	7	1
296	2025-09-02 03:19:35.97+00	57	Job j25077BD4 - Completed	2	[{"changed": {"fields": ["Created at", "Updated at", "Completed at"]}}]	7	1
297	2025-09-02 03:24:10.431+00	56	Job j25207A22 - Completed	2	[{"changed": {"fields": ["Created at", "Updated at", "Completed at"]}}]	7	1
298	2025-09-02 03:24:42.834+00	54	Job j2546DB23 - Completed	2	[{"changed": {"fields": ["Created at", "Updated at", "Completed at"]}}]	7	1
299	2025-09-02 03:25:21.147+00	53	Job j25ABAB45 - Completed	2	[{"changed": {"fields": ["Created at", "Updated at", "Completed at"]}}]	7	1
300	2025-09-02 03:25:51.792+00	52	Job j25B559A0 - Completed	2	[{"changed": {"fields": ["Created at", "Updated at", "Completed at"]}}]	7	1
301	2025-09-02 03:26:34.741+00	51	Job j25A9D7EC - Completed	2	[{"changed": {"fields": ["Created at", "Updated at", "Completed at"]}}]	7	1
302	2025-09-02 03:27:08.996+00	50	Job j252EE219 - Completed	2	[{"changed": {"fields": ["Created at", "Updated at", "Completed at"]}}]	7	1
303	2025-09-02 03:27:43.473+00	49	Job j250790F6 - Completed	2	[{"changed": {"fields": ["Created at", "Updated at", "Completed at"]}}]	7	1
304	2025-09-02 03:28:11.233+00	48	Job j25BC4A43 - Completed	2	[{"changed": {"fields": ["Created at", "Updated at", "Completed at"]}}]	7	1
305	2025-09-02 03:28:32.997+00	47	Job j25525166 - Completed	2	[{"changed": {"fields": ["Created at", "Updated at", "Completed at"]}}]	7	1
306	2025-09-02 03:29:00.51+00	46	Job j251F6B96 - Completed	2	[{"changed": {"fields": ["Created at", "Updated at", "Completed at"]}}]	7	1
307	2025-09-02 03:29:42.649+00	44	Job j2527DBFA - Completed	2	[{"changed": {"fields": ["Created at", "Updated at", "Completed at"]}}]	7	1
308	2025-09-02 03:30:15.653+00	43	Job j25A256C1 - Completed	2	[{"changed": {"fields": ["Created at", "Updated at", "Completed at"]}}]	7	1
309	2025-09-02 03:30:40.917+00	42	Job j25B35454 - Completed	2	[{"changed": {"fields": ["Created at", "Updated at", "Completed at"]}}]	7	1
310	2025-09-02 03:31:07.367+00	40	Job j25B80385 - Completed	2	[{"changed": {"fields": ["Created at", "Updated at", "Completed at"]}}]	7	1
311	2025-09-02 03:31:40.342+00	39	Job j25E09123 - Completed	2	[{"changed": {"fields": ["Created at", "Updated at", "Completed at"]}}]	7	1
312	2025-09-02 03:32:06.073+00	38	Job j25B01F52 - Completed	2	[{"changed": {"fields": ["Created at", "Updated at", "Completed at"]}}]	7	1
313	2025-09-02 03:33:02.035+00	37	Job j258DFDCC - Completed	2	[{"changed": {"fields": ["Created at", "Updated at", "Completed at"]}}]	7	1
314	2025-09-02 03:33:36.534+00	36	Job j25A4D1DF - Completed	2	[{"changed": {"fields": ["Created at", "Updated at", "Completed at"]}}]	7	1
315	2025-09-02 03:34:06.307+00	34	Job j25C891F1 - Completed	2	[{"changed": {"fields": ["Created at", "Updated at", "Completed at"]}}]	7	1
316	2025-09-02 03:34:39.222+00	32	Job j2517535C - Completed	2	[{"changed": {"fields": ["Created at", "Updated at", "Completed at"]}}]	7	1
317	2025-09-02 03:35:28.996+00	30	Job j25B5AF56 - Completed	2	[{"changed": {"fields": ["Created at", "Updated at", "Completed at"]}}]	7	1
318	2025-09-02 04:23:52.938+00	11	google-oauth2_108191488042158054811	2	[{"changed": {"fields": ["First name", "Last name"]}}]	4	1
319	2025-09-02 04:29:02.308+00	176	Washing machine no. 1 - 1001	1	[{"added": {}}]	11	1
320	2025-09-02 04:29:41.343+00	177	Washing machine no. 2 - 1002	1	[{"added": {}}]	11	1
321	2025-09-02 04:31:16.914+00	178	Dryer Machine No .1 - 1003	1	[{"added": {}}]	11	1
322	2025-09-02 04:31:33.927+00	179	Dryer Machine No .2 - 1004	1	[{"added": {}}]	11	1
323	2025-09-02 04:33:19.111+00	9	google-oauth2_108556798872465024318	2	[{"changed": {"fields": ["First name", "Last name"]}}]	4	1
324	2025-09-02 04:35:17.904+00	10	google-oauth2_106049868205350075477	2	[{"changed": {"fields": ["First name", "Last name"]}}]	4	1
325	2025-09-02 04:36:10.29+00	10	google-oauth2_106049868205350075477	2	[{"changed": {"fields": ["First name"]}}]	4	1
326	2025-09-02 04:39:21.66+00	139	Job j25CCFB37 - Completed	2	[{"changed": {"fields": ["Created at", "Updated at", "Completed at"]}}]	7	1
327	2025-09-02 04:40:17.009+00	59	Job j252990AD - Completed	2	[{"changed": {"fields": ["Created at", "Updated at", "Completed at"]}}]	7	1
328	2025-09-02 04:40:52.375+00	60	Job j25015F79 - Completed	2	[{"changed": {"fields": ["Created at", "Updated at", "Completed at"]}}]	7	1
329	2025-09-02 04:41:17.304+00	61	Job j25022400 - Completed	2	[{"changed": {"fields": ["Created at", "Updated at", "Completed at"]}}]	7	1
330	2025-09-02 04:41:56.487+00	62	Job j25D51F99 - Completed	2	[{"changed": {"fields": ["Created at", "Updated at", "Completed at"]}}]	7	1
331	2025-09-02 04:42:25.472+00	63	Job j25A2C3FA - Completed	2	[{"changed": {"fields": ["Created at", "Updated at", "Completed at"]}}]	7	1
332	2025-09-02 04:42:49.966+00	64	Job j25B0381C - Completed	2	[{"changed": {"fields": ["Created at", "Updated at", "Completed at"]}}]	7	1
333	2025-09-02 04:43:25.009+00	65	Job j259C1E9B - Completed	2	[{"changed": {"fields": ["Created at", "Updated at", "Completed at"]}}]	7	1
334	2025-09-02 04:43:55.004+00	66	Job j25AE9270 - Completed	2	[{"changed": {"fields": ["Created at", "Updated at", "Completed at"]}}]	7	1
335	2025-09-02 04:44:23.988+00	67	Job j2556C061 - Completed	2	[{"changed": {"fields": ["Created at", "Updated at", "Completed at"]}}]	7	1
336	2025-09-02 04:44:50.457+00	68	Job j257F92F9 - Completed	2	[{"changed": {"fields": ["Created at", "Updated at", "Completed at"]}}]	7	1
337	2025-09-02 04:45:36.469+00	69	Job j2588875B - Completed	2	[{"changed": {"fields": ["Created at", "Updated at", "Completed at"]}}]	7	1
338	2025-09-02 04:46:02.901+00	70	Job j25C1AFCA - Completed	2	[{"changed": {"fields": ["Created at", "Updated at", "Completed at"]}}]	7	1
339	2025-09-02 04:46:28.347+00	105	Job j251615F7 - Completed	2	[{"changed": {"fields": ["Created at", "Updated at", "Completed at"]}}]	7	1
340	2025-09-02 04:46:54.587+00	101	Job j257E26E6 - In Progress	2	[{"changed": {"fields": ["Created at", "Updated at"]}}]	7	1
341	2025-09-02 04:47:39.82+00	107	Job j2593ECD2 - Completed	2	[{"changed": {"fields": ["Completed at"]}}]	7	1
342	2025-09-02 04:48:17.164+00	110	Job j251194A5 - Completed	2	[{"changed": {"fields": ["Created at", "Updated at", "Completed at"]}}]	7	1
343	2025-09-02 04:48:57.39+00	107	Job j2593ECD2 - Completed	2	[{"changed": {"fields": ["Created at", "Updated at", "Completed at"]}}]	7	1
344	2025-09-02 04:49:27.805+00	113	Job j25E1BDFF - Completed	2	[{"changed": {"fields": ["Created at", "Updated at", "Completed at"]}}]	7	1
345	2025-09-02 04:49:57.463+00	138	Job j25B73F5C - Completed	2	[{"changed": {"fields": ["Created at", "Updated at", "Completed at"]}}]	7	1
346	2025-09-02 04:53:02.005+00	20	Job j25F56B1F - Completed	2	[{"changed": {"fields": ["Created at", "Updated at", "Completed at"]}}]	7	1
347	2025-09-02 04:53:22.295+00	21	Job j2588AEEC - Completed	2	[{"changed": {"fields": ["Created at", "Updated at", "Completed at"]}}]	7	1
348	2025-09-02 04:53:46.08+00	22	Job j257E8DD5 - Completed	2	[{"changed": {"fields": ["Created at", "Updated at", "Completed at"]}}]	7	1
349	2025-09-02 04:54:08.149+00	23	Job j2593BD8A - Completed	2	[{"changed": {"fields": ["Created at", "Updated at", "Completed at"]}}]	7	1
350	2025-09-02 04:54:33.727+00	24	Job j25499A64 - Completed	2	[{"changed": {"fields": ["Created at", "Updated at", "Completed at"]}}]	7	1
351	2025-09-02 04:55:07.527+00	25	Job j2585613C - Completed	2	[{"changed": {"fields": ["Created at", "Updated at", "Completed at"]}}]	7	1
352	2025-09-02 04:55:34.064+00	26	Job j25F36A6C - Completed	2	[{"changed": {"fields": ["Created at", "Updated at", "Completed at"]}}]	7	1
353	2025-09-02 04:56:00.609+00	27	Job j2528F021 - Completed	2	[{"changed": {"fields": ["Created at", "Updated at", "Completed at"]}}]	7	1
354	2025-09-02 04:56:36.682+00	28	Job j2589644E - Completed	2	[{"changed": {"fields": ["Created at", "Updated at", "Completed at"]}}]	7	1
355	2025-09-02 04:57:08.628+00	29	Job j25FAD236 - Completed	2	[{"changed": {"fields": ["Created at", "Updated at", "Completed at"]}}]	7	1
356	2025-09-02 04:57:31.355+00	31	Job j25ADF862 - Completed	2	[{"changed": {"fields": ["Created at", "Updated at", "Completed at"]}}]	7	1
357	2025-09-02 04:57:56.728+00	33	Job j257D86FD - Completed	2	[{"changed": {"fields": ["Created at", "Updated at", "Completed at"]}}]	7	1
358	2025-09-02 04:58:26.718+00	137	Job j252F4BAD - Completed	2	[{"changed": {"fields": ["Created at", "Updated at", "Completed at"]}}]	7	1
359	2025-09-02 04:58:45.609+00	136	Job j255276B5 - Completed	2	[{"changed": {"fields": ["Created at", "Updated at", "Completed at"]}}]	7	1
360	2025-09-02 04:59:02.627+00	135	Job j252B6804 - Completed	2	[{"changed": {"fields": ["Created at", "Updated at", "Completed at"]}}]	7	1
361	2025-09-02 04:59:21.884+00	134	Job j25BE3E81 - Completed	2	[{"changed": {"fields": ["Created at", "Updated at", "Completed at"]}}]	7	1
362	2025-09-02 04:59:40.115+00	133	Job j2507A142 - Completed	2	[{"changed": {"fields": ["Created at", "Updated at", "Completed at"]}}]	7	1
363	2025-09-02 05:00:02.206+00	132	Job j254A5DC0 - Completed	2	[{"changed": {"fields": ["Created at", "Updated at", "Completed at"]}}]	7	1
364	2025-09-02 05:00:29.392+00	131	Job j259545CB - Completed	2	[{"changed": {"fields": ["Created at", "Updated at", "Completed at"]}}]	7	1
365	2025-09-02 05:00:51.017+00	130	Job j25E9A4FE - Completed	2	[{"changed": {"fields": ["Created at", "Updated at", "Completed at"]}}]	7	1
366	2025-09-02 05:01:22.131+00	129	Job j25099CBF - Completed	2	[{"changed": {"fields": ["Created at", "Updated at", "Completed at"]}}]	7	1
367	2025-09-02 05:01:46.477+00	128	Job j251BB9FA - Completed	2	[{"changed": {"fields": ["Created at", "Updated at", "Completed at"]}}]	7	1
368	2025-09-02 05:02:09.562+00	127	Job j25FDFAAA - Completed	2	[{"changed": {"fields": ["Created at", "Updated at", "Completed at"]}}]	7	1
369	2025-09-02 05:02:30.222+00	126	Job j2556F4A6 - Completed	2	[{"changed": {"fields": ["Created at", "Updated at", "Completed at"]}}]	7	1
370	2025-09-02 05:02:48.93+00	125	Job j25595A91 - Completed	2	[{"changed": {"fields": ["Created at", "Updated at", "Completed at"]}}]	7	1
371	2025-09-02 05:03:05.863+00	124	Job j25BCA2D5 - Completed	2	[{"changed": {"fields": ["Created at", "Updated at", "Completed at"]}}]	7	1
372	2025-09-02 05:03:24.136+00	123	Job j25E8397F - Completed	2	[{"changed": {"fields": ["Created at", "Updated at", "Completed at"]}}]	7	1
373	2025-09-02 05:03:39.439+00	122	Job j25AEA32C - Completed	2	[{"changed": {"fields": ["Created at", "Updated at", "Completed at"]}}]	7	1
374	2025-09-02 05:03:57.564+00	121	Job j251398F0 - Completed	2	[{"changed": {"fields": ["Created at", "Updated at", "Completed at"]}}]	7	1
375	2025-09-02 05:04:39.892+00	120	Job j2522814C - Completed	2	[{"changed": {"fields": ["Created at", "Completed at"]}}]	7	1
376	2025-09-02 05:05:06.39+00	119	Job j252B1F3F - Completed	2	[{"changed": {"fields": ["Created at", "Updated at", "Completed at"]}}]	7	1
377	2025-09-02 05:05:31.789+00	118	Job j2590C78D - Completed	2	[{"changed": {"fields": ["Created at", "Updated at", "Completed at"]}}]	7	1
378	2025-09-02 05:05:47.16+00	117	Job j2525623D - Completed	2	[{"changed": {"fields": ["Created at", "Updated at", "Completed at"]}}]	7	1
379	2025-09-02 05:06:07.658+00	116	Job j250F74A8 - Completed	2	[{"changed": {"fields": ["Created at", "Updated at", "Completed at"]}}]	7	1
380	2025-09-02 05:06:29.137+00	115	Job j2542BD83 - Completed	2	[{"changed": {"fields": ["Created at", "Updated at", "Completed at"]}}]	7	1
381	2025-09-02 05:06:52.821+00	90	Job j25AA5A53 - Completed	2	[{"changed": {"fields": ["Created at", "Updated at", "Completed at"]}}]	7	1
382	2025-09-02 05:07:09.145+00	87	Job j25F012AD - Completed	2	[{"changed": {"fields": ["Created at", "Updated at", "Completed at"]}}]	7	1
383	2025-09-02 05:07:30.384+00	79	Job j257839C7 - Completed	2	[{"changed": {"fields": ["Created at", "Updated at", "Completed at"]}}]	7	1
384	2025-09-02 05:07:45.563+00	45	Job j251B1E30 - Completed	2	[{"changed": {"fields": ["Created at", "Updated at", "Completed at"]}}]	7	1
385	2025-09-02 05:08:06.802+00	41	Job j25A19272 - Completed	2	[{"changed": {"fields": ["Created at", "Updated at", "Completed at"]}}]	7	1
386	2025-09-02 05:08:31.673+00	35	Job j25D54822 - Completed	2	[{"changed": {"fields": ["Created at", "Updated at", "Completed at"]}}]	7	1
387	2025-09-02 05:10:10.994+00	55	Job j254CF5AF - Completed	2	[{"changed": {"fields": ["Created at", "Updated at", "Completed at"]}}]	7	1
388	2025-09-02 05:10:42.523+00	109	Job j259D69D0 - Completed	2	[{"changed": {"fields": ["Created at", "Updated at", "Completed at"]}}]	7	1
389	2025-09-02 05:20:23.535+00	9	Orther (อาการอื่นๆ)	1	[{"added": {}}]	9	1
390	2025-09-02 05:25:51.978+00	8	google-oauth2_110208545241072621955	2	[{"changed": {"fields": ["First name", "Last name"]}}]	4	1
391	2025-09-02 05:26:20.363+00	142	Job j2516383D - Completed	2	[{"changed": {"fields": ["Created at", "Updated at", "Completed at"]}}]	7	1
392	2025-09-02 05:26:35.519+00	140	Job j25B36937 - Pending	2	[{"changed": {"fields": ["Created at", "Updated at"]}}]	7	1
393	2025-09-02 05:26:55.613+00	141	Job j25780D72 - Completed	2	[{"changed": {"fields": ["Created at", "Updated at", "Completed at"]}}]	7	1
394	2025-09-02 06:33:28.2+00	179	Dryer Machine No .2 - 1004	2	[{"changed": {"fields": ["Properties"]}}]	11	1
395	2025-09-02 06:34:30.043+00	10	Furniture	1	[{"added": {}}]	9	1
396	2025-09-02 09:13:28.046+00	10	Furniture ( เฟอร์นิเจอร์)	2	[{"changed": {"fields": ["Subject"]}}]	9	1
397	2025-09-03 04:49:05.291+00	180	Talad noie king - 621	1	[{"added": {}}]	11	1
398	2025-09-03 04:50:00.828+00	180	Siam Yot Loft - 621	2	[{"changed": {"fields": ["Room type"]}}]	11	1
399	2025-09-03 04:52:43.406+00	160	Job j25447C9C - Completed	2	[{"changed": {"fields": ["Created at", "Updated at", "Completed at"]}}]	7	1
400	2025-09-03 04:53:39.153+00	159	Job j25C12B4A - Completed	2	[{"changed": {"fields": ["Created at", "Updated at", "Completed at"]}}]	7	1
401	2025-09-03 04:54:20.275+00	158	Job j25ED972B - Completed	2	[{"changed": {"fields": ["Created at", "Updated at", "Completed at"]}}]	7	1
402	2025-09-03 04:55:03.786+00	161	Job j257E3655 - Completed	2	[{"changed": {"fields": ["Created at", "Updated at", "Completed at"]}}]	7	1
403	2025-09-03 04:56:08.982+00	157	Job j25803A51 - Completed	2	[{"changed": {"fields": ["Created at", "Updated at", "Completed at"]}}]	7	1
404	2025-09-03 04:57:23.247+00	156	Job j25E1BC8E - Completed	2	[{"changed": {"fields": ["Created at", "Updated at", "Completed at"]}}]	7	1
405	2025-09-03 04:58:20.975+00	155	Job j254597A9 - Completed	2	[{"changed": {"fields": ["Created at", "Updated at", "Completed at"]}}]	7	1
406	2025-09-03 04:59:15.332+00	154	Job j25E3D45C - Completed	2	[{"changed": {"fields": ["Created at", "Updated at", "Completed at"]}}]	7	1
407	2025-09-03 05:00:03.999+00	153	Job j25773783 - Completed	2	[{"changed": {"fields": ["Created at", "Updated at", "Completed at"]}}]	7	1
408	2025-09-03 05:00:57.83+00	152	Job j256ECF75 - Completed	2	[{"changed": {"fields": ["Created at", "Updated at", "Completed at"]}}]	7	1
409	2025-09-03 05:03:41.522+00	151	Job j25C07BE5 - Completed	2	[{"changed": {"fields": ["Created at", "Updated at", "Completed at"]}}]	7	1
410	2025-09-03 05:05:10.638+00	150	Job j25266CD3 - Completed	2	[{"changed": {"fields": ["Created at", "Updated at", "Completed at"]}}]	7	1
411	2025-09-04 09:49:26.947+00	181	orther - 900	1	[{"added": {}}]	11	1
412	2025-09-04 09:49:56.556+00	181	Orther - 900	2	[{"changed": {"fields": ["Room type"]}}]	11	1
413	2025-09-08 02:48:14.934+00	1	Lubd Bangkok Chainatown	2	[{"changed": {"fields": ["Users"]}}]	8	1
414	2025-09-08 09:08:28.921+00	12	google-oauth2_105427576097642813504	2	[{"changed": {"fields": ["First name", "Last name", "Staff status"]}}]	4	1
415	2025-09-15 07:21:48.309+00	11	google-oauth2_108191488042158054811	2	[{"changed": {"fields": ["Email address"]}}]	21	1
416	2025-09-15 07:22:12.642+00	10	google-oauth2_106049868205350075477	2	[{"changed": {"fields": ["Email address"]}}]	21	1
417	2025-09-15 07:22:38.12+00	9	google-oauth2_108556798872465024318	2	[{"changed": {"fields": ["Email address"]}}]	21	1
418	2025-09-15 07:23:23.385+00	12	google-oauth2_105427576097642813504	2	[{"changed": {"fields": ["Email address"]}}]	21	1
419	2025-09-15 07:23:34.801+00	8	google-oauth2_110208545241072621955	2	[{"changed": {"fields": ["Email address"]}}]	21	1
420	2025-09-15 07:24:27.986+00	55	google-oauth2_105427576097642813504's Profile	2	[{"changed": {"fields": ["Positions", "Properties"]}}]	10	1
421	2025-09-15 07:24:51.99+00	53	google-oauth2_106049868205350075477's Profile	2	[{"changed": {"fields": ["Properties"]}}]	10	1
422	2025-09-15 07:25:10.979+00	56	google-oauth2_110208545241072621955's Profile	2	[{"changed": {"fields": ["Properties"]}}]	10	1
423	2025-09-15 07:25:17.826+00	54	google-oauth2_108556798872465024318's Profile	2	[{"changed": {"fields": ["Properties"]}}]	10	1
424	2025-09-15 07:25:45.146+00	52	google-oauth2_108191488042158054811's Profile	2	[{"changed": {"fields": ["Properties"]}}]	10	1
425	2025-09-15 07:26:29.123+00	51	jinkjok's Profile	3		10	1
427	2025-09-15 07:27:02.792+00	7	Patthana	3		21	1
428	2025-09-15 07:27:02.795+00	4	Suriya	3		21	1
429	2025-09-15 07:27:02.799+00	6	Teerasuk	3		21	1
\.


--
-- Data for Name: django_content_type; Type: TABLE DATA; Schema: public; Owner: mylubd_user
--

COPY public.django_content_type (id, app_label, model) FROM stdin;
1	admin	logentry
2	auth	permission
3	auth	group
4	auth	user
5	contenttypes	contenttype
6	sessions	session
7	myappLubd	job
8	myappLubd	property
9	myappLubd	topic
10	myappLubd	userprofile
11	myappLubd	room
12	myappLubd	jobimage
13	myappLubd	session
14	myappLubd	preventivemaintenance
15	myappLubd	machine
16	myappLubd	maintenanceprocedure
17	myappLubd	maintenanceschedule
18	myappLubd	maintenancehistory
19	myappLubd	maintenancechecklist
20	debug_toolbar	historyentry
21	myappLubd	user
\.


--
-- Data for Name: django_migrations; Type: TABLE DATA; Schema: public; Owner: mylubd_user
--

COPY public.django_migrations (id, app, name, applied) FROM stdin;
1	contenttypes	0001_initial	2025-09-14 15:51:26.02129+00
2	contenttypes	0002_remove_content_type_name	2025-09-14 15:51:26.038267+00
3	auth	0001_initial	2025-09-14 15:51:26.214036+00
4	auth	0002_alter_permission_name_max_length	2025-09-14 15:51:26.230928+00
5	auth	0003_alter_user_email_max_length	2025-09-14 15:51:26.260126+00
6	auth	0004_alter_user_username_opts	2025-09-14 15:51:26.275504+00
7	auth	0005_alter_user_last_login_null	2025-09-14 15:51:26.297575+00
8	auth	0006_require_contenttypes_0002	2025-09-14 15:51:26.304488+00
9	auth	0007_alter_validators_add_error_messages	2025-09-14 15:51:26.319439+00
10	auth	0008_alter_user_username_max_length	2025-09-14 15:51:26.334505+00
11	auth	0009_alter_user_last_name_max_length	2025-09-14 15:51:26.349517+00
12	auth	0010_alter_group_name_max_length	2025-09-14 15:51:26.372787+00
13	auth	0011_update_proxy_permissions	2025-09-14 15:51:26.387764+00
14	auth	0012_alter_user_first_name_max_length	2025-09-14 15:51:26.401294+00
15	myappLubd	0000_create_user_model	2025-09-14 15:51:26.541985+00
16	admin	0001_initial	2025-09-14 15:51:26.601448+00
17	admin	0002_logentry_remove_auto_add	2025-09-14 15:51:26.617866+00
18	admin	0003_logentry_add_action_flag_choices	2025-09-14 15:51:26.63475+00
19	debug_toolbar	0001_initial	2025-09-14 15:51:26.662369+00
20	myappLubd	0001_initial	2025-09-14 15:51:27.431792+00
21	myappLubd	0002_userprofile_access_token_userprofile_email_verified_and_more	2025-09-14 15:51:27.614227+00
22	myappLubd	0003_job_updated_by	2025-09-14 15:51:27.670868+00
23	myappLubd	0004_session	2025-09-14 15:51:27.766952+00
24	myappLubd	0005_job_is_preventivemaintenance	2025-09-14 15:51:27.806678+00
25	myappLubd	0006_remove_job_myapplubd_j_status_4362b5_idx_and_more	2025-09-14 15:51:28.304292+00
26	myappLubd	0007_preventivemaintenance	2025-09-14 15:51:28.452737+00
27	myappLubd	0008_preventivemaintenance_topics	2025-09-14 15:51:28.52966+00
28	myappLubd	0009_preventivemaintenance_pmtitle_and_more	2025-09-14 15:51:28.799327+00
29	myappLubd	0010_remove_preventivemaintenance_job	2025-09-14 15:51:28.862807+00
30	myappLubd	0011_machine	2025-09-14 15:51:29.061656+00
31	myappLubd	0012_userprofile_last_login_google	2025-09-14 15:51:29.106235+00
32	myappLubd	0013_preventivemaintenance_job	2025-09-14 15:51:29.288131+00
33	myappLubd	0014_userprofile_password_reset_fields	2025-09-14 15:51:29.374942+00
34	myappLubd	0015_preventivemaintenance_procedure	2025-09-14 15:51:29.417757+00
35	myappLubd	0002_add_jpeg_path_to_jobimage	2025-09-14 15:51:29.47118+00
36	myappLubd	0016_merge_20250817_2338	2025-09-14 15:51:29.479411+00
37	myappLubd	0017_preventivemaintenance_after_image_jpeg_path_and_more	2025-09-14 15:51:29.695242+00
38	myappLubd	0018_maintenanceprocedure_and_more	2025-09-14 15:51:30.567559+00
39	myappLubd	0019_maintenanceprocedure_difficulty_level_and_more	2025-09-14 15:51:30.598916+00
40	myappLubd	0020_alter_job_created_at_alter_job_updated_at	2025-09-14 15:51:30.687878+00
41	myappLubd	0021_add_performance_indexes	2025-09-14 15:51:31.645045+00
42	myappLubd	0022_remove_job_job_status_created_idx_and_more	2025-09-14 15:51:31.655052+00
43	myappLubd	0023_remove_job_idx_job_user_status_and_more	2025-09-14 15:51:33.39894+00
44	myappLubd	0024_add_performance_indexes	2025-09-14 15:51:33.708888+00
45	myappLubd	0025_userprofile_property_fields	2025-09-14 15:51:33.78468+00
46	myappLubd	0026_alter_user_options_remove_job_job_status_created_idx_and_more	2025-09-14 15:51:34.397965+00
47	sessions	0001_initial	2025-09-14 15:51:34.448378+00
\.


--
-- Data for Name: django_session; Type: TABLE DATA; Schema: public; Owner: mylubd_user
--

COPY public.django_session (session_key, session_data, expire_date) FROM stdin;
07vhszjzkvpodqlp9ocohps2mpiaigm7	.eJxVjEEOwiAQRe_C2pCZtGXApXvPQIYBpGpoUtpV491tky50-997f1Oe16X4taXZj1FdFarL7xZYXqkeID65PiYtU13mMehD0Sdt-j7F9L6d7t9B4Vb22opBDI5o6MQxWBc4U5-ZkAgYGCNwT4gdRMxgJIEYsLtMMNgIoj5fy1I3KA:1uEIda:UjcCklMxounPzlD4kMMoDJy7VVAEhxXxKiGq_gtbPDE	2025-05-26 02:11:26.586+00
2r74o0x6u9voueoja9z5o0iiqvq5w3kk	eyJfY3NyZnRva2VuIjoiZUpRWjZpWURHejBCa0dzMkV0NzRrbnU1ZHU0YXFBRmQifQ:1uvRFM:WKYH20AVD1A3ckeoRmUfd83EhxGvIdsZGCqGwi5ueVA	2025-09-22 02:04:44.439+00
3rongd7qo30voph3bstarlq5sr0x79ol	eyJfY3NyZnRva2VuIjoibzBlZVh2Ums0bWY3UU5Bc054bTZRNENJNGVER2lVY1kifQ:1uwHsK:sL4AVFAciK80inKcsQsn2R_A5ehU11pQHE2nKFkcKBs	2025-09-24 10:16:28.732+00
4g6ahrr8p5d96koooag5ejjo19giuxlh	.eJxVjLsKg0AQRf9l6yAz-BhNpxJIERvTpFvGXc2qQYO7QiTk36NgY3vPOfcrpLJT48a-HsRZWNKXKOtu7oPpvTPOBPrR51dMi_KdL0spTkLy7IycbT3JVq8JHreK1Xq1Ad3x8Bw9NQ5uaitvU7ydWq8Ydf3KdvdwYNiatY5VhFglRKGvEoY4qbihoGFCImBg1MABIfqgsYFI1aAiiFeZIIw1KPH7AwRcRxI:1utfQE:ibeR2ET_1H4yX8WbfWS8iHX5otuNE0wWpJY8WwlyQTI	2025-09-17 04:48:38.729+00
9lowz2cxhl3hyvs03i80ibk0l1n0uu4n	eyJfY3NyZnRva2VuIjoiUXI2Y1VMaWZsdHBqQTM2TTZySFdLZ3NwMk0wemozMlUifQ:1uvthv:aAKB_zn11WgWbxd6rlN5n_624Tw50Mmhe1Hhidr-0So	2025-09-23 08:28:07.397+00
av9w54r8qqqzj5dvewncr7yqsk3e6376	.eJxVjEEOwiAQRe_C2pCZtGXApXvPQIYBpGpoUtpV491tky50-997f1Oe16X4taXZj1FdFarL7xZYXqkeID65PiYtU13mMehD0Sdt-j7F9L6d7t9B4Vb22opBDI5o6MQxWBc4U5-ZkAgYGCNwT4gdRMxgJIEYsLtMMNgIoj5fy1I3KA:1tx5Ds:M2AlriI69rQNgMPT4OnIYBDlmz-ndKGVZhYd-gqbOyA	2025-04-08 14:25:44.101+00
e6t2d5c5rdiqhppnapsca8w7k5azi3ku	.eJxVjEEOwiAQRe_C2pCZtGXApXvPQIYBpGpoUtpV491tky50-997f1Oe16X4taXZj1FdFarL7xZYXqkeID65PiYtU13mMehD0Sdt-j7F9L6d7t9B4Vb22opBDI5o6MQxWBc4U5-ZkAgYGCNwT4gdRMxgJIEYsLtMMNgIoj5fy1I3KA:1txK6Z:cE7woKYnWvSTrEXqWZNoOtBceMFKynzDcYgC8NMuefg	2025-04-09 06:19:11.405+00
ketecz80fokb7ztxljyz00xg6nbmepvw	.eJxVjEEOwiAQRe_C2pCZtGXApXvPQIYBpGpoUtpV491tky50-997f1Oe16X4taXZj1FdFarL7xZYXqkeID65PiYtU13mMehD0Sdt-j7F9L6d7t9B4Vb22opBDI5o6MQxWBc4U5-ZkAgYGCNwT4gdRMxgJIEYsLtMMNgIoj5fy1I3KA:1uy3W6:a_QWTsIwmJ5pDk7srH-961V9gWcwR7rt0i_WEDqYwpw	2025-09-29 07:20:50.486+00
kp3a4p72tmvldfvdwqkl3ou8a9srzoql	.eJxVjEEOwiAQRe_C2pCZtGXApXvPQIYBpGpoUtpV491tky50-997f1Oe16X4taXZj1FdFarL7xZYXqkeID65PiYtU13mMehD0Sdt-j7F9L6d7t9B4Vb22opBDI5o6MQxWBc4U5-ZkAgYGCNwT4gdRMxgJIEYsLtMMNgIoj5fy1I3KA:1u0e98:kM6Rl8FoZbvhssT9fz3spz8Z2Y6vzTBsUR4ls52poIA	2025-04-18 10:19:34.811+00
md89re5zkxbs6c2k6lkwpx9vy1dwssf8	eyJfY3NyZnRva2VuIjoiNGljb2NIQTBYTVZmczVhd2dyc1FOWUFPVWFVR3FOR0sifQ:1uvfrM:LsYfcNaxDcSz91zpRBPkdBAPeBxxREG-SnX1rwoiW2E	2025-09-22 17:40:56.039+00
mobomrlfhq5z93n95f4oguy0g0i0lluv	eyJfY3NyZnRva2VuIjoiYlI4am9OVHBSQWZRTVpBZTdmcFhpblJXV0kyNElMY1YifQ:1uwC5u:fxNf9mKlgH7bj1vPuevLVBZDmueOjW6pSVf6gLT8tSQ	2025-09-24 04:06:06.073+00
nj20wfxymdsdllbk3pswp70lfhj36t2z	eyJfY3NyZnRva2VuIjoiRk02MGhmMkJHb1FuR3h2WlNmd3FvZm5HVXJZWm5JZDUifQ:1uv7yh:8isiD6VI52BiwJyFWnTkLIhS9n-sWbGInemc-a8czlI	2025-09-21 05:30:15.711+00
o5e65c4mxfs2gidtvkwz336z8ss02nj8	.eJxVjEEOwiAQRe_C2pCZtGXApXvPQIYBpGpoUtpV491tky50-997f1Oe16X4taXZj1FdFarL7xZYXqkeID65PiYtU13mMehD0Sdt-j7F9L6d7t9B4Vb22opBDI5o6MQxWBc4U5-ZkAgYGCNwT4gdRMxgJIEYsLtMMNgIoj5fy1I3KA:1uC855:2sPheadMqxuzh4ZuVNyVZETpK-4lEHitXVt5HVPiaL4	2025-05-20 02:30:51.147+00
onk71xmyjw7qzqkaqjo80heo18mlqdoq	eyJfY3NyZnRva2VuIjoiQnRmUlBUd3J4aGNPNFZyRWtpVWl0SVBRRUFoMTlQbUYifQ:1uwGzi:-hTDyUxNGiNNWazIJ-IkSZZbTr6uIn0XrYdHBKkKUNc	2025-09-24 09:20:02.537+00
pn9o6196bpeyxf4omazupavj02qyyu8n	.eJxVjEEOwiAQRe_C2pCZtGXApXvPQIYBpGpoUtpV491tky50-997f1Oe16X4taXZj1FdFarL7xZYXqkeID65PiYtU13mMehD0Sdt-j7F9L6d7t9B4Vb22opBDI5o6MQxWBc4U5-ZkAgYGCNwT4gdRMxgJIEYsLtMMNgIoj5fy1I3KA:1uE5oM:jVHwdekkvDgwZGUp2fUjWBYsIQJAMbu0XoxozzLLzqU	2025-05-25 12:29:42.383+00
r00ifjqh70asoc5zn4ej9i77m9s826qg	.eJxVjL0OgjAURt-lsyH3BqHFTRPdlMm5ubTlx5KCpRiN8d0tCQvrd875vkyqyddhsMaxA6P7s7h5m5bWNsezC6G7vD7vHsbGpGOJju2YpDm0cp6Ml52OCW63ilS8WoB-kGuGRA0u-K5KFiVZ6ZRcB2360-puDlqa2lgLlSNWBedZqgoCUVRU831NHDkHAkINtOeIKWisIVcGVA4iyhwyoUGx3x-krUfp:1usyU2:dpFUh_2XIoTuRkassQwmKjRap4j7hpaz8nCMiv5W4Ek	2025-09-15 06:57:42.003+00
ufl8o8iys9vqxgxxl5s9pa8jracve8rc	.eJxVjEEOwiAQRe_C2pCZtGXApXvPQIYBpGpoUtpV491tky50-997f1Oe16X4taXZj1FdFarL7xZYXqkeID65PiYtU13mMehD0Sdt-j7F9L6d7t9B4Vb22opBDI5o6MQxWBc4U5-ZkAgYGCNwT4gdRMxgJIEYsLtMMNgIoj5fy1I3KA:1txjrH:SULPxZ6elPcimNAegmDQCcWdRzzOHdkNeHxi5m6PyKs	2025-04-10 09:49:07.515+00
uirka5um00as44l5kq1nyizkefj4puad	.eJxVjEEOwiAQRe_C2pCZtGXApXvPQIYBpGpoUtpV491tky50-997f1Oe16X4taXZj1FdFarL7xZYXqkeID65PiYtU13mMehD0Sdt-j7F9L6d7t9B4Vb22opBDI5o6MQxWBc4U5-ZkAgYGCNwT4gdRMxgJIEYsLtMMNgIoj5fy1I3KA:1uD3cF:IrXw1uCVitXmSHhWoe1gGN-L1d468tSo_u-bb0FgzJ0	2025-05-22 15:56:55.998+00
vgwkilit2lc9rod20rjct1shx4e0wjuo	.eJxVjEEOwiAQRe_C2pCZtGXApXvPQIYBpGpoUtpV491tky50-997f1Oe16X4taXZj1FdFarL7xZYXqkeID65PiYtU13mMehD0Sdt-j7F9L6d7t9B4Vb22opBDI5o6MQxWBc4U5-ZkAgYGCNwT4gdRMxgJIEYsLtMMNgIoj5fy1I3KA:1uBbEw:xuFZYxldgyz1nZwdfucyusFifkuFQxeGHPeFwi54eLM	2025-05-18 15:26:50.031+00
z86bbnnauy39no79xbonwra29v9h5ssw	.eJxVjEsLgkAURv_LrEPu4OOO7QqMwqRVLtzIdWZ8FQ46ikT031Nw4_Y753xflks7lKN56Y4dWXRPuhPG9gaXnuIsmtv0Ia7Z52kmmNOqZweW0zTW-WT1kDdqSfh-K0guVytQLXWVcaTpxqEpnFVxNmqdxCj9Pm_u7qAmWy-1kAHnRYjouzIkEGFBJXolIUcEAuIKyEPOXVC8hEBqkAGIRUbwhQLJfn8N9kco:1uwbCn:1qnqApz5ikgBFMKtB-6PCz6bPvRMkXtsLnw14TYXXbQ	2025-09-25 06:54:53.222+00
\.


--
-- Data for Name: myappLubd_job; Type: TABLE DATA; Schema: public; Owner: mylubd_user
--

COPY public."myappLubd_job" (id, job_id, is_defective, description, remarks, status, priority, created_at, updated_at, completed_at, user_id, updated_by_id, is_preventivemaintenance) FROM stdin;
258	j25A6FF34	f	แก้ไขประตู shower ตก	.	completed	medium	2025-09-16 18:40:08.778063+00	2025-09-16 18:40:08.77821+00	2025-09-16 18:40:08.778213+00	10	10	f
265	j25064B59	f	แก้ไขแอร์ไม่เย็น	.	completed	medium	2025-09-16 19:15:42.759366+00	2025-09-16 19:15:42.759553+00	2025-09-16 19:15:42.759556+00	10	10	f
259	j25B447C9	f	ทาสีผนังห้อง	.	completed	medium	2025-09-16 18:41:47.664302+00	2025-09-16 18:41:47.664441+00	2025-09-16 18:41:47.664447+00	10	10	f
266	j25DFB57D	f	แก้ไขแอร์ไม่เย็น	.	completed	medium	2025-09-16 19:18:54.684768+00	2025-09-16 19:18:54.684941+00	2025-09-16 19:18:54.684946+00	10	10	f
260	j25F61296	f	แก้ไขผนังบวมและติดขอบสแตนเลตพื้น	.	completed	medium	2025-09-16 18:43:58.626193+00	2025-09-16 18:43:58.626347+00	2025-09-16 18:43:58.62635+00	10	10	f
267	j25545C8A	f	แก้ไขแอร์ไม่เย็น	.	completed	medium	2025-09-16 19:20:17.945876+00	2025-09-16 19:20:17.946124+00	2025-09-16 19:20:17.946129+00	10	10	f
261	j25E6AD9F	f	ติดขอบสแตนเลสพื้น	.	completed	medium	2025-09-16 18:45:58.868374+00	2025-09-16 18:45:58.868515+00	2025-09-16 18:45:58.868519+00	10	10	f
268	j25F02E1B	f	ทาสีผนังและเช็ดสีฝาครอบกิ่งหน้าห้อง	.	completed	medium	2025-09-16 19:23:07.67743+00	2025-09-16 19:23:07.677645+00	2025-09-16 19:23:07.67765+00	10	10	f
158	j25ED972B	f	ผนังเลอะ	ทาสีผนัง	completed	medium	2025-08-28 02:47:37+00	2025-08-28 02:47:37+00	2025-08-28 02:47:37+00	9	1	f
255	j25E7E509	f	แก้ไขไฟหัวเตียงดับ	.	completed	medium	2025-09-16 18:30:50.744997+00	2025-09-16 18:30:50.745177+00	2025-09-16 18:30:50.745182+00	10	10	f
262	j252EB9F8	f	ยาแนวกระเบื้องห้องน้ำ	.	completed	medium	2025-09-16 18:48:12.371289+00	2025-09-16 18:48:12.37149+00	2025-09-16 18:48:12.371493+00	10	10	f
211	j2512D586	f	ทาสีผนัง	.	completed	medium	2025-09-07 08:55:21.992+00	2025-09-07 08:55:21.992+00	2025-09-07 08:55:21.992+00	11	11	f
256	j25233D7B	f	แก้ไขท่อเดนห้องตัน	.	completed	medium	2025-09-16 18:34:46.277033+00	2025-09-16 18:34:46.277685+00	2025-09-16 18:34:46.277709+00	10	10	f
263	j252662CA	f	แก้ไขผนังบวมและผนังรอยร้าว	.	completed	medium	2025-09-16 19:07:08.370876+00	2025-09-16 19:07:08.37102+00	2025-09-16 19:07:08.371023+00	10	10	f
20	j25F56B1F	f	แก้ไขชักโครกมีกลิ่น	เปลี่ยนที่กันกลิ่น	completed	medium	2025-08-31 08:19:33+00	2025-08-31 08:19:33+00	2025-08-31 08:19:33+00	10	1	f
21	j2588AEEC	f	แก้ไขท่อเดียงตัน	.	completed	medium	2025-08-31 08:36:11+00	2025-08-31 08:36:11+00	2025-08-31 08:36:11+00	10	1	f
22	j257E8DD5	f	แก้ไขไฟหัวเตียงดับ	.	completed	medium	2025-08-31 08:39:53+00	2025-08-31 08:39:53+00	2025-08-31 08:39:53+00	10	1	f
23	j2593BD8A	f	ประตู shower ตก	.	completed	medium	2025-08-31 08:41:47+00	2025-08-31 08:41:47+00	2025-08-31 08:41:47+00	10	1	f
24	j25499A64	f	ที่กดสบู่หลุด	.	completed	medium	2025-08-30 08:43:55+00	2025-08-30 08:43:55+00	2025-08-30 08:43:55+00	10	1	f
25	j2585613C	f	แก้ไขผนังมีรอยร้าว	.	completed	medium	2025-08-30 08:46:33+00	2025-08-30 08:46:33+00	2025-08-30 08:46:33+00	10	1	f
26	j25F36A6C	f	ขอบผนังกระจกผุและยาแนวอ่างล้างหน้า	.	completed	medium	2025-08-29 08:49:42+00	2025-08-29 08:49:42+00	2025-08-29 08:49:42+00	10	1	f
27	j2528F021	f	แก้ไขราวผ้าม่านหลุดและรอยร้าวผนัง	.	completed	medium	2025-08-29 08:51:50+00	2025-08-29 08:51:50+00	2025-08-29 08:51:50+00	10	1	f
28	j2589644E	f	ทาสีผนังห้อง	.	completed	medium	2025-08-28 08:54:34+00	2025-08-28 08:54:34+00	2025-08-28 08:54:34+00	10	1	f
29	j25FAD236	f	แก้ไขไฟหัวเตียงดับ	.	completed	medium	2025-08-28 08:59:27+00	2025-08-28 08:59:27+00	2025-08-28 08:59:27+00	10	1	f
30	j25B5AF56	f	แก้ไขฝาชักโครกโยก	.	completed	medium	2025-08-01 09:00:21+00	2025-08-01 09:00:21+00	2025-08-01 09:00:21+00	11	1	f
31	j25ADF862	f	แก้ไขไฟหัวเตียง	.	completed	medium	2025-08-27 09:01:26+00	2025-08-27 09:01:26+00	2025-08-27 09:01:26+00	10	1	f
32	j2517535C	f	ใส่ตะขอม่านข้างบน	.	completed	medium	2025-08-01 09:03:31+00	2025-08-01 09:03:31+00	2025-08-01 09:03:31+00	11	1	f
33	j257D86FD	f	แก้ไขแอร์ไม่เย็น	.	completed	medium	2025-08-26 09:04:07+00	2025-08-26 09:04:07+00	2025-08-26 09:04:07+00	10	1	f
34	j25C891F1	f	แก้ไขฝาชักโครกโยกและมีกลิ่นเหม็น	.	completed	medium	2025-08-01 09:04:50+00	2025-08-01 09:04:50+00	2025-08-01 09:04:50+00	11	1	f
35	j25D54822	f	แก้ไขแอร์ไม่เย็น	.	completed	medium	2025-08-01 09:06:17+00	2025-08-01 09:06:17+00	2025-08-01 09:06:17+00	10	1	f
36	j25A4D1DF	f	ยึดคิ้วสแตนเลสพื้น	.	completed	medium	2025-08-01 09:06:18+00	2025-08-01 09:06:18+00	2025-08-01 09:06:18+00	11	1	f
37	j258DFDCC	f	ยาแนวพื้นห้องน้ำยาแนวพื้นห้องน้ำชายชั้นสอง	.	completed	medium	2025-08-03 09:07:54+00	2025-08-03 09:07:54+00	2025-08-03 09:07:54+00	11	1	f
38	j25B01F52	f	แก้ไขคิ้วสแตนเลสที่พื้นคม	.	completed	medium	2025-08-04 09:09:33+00	2025-08-04 09:09:33+00	2025-08-04 09:09:33+00	11	1	f
39	j25E09123	f	ยาแนวพื้นห้องน้ำ	.	completed	medium	2025-08-04 09:11:21+00	2025-08-04 09:11:21+00	2025-08-04 09:11:21+00	11	1	f
40	j25B80385	f	แก้ไขคิ้วสแตนเลสหลุดที่พื้น	.	completed	medium	2025-08-05 09:12:36+00	2025-08-05 09:12:36+00	2025-08-05 09:12:36+00	11	1	f
41	j25A19272	f	ทาสีผนังห้อง	.	completed	medium	2025-08-01 09:13:00+00	2025-08-01 09:13:00+00	2025-08-01 09:13:00+00	10	1	f
42	j25B35454	f	ทาสีผนังตามจุดที่มีรอยด่าง	.	completed	medium	2025-08-05 09:13:40+00	2025-08-05 09:13:40+00	2025-08-05 09:13:40+00	11	1	f
43	j25A256C1	f	ทาสีผนังจุดที่มีรอยด่างเปื้อน	.	completed	medium	2025-08-05 09:15:05+00	2025-08-05 09:15:05+00	2025-08-05 09:15:05+00	11	1	f
44	j2527DBFA	f	แก้ไขฝาชักโครกโยก	.	completed	medium	2025-08-05 09:16:04+00	2025-08-05 09:16:04+00	2025-08-05 09:16:04+00	11	1	f
45	j251B1E30	f	แก้ไขชักโครกมีกลิ่นและทาสีผนังห้องน้ำ	.	completed	medium	2025-08-01 09:16:51+00	2025-08-01 09:16:51+00	2025-08-01 09:16:51+00	10	1	f
46	j251F6B96	f	แก้ไขน้ำแก้ไขน้ำแอร์หยุดลงมาจากข้างบนฝ้าช่องเซอร์วิส	.	completed	medium	2025-08-09 09:18:00+00	2025-08-09 09:18:00+00	2025-08-09 09:18:00+00	11	1	f
47	j25525166	f	ยึดคิ้วสแตนเลสพื้น	.	completed	medium	2025-08-09 09:19:59+00	2025-08-09 09:19:59+00	2025-08-09 09:19:59+00	11	1	f
254	j257C6EF6	f	ยิงชิลิโคนที่พื้น	.	completed	medium	2025-09-16 13:20:15.891836+00	2025-09-17 14:38:02.233806+00	2025-09-17 14:38:02.23349+00	8	8	f
48	j25BC4A43	f	แก้ไขไฟหัวเตียงดับ	.	completed	medium	2025-08-09 09:21:46+00	2025-08-09 09:21:46+00	2025-08-09 09:21:46+00	11	1	f
49	j250790F6	f	แก้ไขสายชำระน้ำหยด	.	completed	medium	2025-08-09 09:23:34+00	2025-08-09 09:23:34+00	2025-08-09 09:23:34+00	11	1	f
50	j252EE219	f	ปรับรีโมทแอร์แอร์ไม่เย็น	.	completed	medium	2025-08-09 09:24:40+00	2025-08-09 09:24:40+00	2025-08-09 09:24:40+00	11	1	f
51	j25A9D7EC	f	แก้ไขโคมไฟดับหัวเตียง	.	completed	medium	2025-08-10 09:26:38+00	2025-08-10 09:26:38+00	2025-08-10 09:26:38+00	11	1	f
52	j25B559A0	f	แก้ไขผนังแตกรอยร้าวตามแด็ป	.	completed	medium	2025-08-11 09:28:29+00	2025-08-11 09:28:29+00	2025-08-11 09:28:29+00	11	1	f
53	j25ABAB45	f	แก้ไขฝาชักโครกโยก	.	completed	medium	2025-08-12 09:29:42+00	2025-08-12 09:29:42+00	2025-08-12 09:29:42+00	11	1	f
54	j2546DB23	f	แก้ไขไฟหัวเตียงดับแอลอีดี	.	completed	medium	2025-08-12 09:31:07+00	2025-08-12 09:31:07+00	2025-08-12 09:31:07+00	11	1	f
55	j254CF5AF	f	แก้ไขฝาชักโครกโยก	.	completed	medium	2025-08-31 09:32:14+00	2025-08-31 09:32:14+00	2025-08-31 09:32:14+00	11	1	f
56	j25207A22	f	แก้ไขประตูห้องน้ำตก	.	completed	medium	2025-08-15 09:33:50+00	2025-08-15 09:33:50+00	2025-08-15 09:33:50+00	11	1	f
57	j25077BD4	f	ยึดคิ้วสแตนเลสที่พื้น	.	completed	medium	2025-08-16 09:35:08+00	2025-08-16 09:35:08+00	2025-08-16 09:35:08+00	11	1	f
58	j25BDB6EF	f	แก้ไขฝาชักโครกโยก	.	completed	medium	2025-08-16 09:37:52+00	2025-08-16 09:37:52+00	2025-08-16 09:37:52+00	11	1	f
59	j252990AD	f	ฝาชักโครกโยก	ขันน๊อตให้แน่น	completed	medium	2025-08-13 09:44:31+00	2025-08-13 09:44:31+00	2025-08-13 09:44:31+00	9	1	f
60	j25015F79	f	โคมไฟหัวเตียงไม่สว่าง	เปลี่ยนหลอดโคมไฟ led	completed	medium	2025-08-14 09:46:15+00	2025-08-14 09:46:15+00	2025-08-14 09:46:15+00	9	1	f
61	j25022400	f	ไฟหัวเตียงดับ	บัคกรีใหม่	completed	medium	2025-08-11 09:49:17+00	2025-08-11 09:49:17+00	2025-08-11 09:49:17+00	9	1	f
62	j25D51F99	f	ตะข้อเกี่ยวเก็บผ้าม่านหลุด	ซีลีโคนยึดใหม่	completed	medium	2025-08-08 09:52:07+00	2025-08-08 09:52:07+00	2025-08-08 09:52:07+00	9	1	f
63	j25A2C3FA	f	แอร์มีกลิ่นเหม็น	ทำความสะอาดช่องลม	completed	medium	2025-08-09 09:55:38+00	2025-08-09 09:55:38+00	2025-08-09 09:55:38+00	9	1	f
64	j25B0381C	f	แอร์ไม่เย็น	xpan หลวมหมุนตามวาว์ลเวลาเปิดปิดแอร์	completed	medium	2025-08-08 09:58:09+00	2025-08-08 09:58:09+00	2025-08-08 09:58:09+00	9	1	f
65	j259C1E9B	f	คิ้วเลสพื้นหลุด ง้อ	ยิงfast bondใหม่	completed	medium	2025-08-06 10:00:18+00	2025-08-06 10:00:18+00	2025-08-06 10:00:18+00	9	1	f
66	j25AE9270	f	เก็บสีห้อง	เก็บสีรอยเปื้อน	completed	medium	2025-08-05 10:07:37+00	2025-08-05 10:07:37+00	2025-08-05 10:07:37+00	9	1	f
67	j2556C061	f	ฝาชักโครกเอียง	ขันน๊อตให้แน่น	completed	medium	2025-08-18 10:08:34+00	2025-08-18 10:08:34+00	2025-08-18 10:08:34+00	9	1	f
68	j257F92F9	f	เปลี่ยนถ่านตู้เซฟ	เปลี่ยนถ่าน	completed	medium	2025-08-04 10:10:11+00	2025-08-04 10:10:11+00	2025-08-04 10:10:11+00	9	1	f
69	j2588875B	f	ไฟดับ	เบรกเกอร์ไฟดาว์นไลน์ทนิป  หิวขาด	completed	medium	2025-08-04 10:13:00+00	2025-08-04 10:13:00+00	2025-08-04 10:13:00+00	9	1	f
70	j25C1AFCA	f	น้ำรั่วตามขอบกระจก	ยิงซีลีโคนขอบกระจก	completed	medium	2025-08-03 10:16:58+00	2025-08-03 10:16:58+00	2025-08-03 10:16:58+00	9	1	f
71	j2576CF5C	f	แก้ไขไฟหัวเตียงดับ	.	completed	medium	2025-08-16 10:23:17+00	2025-08-16 10:23:17+00	2025-08-16 10:23:17+00	11	1	f
72	j255144EB	f	แก้ไขประตูห้องน้ำตก	.	completed	medium	2025-08-16 10:26:30+00	2025-08-16 10:26:30+00	2025-08-16 10:26:30+00	11	1	f
73	j25A64F23	f	แก้ไขท่อเดรนตัน	.	completed	medium	2025-08-16 10:27:35+00	2025-08-16 10:27:35+00	2025-08-16 10:27:35+00	11	1	f
74	j259B80FB	f	ยึดคิ้วสแตนเลสที่พื้น	.	completed	medium	2025-08-16 10:29:03+00	2025-08-16 10:29:03+00	2025-08-16 10:29:03+00	11	1	f
75	j255AA6CE	f	แก้ไขไฟหัวเตียงดับ	.	completed	medium	2025-08-16 10:31:25+00	2025-08-16 10:31:25+00	2025-08-16 10:31:25+00	11	1	f
76	j25090360	f	แก้ไขชักโครกตัน	.	completed	medium	2025-08-17 10:32:53+00	2025-08-17 10:32:53+00	2025-08-17 10:32:53+00	11	1	f
77	j25FB4AA1	f	เปลี่ยนแบตเตอรี่เซฟ	.	completed	medium	2025-08-17 10:35:05+00	2025-08-17 10:35:05+00	2025-08-17 10:35:05+00	11	1	f
78	j25A95E2F	f	แก้ไขไฟหัวเตียงดับ	.	completed	medium	2025-08-17 10:36:55+00	2025-08-17 10:36:55+00	2025-08-17 10:36:55+00	11	1	f
79	j257839C7	f	ฝาชักโครกหลุด	.	completed	medium	2025-08-01 10:37:47+00	2025-08-01 10:37:47+00	2025-08-01 10:37:47+00	10	1	f
80	j25C0F834	f	ติดไฟหลืบเพดาน	.	completed	medium	2025-08-18 10:37:49+00	2025-08-18 10:37:49+00	2025-08-18 10:37:49+00	11	1	f
81	j252E14BE	f	แด็ปขอบกระจก	.	completed	medium	2025-08-18 10:39:48+00	2025-08-18 10:39:48+00	2025-08-18 10:39:48+00	11	1	f
82	j258554DC	f	โป๊ผนังขัดทาสี มีน้ำเข้ามาตามขอบกระจก	.	completed	medium	2025-08-18 10:42:18+00	2025-08-18 10:42:18+00	2025-08-18 10:42:18+00	11	1	f
83	j25B95E68	f	ทาสีผนังตามรอยด่าง	.	completed	medium	2025-08-18 10:43:06+00	2025-08-18 10:43:06+00	2025-08-18 10:43:06+00	11	1	f
84	j253D5B0B	f	ทาสีประตูห้องน้ำ	.	completed	medium	2025-08-18 10:44:43+00	2025-08-18 10:44:43+00	2025-08-18 10:44:43+00	11	1	f
85	j254E879F	f	แก้ไขฝาชักโครกโยก	.	completed	medium	2025-08-24 10:47:10+00	2025-08-24 10:47:10+00	2025-08-24 10:47:10+00	11	1	f
86	j25571ACA	f	ยึดคิ้วสแตนเลสพื้น	.	completed	medium	2025-08-24 10:48:32+00	2025-08-24 10:48:32+00	2025-08-24 10:48:32+00	11	1	f
87	j25F012AD	f	แก้ไขแอร์ไม่ทำงาน	เปลี่ยนบอร์ดและลูกปืน	completed	medium	2025-08-02 10:49:42+00	2025-08-02 10:49:42+00	2025-08-02 10:49:42+00	10	1	f
88	j25302C11	f	แก้ไขสายชำระน้ำหยด	.	completed	medium	2025-08-24 10:49:49+00	2025-08-24 10:49:49+00	2025-08-24 10:49:49+00	11	1	f
89	j25FF1A88	f	แก้ไขสายชำระน้ำหยด	.	completed	medium	2025-08-27 10:52:06+00	2025-08-27 10:52:06+00	2025-08-27 10:52:06+00	11	1	f
90	j25AA5A53	f	แก้ไขเดือยประตูห้อง	.	completed	medium	2025-08-02 10:52:09+00	2025-08-02 10:52:09+00	2025-08-02 10:52:09+00	10	1	f
91	j256C7774	f	แก้ไขชักโครกโยก	.	completed	medium	2025-08-27 10:54:52+00	2025-08-27 10:54:52+00	2025-08-27 10:54:52+00	11	1	f
92	j257A7DCB	f	ทาสีผนังตามรอยด่าง	.	completed	medium	2025-08-27 10:55:53+00	2025-08-27 10:55:53+00	2025-08-27 10:55:53+00	11	1	f
93	j25912339	f	ยึดคิ้วจุดนั่ง	.	completed	medium	2025-08-27 10:57:09+00	2025-08-27 10:57:09+00	2025-08-27 10:57:09+00	11	1	f
94	j2573C3CD	f	ยึดคิ้วสแตนเลสที่พื้น	.	completed	medium	2025-08-27 10:58:26+00	2025-08-27 10:58:26+00	2025-08-27 10:58:26+00	11	1	f
95	j2529F6BF	f	แก้ไขไฟหัวเตียงดับ	.	completed	medium	2025-08-27 10:59:24+00	2025-08-27 10:59:24+00	2025-08-27 10:59:24+00	11	1	f
96	j25601007	f	แก้ไขฝาชักโครกโยก	.	completed	medium	2025-08-27 11:00:24+00	2025-08-27 11:00:24+00	2025-08-27 11:00:24+00	11	1	f
97	j2509980D	f	แก้ไขท่อเดรนตันมีเส้นผม	.	completed	medium	2025-08-27 11:01:46+00	2025-08-27 11:01:46+00	2025-08-27 11:01:46+00	11	1	f
98	j25B03F89	f	ทาสีตามรอยด่าง	.	completed	medium	2025-08-28 11:03:20+00	2025-08-28 11:03:20+00	2025-08-28 11:03:20+00	11	1	f
99	j256BFA7E	f	เปลี่ยนไฟเบลหน้าห้อง	.	completed	medium	2025-08-28 11:05:03+00	2025-08-28 11:05:03+00	2025-08-28 11:05:03+00	11	1	f
100	j25D58BB0	f	แก้ไขไฟหัวเตียงดับ	.	completed	medium	2025-08-28 11:06:27+00	2025-08-28 11:06:27+00	2025-08-28 11:06:27+00	11	1	f
101	j257E26E6	f	ขอบแขวนผ้าห้องน้ำมีร่อง	ซีลีโคน +  ทาสี	completed	medium	2025-08-29 11:07:33+00	2025-09-03 02:20:56.102+00	2025-09-03 02:20:56.102+00	9	9	f
102	j25D7E005	f	ทาสผนังตามรอยด่าง	.	completed	medium	2025-08-28 11:07:36+00	2025-08-28 11:07:36+00	2025-08-28 11:07:36+00	11	1	f
103	j25EA98EC	f	ทาสีผนังตามรอยด่าง	.	completed	medium	2025-08-28 11:10:30+00	2025-08-28 11:10:30+00	2025-08-28 11:10:30+00	11	1	f
104	j25F9EA18	f	ซ่อมเครื่องดูดฝุ่น	.	completed	medium	2025-08-28 11:11:38+00	2025-08-28 11:11:38+00	2025-08-28 11:11:38+00	11	1	f
105	j251615F7	f	ก๊อกน้ำโยก /ฝาชักโครกโยก	น๊อตใต้อ่างหลวม	completed	medium	2025-08-01 11:12:14+00	2025-08-01 11:12:14+00	2025-08-01 11:12:14+00	9	1	f
106	j2519E095	f	ยิงซิลิโคนด้านหลังชักโครก	.	completed	medium	2025-08-31 11:13:12+00	2025-08-31 11:13:12+00	2025-08-31 11:13:12+00	11	1	f
107	j2593ECD2	f	คิ้วเลส  ง้อ	ดัด แล้วยิง fastbond	completed	medium	2025-08-26 11:13:51+00	2025-08-26 11:13:51+00	2025-08-26 11:13:51+00	9	1	f
108	j25522DBF	f	ติดกระบอกเจลล้างมือ	.	completed	medium	2025-08-31 11:15:12+00	2025-08-31 11:15:12+00	2025-08-31 11:15:12+00	11	1	f
109	j259D69D0	f	แก้ไขไฟหัวเตียงดับ	.	completed	medium	2025-08-30 11:16:12+00	2025-08-30 11:16:12+00	2025-08-31 11:16:12+00	11	1	f
110	j251194A5	f	ตะข้อแขวนเสื้อหลังประตูโยก	ตะข้อโยก หลวท	completed	medium	2025-08-27 11:16:42+00	2025-08-27 11:16:42+00	2025-08-27 11:16:42+00	9	1	f
111	j251D0695	f	แก้ไขฝาชักโครกโยก	.	completed	medium	2025-08-30 11:17:41+00	2025-08-30 11:17:41+00	2025-08-30 11:17:41+00	11	1	f
112	j25A5ACEF	f	ซ่อมเครื่องดูดฝุ่น	..	completed	medium	2025-08-31 11:19:33+00	2025-08-31 11:19:33+00	2025-08-31 11:19:33+00	11	1	f
113	j25E1BDFF	f	น้ำไม่ไหลลงท่อ	เส้นผมตันท่อ	completed	medium	2025-08-30 11:20:34+00	2025-08-30 11:20:34+00	2025-08-30 11:20:34+00	9	1	f
114	j25CE5ADF	f	ทาสีตามรอยด่างผนังห้อง	.	completed	medium	2025-08-31 11:20:38+00	2025-08-31 11:20:38+00	2025-08-31 11:20:38+00	11	1	f
115	j2542BD83	f	แก้ไขปลั๊กในห้องไม่ติด	.	completed	medium	2025-08-14 11:26:26+00	2025-08-14 11:26:26+00	2025-08-14 11:26:26+00	10	1	f
116	j250F74A8	f	ฝาชักโครกหลุด	.	completed	medium	2025-08-05 11:27:36+00	2025-08-05 11:27:36+00	2025-08-05 11:27:36+00	10	1	f
117	j2525623D	f	ที่กดสบู่หลุด	.	completed	medium	2025-08-06 11:28:57+00	2025-08-06 11:28:57+00	2025-08-06 11:28:57+00	10	1	f
118	j2590C78D	f	ฝาชักโครกหลุด	.	completed	medium	2025-08-02 11:30:16+00	2025-08-02 11:30:16+00	2025-08-02 11:30:16+00	10	1	f
119	j252B1F3F	f	ไปหัวเตียงดับ	.	completed	medium	2025-08-14 11:31:45+00	2025-08-14 11:31:45+00	2025-08-14 11:31:45+00	10	1	f
120	j2522814C	f	ไฟหัวเตียงดับ	.	completed	medium	2025-08-09 11:34:02+00	2025-09-01 11:34:02.422+00	2025-08-09 11:34:02+00	10	1	f
121	j251398F0	f	ไฟหัวเตียงดับ	.	completed	medium	2025-08-05 11:35:50+00	2025-08-05 11:35:50+00	2025-08-05 11:35:50+00	10	1	f
122	j25AEA32C	f	ฝาชักโครกหลุด	.	completed	medium	2025-08-05 11:36:44+00	2025-08-05 11:36:44+00	2025-08-05 11:36:44+00	10	1	f
123	j25E8397F	f	ฝาชักโครกหลุด	.	completed	medium	2025-08-05 11:37:44+00	2025-08-05 11:37:44+00	2025-08-05 11:37:44+00	10	1	f
124	j25BCA2D5	f	ทาสีผนังห้อง	.	completed	medium	2025-08-13 11:38:47+00	2025-08-13 11:38:47+00	2025-08-13 11:38:47+00	10	1	f
125	j25595A91	f	ฝาชักโครกหลุด	.	completed	medium	2025-08-12 11:39:46+00	2025-08-12 11:39:46+00	2025-08-12 11:39:46+00	10	1	f
126	j2556F4A6	f	ไฟหัวเตียงดับ	.	completed	medium	2025-08-09 11:40:40+00	2025-08-09 11:40:40+00	2025-08-09 11:40:40+00	10	1	f
127	j25FDFAAA	f	ฝาชักโครกหลุดและติดขอบสแตนเลสพื้น	.	completed	medium	2025-08-10 11:45:03+00	2025-08-10 11:45:03+00	2025-08-10 11:45:03+00	10	1	f
128	j251BB9FA	f	ขัดทาสีฝ้า	.	completed	medium	2025-08-09 11:49:00+00	2025-08-09 11:49:00+00	2025-08-09 11:49:00+00	10	1	f
129	j25099CBF	f	ไฟหัวเตียงดับ	.	completed	medium	2025-08-11 11:54:20+00	2025-08-11 11:54:20+00	2025-08-11 11:54:20+00	10	1	f
130	j25E9A4FE	f	ไฟหัวเตียงดับ	.	completed	medium	2025-08-19 11:55:23+00	2025-08-19 11:55:23+00	2025-08-19 11:55:23+00	10	1	f
131	j259545CB	f	ยาแนวกระเบื้องห้องน้ำ	.	completed	medium	2025-08-20 11:56:18+00	2025-08-20 11:56:18+00	2025-08-20 11:56:18+00	10	1	f
132	j254A5DC0	f	ทาสีผนัง	.	completed	medium	2025-08-20 11:57:20+00	2025-08-20 11:57:20+00	2025-08-20 11:57:20+00	10	1	f
133	j2507A142	f	ชักโครกมีกลิ่น	.	completed	medium	2025-08-23 11:58:34+00	2025-08-23 11:58:34+00	2025-08-23 11:58:34+00	10	1	f
134	j25BE3E81	f	ชักโครกมีกลิ่น	.	completed	medium	2025-08-24 11:59:29+00	2025-08-24 11:59:29+00	2025-08-24 11:59:29+00	10	1	f
135	j252B6804	f	ก๊อกอ่างล้างหน้าตัน	.	completed	medium	2025-08-23 12:00:30+00	2025-08-23 12:00:30+00	2025-08-23 12:00:30+00	10	1	f
136	j255276B5	f	ชักโครกมีกลิ่น	ยกชักโครกเปลี่ยนยางกันกลิ่น	completed	medium	2025-08-23 12:02:34+00	2025-08-23 12:02:34+00	2025-08-23 12:02:34+00	10	1	f
137	j252F4BAD	f	ทาสีผนัง	.	completed	medium	2025-08-26 12:03:58+00	2025-08-26 12:03:58+00	2025-08-26 12:03:58+00	10	1	f
138	j25B73F5C	f	ไฟ alarm ดังเอง	ถอดหัวฉีด คอนแทคคลีนเนอร์	completed	medium	2025-08-13 14:48:51+00	2025-08-13 14:48:51+00	2025-08-13 14:48:51+00	9	1	f
139	j25CCFB37	f	ตู้เซฟใช้งานไม่ได้	ขึ้นhold รีเซ็ตใหม่แล้ว	completed	medium	2025-08-12 14:53:26+00	2025-08-12 14:53:26+00	2025-08-12 14:53:26+00	9	1	f
140	j25B36937	f	เครื่องซักผ้าไม่กินเหรียร	รอซัพพายเออร์	pending	medium	2025-08-25 05:21:38+00	2025-08-25 05:21:38+00	\N	8	1	f
141	j25780D72	f	ไฟหัวเตียงดับ	.	completed	medium	2025-08-25 05:22:19+00	2025-08-25 05:22:19+00	2025-08-25 05:22:19+00	8	1	f
142	j2516383D	f	ไฟหัวเตียงดับ	.	completed	medium	2025-08-25 05:24:47+00	2025-08-25 05:24:47+00	2025-08-25 05:24:47+00	8	1	f
143	j252599FA	f	ทาสีและแก้น้ำซึมเข้าขอบหน้าต่างตามผนัง	.	completed	medium	2025-09-02 08:35:52.855+00	2025-09-02 08:35:52.855+00	2025-09-02 08:35:52.855+00	11	11	f
144	j25EA450A	f	ทาสีผนัง	.	completed	medium	2025-09-02 09:01:04.384+00	2025-09-02 09:01:04.384+00	2025-09-02 09:01:04.384+00	11	11	f
145	j258E7850	f	แก้ไขผนังผุ	.	completed	medium	2025-09-02 09:08:10.316+00	2025-09-02 09:08:10.316+00	2025-09-02 09:08:10.316+00	10	10	f
146	j25555415	f	ฝาชักโครกหลุด	.	completed	medium	2025-09-02 09:10:41.58+00	2025-09-02 09:10:41.58+00	2025-09-02 09:10:41.58+00	10	10	f
147	j25C4B42B	f	ทาสีผนังห้อง	.	completed	medium	2025-09-02 09:12:34.804+00	2025-09-02 09:12:34.804+00	2025-09-02 09:12:34.804+00	10	10	f
148	j25A35E7B	f	ทาสีผนังขอบกระจกรอยน้ำซึมเข้ามา	.	completed	medium	2025-09-02 09:27:35.954+00	2025-09-02 09:27:35.954+00	2025-09-02 09:27:35.954+00	11	11	f
149	j25FEA733	f	ฝาชักโครกหลุด	.	completed	medium	2025-09-02 09:44:31.861+00	2025-09-02 09:44:31.862+00	2025-09-02 09:44:31.862+00	10	10	f
150	j25266CD3	f	ปุกราวแขวนเสื้อหลุด	ยึดใหม่ +ซีลีโคน	completed	medium	2025-08-25 02:19:52+00	2025-08-25 02:19:52+00	2025-08-25 02:19:52+00	9	1	f
151	j25C07BE5	f	ทาสีรอยเปื้อย	ทาสี	completed	medium	2025-08-25 02:29:49+00	2025-08-25 02:29:49+00	2025-08-25 02:29:49+00	9	1	f
152	j256ECF75	f	ผนังเป็นรอย	ยิงแดป + ทาสี	completed	medium	2025-08-25 02:32:22+00	2025-08-25 02:32:22+00	2025-08-25 02:32:22+00	9	1	f
153	j25773783	f	ฝาครอบสปิงเกอร์หลุด	ใส่ฝากลับ	completed	medium	2025-08-27 02:35:02+00	2025-08-27 02:35:02+00	2025-08-27 02:35:02+00	9	1	f
154	j25E3D45C	f	พัดลมแอร์มีเสียงขูดเหล็ก	ปรับใบพัดลม ให้ไม่ขูดกับเหล็ก	completed	medium	2025-08-27 02:39:29+00	2025-08-27 02:39:29+00	2025-08-27 02:39:29+00	9	1	f
155	j254597A9	f	ไฟหัวเตียงดับ	บัดกรีใหม่	completed	medium	2025-08-27 02:42:43+00	2025-08-27 02:42:43+00	2025-08-27 02:42:43+00	9	1	f
156	j25E1BC8E	f	ฝาชักโครกโยก	ขันน๊อตให้แน่น	completed	medium	2025-08-27 02:44:42+00	2025-08-27 02:44:42+00	2025-08-27 02:44:42+00	9	1	f
157	j25803A51	f	ห้องอาบน้ำน้ำไม่ไหลลงท่อ	เส้นผมอุด	completed	medium	2025-08-27 02:45:53+00	2025-08-27 02:45:53+00	2025-08-27 02:45:53+00	9	1	f
159	j25C12B4A	f	ท่อห้องน้ำไม่ระบาย	เส้นผมอุด	completed	medium	2025-08-28 02:50:27+00	2025-08-28 02:50:27+00	2025-08-28 02:50:27+00	9	1	f
160	j25447C9C	f	หัวชำระน้ำหยด	แก้ไขแล้ว	completed	medium	2025-08-28 04:45:54+00	2025-08-28 04:45:54+00	2025-08-28 04:45:54+00	9	1	f
161	j257E3655	f	ตะข้อเกี่ยวตุ๊กตา ผ้าม่านหลุด	เกี่ยวกลับคืนแล้ว	completed	medium	2025-08-28 04:53:48+00	2025-08-28 04:53:48+00	2025-08-28 04:53:48+00	9	1	f
162	j2563E0BE	f	ซีลีโคนขึ้นรา	กรีดเก่าออก ยิงใหม่	completed	medium	2025-09-03 08:24:53.267+00	2025-09-03 08:24:53.267+00	2025-09-03 08:24:53.267+00	9	9	f
163	j259A7EC3	f	ฝาชักโครกโยก	น๊อตหลวม	completed	medium	2025-09-03 08:25:58.353+00	2025-09-03 08:25:58.353+00	2025-09-03 08:25:58.353+00	9	9	f
164	j25E25278	f	ยิงซิลิโคนขอบประตู	.	completed	medium	2025-09-03 10:27:58.818+00	2025-09-03 10:27:58.818+00	2025-09-03 10:27:58.818+00	10	10	f
165	j25C7F82E	f	ทาสีขอบผนังหน้าห้องน้ำ	.	completed	medium	2025-09-03 12:28:20.013+00	2025-09-03 12:28:20.013+00	2025-09-03 12:28:20.013+00	10	10	f
166	j2525EC36	f	แก้ไขประตูเข้าห้องตกและมีเสียงดัง	.	completed	medium	2025-09-03 12:29:39.73+00	2025-09-03 12:29:39.73+00	2025-09-03 12:29:39.73+00	10	10	f
167	j251FB708	f	แก้ไขชักโครกน้ำซึมและมีกลิ่นและยาแนวกระเบื้อง	เปลี่ยนยางกันกลิ่น	completed	medium	2025-09-03 12:42:28.954+00	2025-09-03 12:42:28.954+00	2025-09-03 12:42:28.954+00	10	10	f
168	j2559E059	f	แก้ไขสัญญาณทีวี	.	completed	medium	2025-09-03 17:20:08.477+00	2025-09-03 17:20:08.477+00	2025-09-03 17:20:08.477+00	10	10	f
169	j25210045	f	แก้ไขสัญญาณทีวี	.	completed	medium	2025-09-03 17:21:33.488+00	2025-09-03 17:21:33.488+00	2025-09-03 17:21:33.488+00	10	10	f
170	j2576D819	f	ซักโครกตัน	.	completed	medium	2025-09-04 09:58:12.247+00	2025-09-04 10:03:36.699+00	2025-09-04 10:03:36.698+00	8	8	f
171	j25BFA424	f	บานพับโต๊ะฟร้อนติด	น๊อตหลวม	completed	medium	2025-09-04 09:59:33.807+00	2025-09-04 09:59:33.807+00	2025-09-04 09:59:33.807+00	9	9	f
172	j2568F1AF	f	ติดป้ายอะคริลิคห้องน้ำ lobby และบันไดทางขึ้น	.	completed	medium	2025-09-04 15:04:02.608+00	2025-09-04 15:04:02.608+00	2025-09-04 15:04:02.608+00	10	10	f
173	j252A5833	f	ทาสีดำกล่องบริจาค	.	completed	medium	2025-09-04 15:05:38.523+00	2025-09-04 15:05:38.523+00	2025-09-04 15:05:38.523+00	10	10	f
174	j25DD16FA	f	แก้ไขประตูเข้าห้องเข้าห้องเปิดไม่สุด	.	completed	medium	2025-09-04 15:08:39.46+00	2025-09-04 15:08:39.46+00	2025-09-04 15:08:39.46+00	10	10	f
175	j25A7B41E	f	เช็ดคราบเปื้อนกาวพื้นสแตนเลส	.	completed	medium	2025-09-04 15:11:12.968+00	2025-09-04 15:11:12.968+00	2025-09-04 15:11:12.968+00	10	10	f
176	j25750235	f	มีน้ำรั่วจากขอบบัว	รั่วจากข้างนอกเข้ามา	pending	medium	2025-09-05 04:07:58.972+00	2025-09-05 04:07:58.972+00	\N	9	9	f
177	j259DE5C7	f	ประตูกระจกห้องน้ำตก	ประตูตก	completed	medium	2025-09-05 04:28:00.694+00	2025-09-05 04:28:00.694+00	2025-09-05 04:28:00.694+00	9	9	f
178	j25F1A63D	f	คิ้วกันกระแทกหลุด	ยิง fastbond ติดกลับ	completed	medium	2025-09-05 04:35:25.1+00	2025-09-05 04:35:25.1+00	2025-09-05 04:35:25.1+00	9	9	f
179	j258AB0EE	f	ยิงซีลีโคนขอบกระจก	ยิฃซีลีโคน	completed	medium	2025-09-05 06:57:36.753+00	2025-09-05 06:57:36.753+00	2025-09-05 06:57:36.753+00	9	9	f
180	j2540C313	f	เก็บสีห้อง	ทาสีรอยเปื้อน	completed	medium	2025-09-05 06:58:19.908+00	2025-09-05 06:58:19.908+00	2025-09-05 06:58:19.908+00	9	9	f
181	j25D30678	f	ประตูห้องน้ำตก	ประตูตก	completed	medium	2025-09-05 09:08:33.475+00	2025-09-05 09:08:33.476+00	2025-09-05 09:08:33.476+00	9	9	f
182	j25E3345D	f	น้ำรั่วขอบกระจก	นั้าซึม	completed	medium	2025-09-05 09:22:44.045+00	2025-09-06 03:20:30.016+00	2025-09-06 03:20:30.016+00	9	9	f
183	j25FB9656	f	น้ำรั่วขอบกระจก	น้ำซึม	completed	medium	2025-09-05 09:24:12.784+00	2025-09-11 06:08:49.71+00	2025-09-11 06:08:49.71+00	9	9	f
184	j253A5E33	f	น้ำรั่วขอบกระจก	น้ำซึม	pending	medium	2025-09-05 09:25:45.963+00	2025-09-05 09:25:45.963+00	\N	9	9	f
185	j250DE98E	f	น้ำรั่วซึมขอบกระจก	นั้าซึม	pending	medium	2025-09-05 09:31:50.117+00	2025-09-05 09:31:50.118+00	\N	9	9	f
186	j250538BD	f	น้ำรั่วซึมขอบกระจก	ซึม	pending	medium	2025-09-05 09:32:32.664+00	2025-09-05 09:32:32.664+00	\N	9	9	f
187	j25692E8C	f	น้ำรั่วซึมขอบกระจก	น้ำซึม	pending	medium	2025-09-05 09:33:27.54+00	2025-09-05 09:33:27.54+00	\N	9	9	f
188	j25D023A6	f	น้ำรั่วซึมขอบกระจก	น้ำซึม	pending	medium	2025-09-05 09:34:59.612+00	2025-09-05 09:34:59.612+00	\N	9	9	f
189	j25B78E89	f	น้ำรั่วซึมขอบกระจก	น้ำซึม	pending	medium	2025-09-05 09:35:39.317+00	2025-09-05 09:35:39.318+00	\N	9	9	f
190	j25C145F5	f	น้ำรั่วซึมขอบกระจก	น้ำซึม	pending	medium	2025-09-05 09:36:12.615+00	2025-09-05 09:36:12.615+00	\N	9	9	f
191	j25AF7808	f	น้ำรั่วซึมขอบกระจก	น้ำซึมเข้ามา	pending	medium	2025-09-05 09:37:27.674+00	2025-09-05 09:37:27.675+00	\N	9	9	f
192	j258EE829	f	น้ำรั่วจากเพดานห้อง	น้ำรั่วมากจากดาลฟ้า  ติดห้องแขก	pending	medium	2025-09-05 09:38:39.269+00	2025-09-05 09:38:39.269+00	\N	9	9	f
193	j2595799F	f	น้ำรั่วซึมขอบกระจก	น้ำซึม	pending	medium	2025-09-05 09:39:36.564+00	2025-09-05 09:39:36.564+00	\N	9	9	f
194	j25EAFA8C	f	น้ำรั่วซึมขอบกระจก	น้ำซึม	pending	medium	2025-09-05 09:40:30.714+00	2025-09-05 09:40:30.714+00	\N	9	9	f
195	j2502F2A3	f	น้ำรั่วซึมขอบกระจก	น้ำซึมขอบกระจก	completed	medium	2025-09-05 09:41:08.991+00	2025-09-06 06:07:13.17+00	2025-09-06 06:07:13.17+00	9	9	f
196	j25EF29E7	f	น้ำรั่วซึมขอบกระจก	น้ำซึมขอบซีลีโคนเก่า	pending	medium	2025-09-05 09:46:23.203+00	2025-09-05 09:46:23.203+00	\N	9	9	f
197	j25870658	f	น้ำรั่วซึมขอบกระจก	น้ำซึม คราบน้ำ	pending	medium	2025-09-05 09:47:21.176+00	2025-09-05 09:47:21.176+00	\N	9	9	f
198	j25B84560	f	น้ำรั่วซึมขอบกระจก	น้ำซึม	pending	medium	2025-09-05 09:48:01.571+00	2025-09-05 09:48:01.571+00	\N	9	9	f
199	j258C3A81	f	น้ำรั่วซึมข้างกระจก	น้ำซึมผนัง	pending	medium	2025-09-05 09:48:51.614+00	2025-09-05 09:48:51.615+00	\N	9	9	f
200	j2580E42B	f	น้ำรั่วซึมผนัง	น้ำซึมเป็นคราบ	pending	medium	2025-09-05 09:49:42.513+00	2025-09-05 09:49:42.513+00	\N	9	9	f
201	j25221681	f	ยิงซิลิโคนขอบกระจกจุดที่มีรอยน้ำรั่วซึมเข้ามาภายในห้อง	.	completed	medium	2025-09-05 15:52:43.482+00	2025-09-05 15:52:43.482+00	2025-09-05 15:52:43.482+00	11	11	f
202	j2537F08F	f	ที่กดสบู่ล้างมือหลุด	ยึดน๊อต	completed	medium	2025-09-06 06:05:03.332+00	2025-09-06 06:05:03.332+00	2025-09-06 06:05:03.332+00	9	9	f
203	j25547220	f	ประตูเสียงดัง	ฉีดจาระบีขาว	completed	medium	2025-09-06 06:06:53.087+00	2025-09-06 06:06:53.087+00	2025-09-06 06:06:53.087+00	9	9	f
204	j25C7458C	f	ยิงซิลิโคนขอบกระจกแก้ไขน้ำซึมเข้ามา	.	completed	medium	2025-09-06 11:48:11.558+00	2025-09-06 11:48:11.558+00	2025-09-06 11:48:11.558+00	11	11	f
205	j25A8BFB2	f	เปิดฝ้าเพดานดูจุดที่มีน้ำรั่วซึมลงมาภายในห้อง พบ 1จุด	.	pending	medium	2025-09-06 11:50:41.795+00	2025-09-06 11:50:41.795+00	\N	11	11	f
206	j2576F473	f	เปิดฝ้าเพดานดูรอยน้ำรั่วพบจุดที่น้ำรั่วซึมลงมาสองจุดคือบริเวณช่องกิวแอร์ข้างกล่องบล็อกไฟและลืมไฟระหว่างผนัง หลัง TV	.	pending	medium	2025-09-06 12:12:14.658+00	2025-09-06 12:12:14.659+00	\N	11	11	f
207	j2581F47B	f	แก้ไขน้ำรั่วซึมเข้ามาขอบกระจก ด้วยการยิงซิลิโคนอุด	.	completed	medium	2025-09-06 13:04:53.011+00	2025-09-06 13:04:53.012+00	2025-09-06 13:04:53.012+00	11	11	f
208	j255C4689	f	แก้ไขน้ำไหลเข้าถังพักน้ำชักโครกเบา	.	completed	medium	2025-09-06 15:15:35.138+00	2025-09-06 15:15:35.138+00	2025-09-06 15:15:35.138+00	11	11	f
209	j256DD40F	f	เปลี่ยนอะแดปเตอร์ไดรเวอร์	.	completed	medium	2025-09-07 07:18:42.083+00	2025-09-07 07:18:42.084+00	2025-09-07 07:18:42.084+00	11	11	f
210	j255CBEDE	f	น้ำซึมลงมาจากดาดฟ้าเข้าภายในห้องพักซึ่งเป็นจุดที่เชื่อมกับน๊อตและเหล็กยึดกล่อง คอนโทรล	.	in_progress	medium	2025-09-07 08:17:12.914+00	2025-09-09 06:37:16.804+00	\N	11	8	f
212	j252315D0	f	แก้ไขฝาชักโครกโยก	.	completed	medium	2025-09-07 09:18:39.221+00	2025-09-07 09:18:39.222+00	2025-09-07 09:18:39.222+00	11	11	f
213	j25A29FE1	f	แก้ไขประตูห้องน้ำติดวงกบ	.	completed	medium	2025-09-07 09:26:15.619+00	2025-09-07 09:26:15.619+00	2025-09-07 09:26:15.619+00	10	10	f
214	j25403E67	f	แก้ไขสายฉีดชำระน้ำหยด	.	completed	medium	2025-09-07 09:30:43.546+00	2025-09-07 09:30:43.546+00	2025-09-07 09:30:43.546+00	10	10	f
215	j25C09E60	f	ติดขอบสแตนเลสพื้น	.	completed	medium	2025-09-07 09:34:19.595+00	2025-09-07 09:34:19.595+00	2025-09-07 09:34:19.595+00	10	10	f
216	j25A61A3E	f	แก้ไขผนังผุ	.	completed	medium	2025-09-07 09:35:36.483+00	2025-09-07 09:35:36.483+00	2025-09-07 09:35:36.483+00	10	10	f
217	j256B1F2B	f	แก้ไขไฟหัวเตียงดับ	.	completed	medium	2025-09-07 09:39:43.617+00	2025-09-07 09:39:43.617+00	2025-09-07 09:39:43.617+00	10	10	f
218	j2574EAC6	f	แก้ไขฝาชักโครกโยก	.	completed	medium	2025-09-07 11:40:15.433+00	2025-09-07 11:40:15.433+00	2025-09-07 11:40:15.433+00	11	11	f
219	j250E66E0	f	ยิงซิลิโคนขอบกระจก น้ำซึมเข้ามา	.	completed	medium	2025-09-07 13:16:21.627+00	2025-09-07 13:16:21.627+00	2025-09-07 13:16:21.627+00	11	11	f
220	j2532F70B	f	เปิดฝ้าเพดานดูจุดที่มีน้ำรั่วซึมลงมาภายในห้อง พบ 1จุด	.	completed	medium	2025-09-08 02:10:40.129+00	2025-09-11 02:49:19.771+00	2025-09-11 02:49:19.771+00	11	8	f
221	j25A6C4C7	f	แก้ไขท่อเดรนตัน	.	completed	medium	2025-09-08 04:06:20.98+00	2025-09-08 04:06:20.98+00	2025-09-08 04:06:20.98+00	11	11	f
222	j253B2437	f	ทาสีผนัง	.	completed	medium	2025-09-08 04:29:38.664+00	2025-09-08 04:29:38.664+00	2025-09-08 04:29:38.664+00	11	11	f
223	j25A2F03A	f	แก้ไขไฟหัวเตียงดับ	.	completed	medium	2025-09-08 04:48:28.29+00	2025-09-08 04:48:28.29+00	2025-09-08 04:48:28.29+00	11	11	f
224	j25414D1E	f	แก้ไขไฟหัวเตียงดับ	.	completed	medium	2025-09-08 04:49:40.876+00	2025-09-08 04:49:40.877+00	2025-09-08 04:49:40.877+00	11	11	f
225	j255CCC92	f	แดปขอบเฟอร์นิเจอร์	.	completed	medium	2025-09-08 05:36:45.611+00	2025-09-08 05:36:45.612+00	2025-09-08 05:36:45.612+00	11	11	f
226	j25231CD4	f	แก้ผนังน้ำซึมเข้ามาจากด้านนอก	.	completed	medium	2025-09-08 09:25:12.151+00	2025-09-08 09:25:12.151+00	2025-09-08 09:25:12.151+00	11	11	f
227	j259E3050	f	แก้ไขไฟหัวเตียงดับ	.	completed	medium	2025-09-08 10:04:27.03+00	2025-09-08 10:04:27.031+00	2025-09-08 10:04:27.031+00	11	11	f
228	j250CC144	f	ฟิวระเบิด รอของมาเปลี่ยน	.	completed	medium	2025-09-08 12:02:52.269+00	2025-09-09 06:34:49.113+00	2025-09-09 06:34:49.112+00	11	8	f
229	j2596732F	f	แก้ไขไฟหัวเตียงดับ	.	completed	medium	2025-09-08 12:06:49.628+00	2025-09-08 12:06:49.628+00	2025-09-08 12:06:49.628+00	11	11	f
230	j25055826	f	แก้ไขน้ำซึมจากด้านนอกห้อง 529 ลง ห้อง 429แล้ว  \r\n(รอปิดฝ้าเพดาน)	.	completed	medium	2025-09-08 12:17:22.423+00	2025-09-11 02:49:33.983+00	2025-09-11 02:49:33.982+00	11	8	f
231	j25F74851	f	แก้ไขประตูกระจกห้องน้ำตก	.	completed	medium	2025-09-08 14:36:37.768+00	2025-09-08 14:36:37.768+00	2025-09-08 14:36:37.768+00	11	11	f
232	j25EC74CE	f	แก้ไขโคมไฟหัวเตียงไม่ติด	.	completed	medium	2025-09-08 14:52:33.836+00	2025-09-08 14:52:33.837+00	2025-09-08 14:52:33.837+00	11	11	f
233	j253F88E2	f	ติดป้ายหัวดับเพลิง	ยึดปุกติดป้าย	completed	medium	2025-09-09 09:20:28.923+00	2025-09-09 09:20:28.923+00	2025-09-09 09:20:28.923+00	9	9	f
234	j25447081	f	ไดร์เป่าผม ปากละลาย	เป่าร้อน สวมใหม่	completed	medium	2025-09-09 10:48:52.801+00	2025-09-09 10:48:52.801+00	2025-09-09 10:48:52.801+00	9	9	f
235	j254B4DB9	f	ขัด+ ทาสี ต่อจากพี่ไฝ่โป้ว	ขัด ทาสีใหม่	completed	medium	2025-09-09 11:54:39.995+00	2025-09-09 11:54:39.995+00	2025-09-09 11:54:39.995+00	9	9	f
236	j25E1DE12	f	แก้ไขปลั๊กไฟไม่ติด	.	completed	medium	2025-09-09 12:46:28.903+00	2025-09-09 12:46:28.903+00	2025-09-09 12:46:28.903+00	10	10	f
237	j25CA7A15	f	แก้ไขไฟหัวเตียงดับ	.	completed	medium	2025-09-09 12:50:11.669+00	2025-09-09 12:50:11.67+00	2025-09-09 12:50:11.67+00	10	10	f
238	j25362BEA	f	แก้ไขฝาชักโครกหลุด	.	completed	medium	2025-09-09 12:52:54.894+00	2025-09-09 12:52:54.894+00	2025-09-09 12:52:54.894+00	10	10	f
239	j25053ACC	f	แก้ไขวงกบประตูเข้าห้องแตก	.	completed	medium	2025-09-09 12:55:52.419+00	2025-09-09 12:55:52.419+00	2025-09-09 12:55:52.419+00	10	10	f
240	j258D8313	f	แก้ไขผนังร้าว	.	completed	medium	2025-09-10 12:04:12.589+00	2025-09-10 12:04:12.59+00	2025-09-10 12:04:12.59+00	10	10	f
241	j2505301C	f	ปิดฝ้าแก้ไขน้ำรั่ว	.	completed	medium	2025-09-10 12:06:53.919+00	2025-09-10 12:06:53.919+00	2025-09-10 12:06:53.919+00	10	10	f
242	j2500B3CD	f	แก้ไขไฟหลืบตกลงมา	.	completed	medium	2025-09-11 03:24:30.191+00	2025-09-11 03:24:30.192+00	2025-09-11 03:24:30.192+00	11	11	f
243	j25033390	f	ทาสีผนังห้องน้ำรอยด่าง	.	completed	medium	2025-09-11 03:44:08.464+00	2025-09-11 03:44:08.464+00	2025-09-11 03:44:08.464+00	11	11	f
244	j257090F0	f	ทาสีผนังห้องน้ำรอยด่าง	.	completed	medium	2025-09-11 03:47:28.085+00	2025-09-11 03:47:28.085+00	2025-09-11 03:47:28.085+00	11	11	f
245	j258CF221	f	ขัดฝ้าเพดานแล้วรอทาสี	.	pending	medium	2025-09-11 09:04:36.646+00	2025-09-11 09:04:36.646+00	\N	11	11	f
246	j2555EE8A	f	แก้ไขน้ำรั่วซึมลงมาจากดาดฟ้า\r\nรอทากันซึมและทาสีฝ้าเพดานภายในห้อง	.	pending	medium	2025-09-11 09:11:35.871+00	2025-09-11 09:11:35.871+00	\N	11	11	f
247	j2549B714	f	ทาสีผนังรอยด่าง	.	completed	medium	2025-09-11 09:38:11.443+00	2025-09-11 09:38:11.443+00	2025-09-11 09:38:11.443+00	11	11	f
248	j25E1944E	f	ทาสีผนังห้องรอยด่าง	.	completed	medium	2025-09-11 09:41:22.555+00	2025-09-11 09:41:22.555+00	2025-09-11 09:41:22.555+00	11	11	f
250	j259D2AA9	f	แก้ไขทีวีเชื่อมกับมือถือไม่ได้	.	completed	medium	2025-09-15 08:45:30.319+00	2025-09-15 08:45:30.319+00	2025-09-15 08:45:30.319+00	11	11	f
257	j252C3C18	f	แก้ไขชักโครกตัน	.	completed	medium	2025-09-16 18:38:29.610714+00	2025-09-16 18:38:29.610962+00	2025-09-16 18:38:29.610968+00	10	10	f
264	j259BE638	f	แก้ไขผนังร้าว	.	completed	medium	2025-09-16 19:12:14.464778+00	2025-09-16 19:12:14.464975+00	2025-09-16 19:12:14.46498+00	10	10	f
269	j257697E3	f	เก็บสีรอบห้อง	เก็บสี   โป้วรอยแตก	completed	medium	2025-09-17 10:35:46.056504+00	2025-09-17 10:35:46.056654+00	2025-09-17 10:35:46.056657+00	9	9	f
270	j25BED0E1	f	ฝาชักโครกโยก	ฝาชักโครกโยก	completed	medium	2025-09-17 10:39:27.800806+00	2025-09-17 10:39:27.800972+00	2025-09-17 10:39:27.800976+00	9	9	f
271	j25BD25C5	f	เก็บสีรอยเลอะ	เก็บรอยขอบปูนข้างห้องน้ำ +  ทาสี	completed	medium	2025-09-17 10:46:54.494765+00	2025-09-17 10:46:54.494887+00	2025-09-17 10:46:54.494889+00	9	9	f
272	j25BF6B73	f	เก็บสีห้อง	เก็บสี	completed	medium	2025-09-17 10:49:03.608099+00	2025-09-17 10:49:03.608237+00	2025-09-17 10:49:03.608241+00	9	9	f
252	j256E8338	f	ไฟไม่ติด	.	completed	medium	2025-09-16 13:17:28.867076+00	2025-09-17 14:37:45.820989+00	2025-09-17 14:37:45.820641+00	8	8	f
253	j25BDE5B2	f	ทำความสะอาดคราบกาว	.	completed	medium	2025-09-16 13:18:44.183244+00	2025-09-17 14:37:55.618648+00	2025-09-17 14:37:55.618096+00	8	8	f
249	j2573D304	f	แก้ไขคราบน้ำแอร์หยด โป๊ฝ้าเพดาน รอทาสี	.	completed	medium	2025-09-11 10:24:51.464+00	2025-09-18 01:41:16.128033+00	2025-09-18 01:41:16.127689+00	11	1	f
273	j25088117	f	ฝาชักโครกโยก	ฝาโยก	completed	medium	2025-09-18 06:00:20.012379+00	2025-09-18 06:00:20.012526+00	2025-09-18 06:00:20.01253+00	9	9	f
274	j25EEB5D1	f	ฝาชักโครกโยก	ขันน๊อต	completed	medium	2025-09-18 06:32:55.602672+00	2025-09-18 06:32:55.60284+00	2025-09-18 06:32:55.602844+00	9	9	f
275	j25EB4830	f	ชักโครกตันห้องน้ำ lobby ทั้ง 2 ห้อง	.	completed	medium	2025-09-18 06:55:34.764078+00	2025-09-18 06:55:34.76421+00	2025-09-18 06:55:34.764213+00	10	10	f
276	j25310C83	f	ทาสีฝ้าห้องน้ำ	.	completed	medium	2025-09-18 06:57:15.149754+00	2025-09-18 06:57:15.149961+00	2025-09-18 06:57:15.149965+00	10	10	f
277	j25628408	f	ชักโครกตัน	.	completed	medium	2025-09-18 06:58:40.54884+00	2025-09-18 06:58:40.548983+00	2025-09-18 06:58:40.548986+00	10	10	f
278	j25923473	f	ฝาชักโครกหลุด	.	completed	medium	2025-09-18 07:00:03.552548+00	2025-09-18 07:00:03.553418+00	2025-09-18 07:00:03.553426+00	10	10	f
279	j25C54FB0	f	ไปหัวเตียงดับ	.	completed	medium	2025-09-18 07:01:16.940276+00	2025-09-18 07:01:16.940448+00	2025-09-18 07:01:16.940452+00	10	10	f
280	j254002F4	f	ฝาชักโครกหลุด	.	completed	medium	2025-09-18 07:03:04.533614+00	2025-09-18 07:03:04.533783+00	2025-09-18 07:03:04.533787+00	10	10	f
281	j254A6AB7	f	ยาแนวห้องอาบน้ำใหม่	ยาแนวพื้นห้องอาบน้ำ	completed	medium	2025-09-18 09:41:14.51711+00	2025-09-18 09:41:14.517246+00	2025-09-18 09:41:14.51725+00	9	9	f
282	j254FB5C2	f	แก้ไขประตูตก	.	completed	medium	2025-09-18 10:21:53.700495+00	2025-09-18 10:21:53.700681+00	2025-09-18 10:21:53.700688+00	11	11	f
283	j25B2B669	f	เชื่อมต่อทีวีกับมือถือให้ลูกค้า	.	completed	medium	2025-09-18 10:22:49.689284+00	2025-09-18 10:22:49.68942+00	2025-09-18 10:22:49.689424+00	11	11	f
284	j25A422C9	f	ต่อวาล์วท่อเดนแอร์ห้อง CCTV	.	completed	medium	2025-09-18 10:24:07.538507+00	2025-09-18 10:24:07.538675+00	2025-09-18 10:24:07.538679+00	11	11	f
285	j255B2B79	f	ต่อวาล์วท่อเดนแอร์ห้อง CCTV	.	completed	medium	2025-09-18 10:24:59.419825+00	2025-09-18 10:24:59.419981+00	2025-09-18 10:24:59.419987+00	11	11	f
286	j2557EDF7	f	แก้ไขไฟหัวเตียงดับ	.	completed	medium	2025-09-18 10:59:12.67655+00	2025-09-18 10:59:12.67666+00	2025-09-18 10:59:12.676663+00	11	11	f
287	j25DF66E3	f	แก้ไขโคมไฟหลุด	.	completed	medium	2025-09-18 11:00:59.243047+00	2025-09-18 11:00:59.243237+00	2025-09-18 11:00:59.243241+00	11	11	f
288	j25ED4A12	f	เช็ดคราบกาว	.	completed	medium	2025-09-18 11:02:07.666913+00	2025-09-18 11:02:07.667073+00	2025-09-18 11:02:07.667076+00	11	11	f
289	j257F0F00	f	ซ่อมเครื่องดูดฝุ่น	.	completed	medium	2025-09-18 11:26:59.695401+00	2025-09-18 11:26:59.695588+00	2025-09-18 11:26:59.695592+00	11	11	f
290	j25ABDBD9	f	ซ่อมเครื่องดูดฝุ่น	.	completed	medium	2025-09-18 11:27:06.246422+00	2025-09-18 11:27:06.24659+00	2025-09-18 11:27:06.246594+00	11	11	f
\.


--
-- Data for Name: myappLubd_job_rooms; Type: TABLE DATA; Schema: public; Owner: mylubd_user
--

COPY public."myappLubd_job_rooms" (id, job_id, room_id) FROM stdin;
231	20	73
232	21	59
233	22	86
234	23	83
235	24	76
236	25	56
237	26	57
238	27	11
239	28	25
240	29	29
241	30	6
242	31	75
243	32	49
244	33	106
245	34	27
246	35	121
247	36	30
248	37	128
249	38	33
250	39	15
251	40	57
252	41	58
253	42	119
254	43	133
255	44	88
256	45	30
257	46	59
258	47	5
259	48	60
260	49	115
261	50	106
262	51	37
263	52	10
264	53	120
265	54	75
266	55	73
267	56	2
268	57	27
269	58	29
270	59	92
271	60	105
272	61	86
273	62	1
274	63	116
275	64	124
276	65	9
277	66	37
278	67	79
279	68	20
280	69	33
281	70	8
282	71	29
283	72	39
284	73	98
285	74	33
286	75	32
287	76	98
288	77	3
289	78	106
290	79	46
291	80	79
292	81	83
293	82	115
294	83	74
295	84	103
296	85	93
297	86	45
298	87	6
299	88	6
300	89	50
301	90	79
302	91	61
303	92	58
304	93	58
305	94	57
306	95	45
307	96	44
308	97	72
309	98	90
310	99	3
311	100	70
312	101	21
313	102	19
314	103	7
315	104	1
316	105	36
317	106	49
318	107	30
319	108	39
320	109	40
321	110	33
322	111	85
323	112	111
324	113	16
325	114	42
326	115	78
327	116	83
328	117	112
329	118	84
330	119	92
331	120	40
332	121	28
333	122	84
334	123	82
335	124	22
336	125	113
337	126	76
338	127	112
339	128	115
340	129	5
341	130	87
342	131	94
343	132	32
344	133	71
345	134	69
346	135	57
347	136	74
348	137	57
349	138	133
350	139	19
351	140	177
352	141	87
353	142	86
354	143	101
355	144	94
356	145	78
357	146	70
358	147	36
359	148	51
360	149	51
361	150	15
362	151	33
363	152	55
364	153	83
365	154	75
366	155	86
367	156	91
368	157	53
369	158	81
370	159	48
371	160	6
372	161	180
373	162	51
374	163	50
375	164	128
376	165	99
377	166	119
378	167	173
379	168	52
380	169	43
381	170	102
382	171	181
383	172	181
384	173	181
385	174	88
386	175	35
387	176	8
388	177	94
389	178	181
390	179	32
391	180	34
392	181	96
393	182	1
394	183	2
395	184	3
396	185	63
397	186	64
398	187	65
399	188	66
400	189	11
401	190	12
402	191	69
403	192	115
404	193	72
405	194	75
406	195	76
407	196	4
408	197	22
409	198	24
410	199	25
411	200	20
412	201	1
413	202	110
414	203	92
415	204	181
416	205	8
417	206	115
418	207	52
419	208	50
420	209	181
421	210	52
422	211	102
423	212	34
424	213	51
425	214	51
426	215	114
427	216	114
428	217	120
429	218	82
430	219	2
431	220	8
432	221	61
433	222	71
434	223	69
435	224	76
436	225	18
437	226	2
438	227	36
439	228	37
440	229	109
441	230	8
442	231	96
443	232	94
444	233	181
445	234	99
446	235	124
447	236	62
448	237	57
449	238	120
450	239	49
451	240	54
452	241	8
453	242	30
454	243	98
455	244	97
456	245	115
457	246	52
458	247	81
459	248	82
460	249	59
461	250	117
463	252	60
464	253	59
465	254	48
466	255	44
467	256	110
468	257	81
469	258	88
470	259	95
471	260	105
472	261	83
473	262	69
474	263	58
475	264	125
476	265	125
477	266	124
478	267	123
479	268	3
480	269	4
481	270	54
482	271	35
483	272	55
484	273	181
485	274	62
486	275	181
487	276	56
488	277	117
489	278	1
490	279	45
491	280	76
492	281	120
493	282	101
494	283	81
495	284	181
496	285	181
497	286	40
498	287	181
499	288	181
500	289	181
501	290	181
\.


--
-- Data for Name: myappLubd_job_topics; Type: TABLE DATA; Schema: public; Owner: mylubd_user
--

COPY public."myappLubd_job_topics" (id, job_id, topic_id) FROM stdin;
230	20	2
231	21	2
232	22	5
233	23	2
234	24	2
235	25	3
236	26	3
237	27	3
238	28	3
239	29	5
240	30	2
241	31	5
242	32	3
243	33	1
244	34	2
245	35	1
246	36	3
247	37	2
248	38	3
249	39	2
250	40	3
251	41	3
252	42	3
253	43	3
254	44	2
255	45	2
256	46	1
257	47	3
258	49	2
259	50	1
260	51	5
261	52	3
262	53	2
263	54	5
264	55	2
265	56	2
266	57	3
267	58	2
268	59	2
269	60	5
270	61	5
271	62	3
272	63	1
273	64	1
274	65	3
275	66	3
276	67	2
277	68	4
278	69	5
279	70	8
280	71	5
281	72	2
282	73	2
283	74	3
284	75	5
285	76	2
286	77	6
287	78	5
288	79	2
289	80	5
290	81	3
291	82	3
292	83	3
293	84	4
294	85	2
295	86	3
296	87	1
297	88	2
298	89	2
299	90	4
300	91	2
301	92	3
302	93	3
303	94	3
304	95	5
305	96	2
306	97	2
307	98	3
308	99	5
309	100	5
310	101	2
311	102	3
312	103	3
313	104	3
314	105	2
315	106	2
316	107	3
317	108	2
318	109	5
319	110	4
320	111	2
321	112	3
322	113	2
323	114	3
324	115	6
325	116	2
326	117	2
327	118	2
328	119	5
329	120	5
330	121	5
331	122	2
332	123	2
333	124	3
334	125	2
335	126	5
336	127	2
337	128	3
338	129	5
339	130	5
340	131	2
341	132	3
342	133	2
343	134	2
344	135	7
345	136	2
346	137	3
347	138	5
348	139	4
349	140	9
350	141	5
351	142	5
352	143	3
353	144	3
354	145	3
355	146	2
356	147	3
357	148	3
358	149	2
359	150	3
360	151	3
361	152	3
362	153	3
363	154	1
364	155	5
365	156	2
366	157	2
367	158	3
368	159	2
369	160	2
370	161	9
371	162	2
372	163	2
373	164	10
374	165	3
375	166	4
376	167	2
377	168	6
378	169	6
379	170	2
380	171	10
381	172	9
382	173	10
383	174	4
384	175	10
385	176	8
386	177	4
387	178	10
388	179	10
389	180	3
390	181	4
391	182	8
392	183	8
393	184	8
394	185	8
395	186	8
396	187	8
397	188	8
398	189	8
399	190	8
400	191	8
401	192	8
402	193	8
403	194	8
404	195	8
405	196	8
406	197	8
407	198	8
408	199	8
409	200	8
410	201	8
411	202	2
412	203	4
413	204	8
414	205	3
415	206	8
416	207	8
417	208	2
418	209	5
419	210	8
420	211	3
421	212	2
422	213	4
423	214	2
424	215	9
425	216	3
426	217	5
427	218	2
428	219	8
429	220	8
430	221	2
431	222	3
432	223	5
433	224	5
434	225	10
435	226	3
436	227	5
437	228	5
438	229	5
439	230	8
440	231	2
441	232	5
442	233	3
443	234	10
444	235	3
445	236	6
446	237	5
447	238	2
448	239	4
449	240	3
450	241	8
451	242	5
452	243	3
453	244	3
454	245	3
455	246	8
456	247	3
457	248	3
458	249	3
459	250	6
461	252	5
462	253	9
463	254	10
464	255	5
465	256	2
466	257	2
467	258	2
468	259	3
469	260	3
470	261	10
471	262	2
472	263	3
473	264	3
474	265	1
475	266	1
476	267	1
477	268	3
478	269	3
479	270	2
480	271	3
481	272	3
482	273	2
483	274	2
484	275	2
485	276	3
486	277	2
487	278	2
488	279	5
489	280	2
490	281	2
491	282	2
492	283	6
493	284	8
494	285	8
495	286	5
496	287	5
497	288	9
498	289	9
499	290	9
\.


--
-- Data for Name: myappLubd_jobimage; Type: TABLE DATA; Schema: public; Owner: mylubd_user
--

COPY public."myappLubd_jobimage" (id, image, uploaded_at, job_id, uploaded_by_id, jpeg_path) FROM stdin;
407	maintenance_job_images/2025/09/1000006308.jpg	2025-09-16 18:40:09.043473+00	258	10	1000006308.jpg
417	maintenance_job_images/2025/09/1000006305.jpg	2025-09-16 19:15:42.991506+00	265	10	1000006305.jpg
418	maintenance_job_images/2025/09/1000006301.jpg	2025-09-16 19:15:43.230869+00	265	10	1000006301.jpg
401	maintenance_job_images/2025/09/1000007849.jpg	2025-09-16 13:17:29.024884+00	252	8	1000007849.jpg
408	maintenance_job_images/2025/09/1000006319.jpg	2025-09-16 18:41:47.839492+00	259	10	1000006319.jpg
409	maintenance_job_images/2025/09/1000006317.jpg	2025-09-16 18:41:48.015566+00	259	10	1000006317.jpg
419	maintenance_job_images/2025/09/1000006301_B3w0up7.jpg	2025-09-16 19:18:54.985774+00	266	10	1000006301.jpg
420	maintenance_job_images/2025/09/1000006304.jpg	2025-09-16 19:18:55.159043+00	266	10	1000006304.jpg
402	maintenance_job_images/2025/09/1000007850.jpg	2025-09-16 13:18:44.282302+00	253	8	1000007850.jpg
410	maintenance_job_images/2025/09/1000006314.jpg	2025-09-16 18:43:58.839449+00	260	10	1000006314.jpg
411	maintenance_job_images/2025/09/1000006315.jpg	2025-09-16 18:43:59.058973+00	260	10	1000006315.jpg
421	maintenance_job_images/2025/09/1000006301_tuzIj8R.jpg	2025-09-16 19:20:18.210674+00	267	10	1000006301.jpg
422	maintenance_job_images/2025/09/1000006306.jpg	2025-09-16 19:20:18.36285+00	267	10	1000006306.jpg
403	maintenance_job_images/2025/09/1000007851.jpg	2025-09-16 13:20:15.996899+00	254	8	1000007851.jpg
412	maintenance_job_images/2025/09/1000006322.jpg	2025-09-16 18:45:59.199609+00	261	10	1000006322.jpg
423	maintenance_job_images/2025/09/1000006324.jpg	2025-09-16 19:23:07.927255+00	268	10	1000006324.jpg
404	maintenance_job_images/2025/09/1000006310.jpg	2025-09-16 18:30:51.008908+00	255	10	1000006310.jpg
413	maintenance_job_images/2025/09/1000006321.jpg	2025-09-16 18:48:12.655229+00	262	10	1000006321.jpg
405	maintenance_job_images/2025/09/1000006286.jpg	2025-09-16 18:34:46.582624+00	256	10	1000006286.jpg
414	maintenance_job_images/2025/09/1000006326.jpg	2025-09-16 19:07:08.658002+00	263	10	1000006326.jpg
415	maintenance_job_images/2025/09/1000006327.jpg	2025-09-16 19:07:08.845692+00	263	10	1000006327.jpg
22	maintenance_job_images/2025/09/1000005218.jpg	2025-09-01 08:19:33.508+00	20	10	1000005218.jpg
23	maintenance_job_images/2025/09/1000005211.jpg	2025-09-01 08:19:33.709+00	20	10	1000005211.jpg
24	maintenance_job_images/2025/09/1000003690.jpg	2025-09-01 08:36:11.674+00	21	10	1000003690.jpg
25	maintenance_job_images/2025/09/1000003692.jpg	2025-09-01 08:36:11.897+00	21	10	1000003692.jpg
26	maintenance_job_images/2025/09/1000005221.jpg	2025-09-01 08:39:53.929+00	22	10	1000005221.jpg
27	maintenance_job_images/2025/09/1000005027.jpg	2025-09-01 08:41:47.537+00	23	10	1000005027.jpg
28	maintenance_job_images/2025/09/1000005128.jpg	2025-09-01 08:43:55.303+00	24	10	1000005128.jpg
29	maintenance_job_images/2025/09/1000005043.jpg	2025-09-01 08:46:33.92+00	25	10	1000005043.jpg
30	maintenance_job_images/2025/09/1000005047.jpg	2025-09-01 08:49:43.003+00	26	10	1000005047.jpg
31	maintenance_job_images/2025/09/1000005048.jpg	2025-09-01 08:49:43.232+00	26	10	1000005048.jpg
32	maintenance_job_images/2025/09/1000005049.jpg	2025-09-01 08:51:50.889+00	27	10	1000005049.jpg
33	maintenance_job_images/2025/09/1000005051.jpg	2025-09-01 08:51:51.036+00	27	10	1000005051.jpg
34	maintenance_job_images/2025/09/1000005070.jpg	2025-09-01 08:54:34.313+00	28	10	1000005070.jpg
35	maintenance_job_images/2025/09/1000005068.jpg	2025-09-01 08:54:34.511+00	28	10	1000005068.jpg
36	maintenance_job_images/2025/09/1000005069.jpg	2025-09-01 08:54:34.726+00	28	10	1000005069.jpg
37	maintenance_job_images/2025/09/1000004516.jpg	2025-09-01 08:59:28.154+00	29	10	1000004516.jpg
38	maintenance_job_images/2025/09/IMG_1952.jpeg	2025-09-01 09:00:21.976+00	30	11	IMG_1952.jpg
39	maintenance_job_images/2025/09/1000004519.jpg	2025-09-01 09:01:26.445+00	31	10	1000004519.jpg
40	maintenance_job_images/2025/09/image.jpg	2025-09-01 09:03:31.967+00	32	11	image.jpg
41	maintenance_job_images/2025/09/1000004438.jpg	2025-09-01 09:04:07.522+00	33	10	1000004438.jpg
42	maintenance_job_images/2025/09/1000004441.jpg	2025-09-01 09:04:07.678+00	33	10	1000004441.jpg
43	maintenance_job_images/2025/09/image_kADn5s2.jpg	2025-09-01 09:04:50.637+00	34	11	image.jpg
44	maintenance_job_images/2025/09/1000004409.jpg	2025-09-01 09:06:18.266+00	35	10	1000004409.jpg
45	maintenance_job_images/2025/09/1000004408.jpg	2025-09-01 09:06:18.56+00	35	10	1000004408.jpg
46	maintenance_job_images/2025/09/image_xd4fXmk.jpg	2025-09-01 09:06:18.768+00	36	11	image.jpg
47	maintenance_job_images/2025/09/image_iNj7O9G.jpg	2025-09-01 09:07:54.687+00	37	11	image.jpg
48	maintenance_job_images/2025/09/image_T9KdgP0.jpg	2025-09-01 09:09:33.329+00	38	11	image.jpg
49	maintenance_job_images/2025/09/image_Ewtrl05.jpg	2025-09-01 09:11:21.254+00	39	11	image.jpg
50	maintenance_job_images/2025/09/image_duTIKNS.jpg	2025-09-01 09:12:37.135+00	40	11	image.jpg
51	maintenance_job_images/2025/09/1000004385.jpg	2025-09-01 09:13:00.406+00	41	10	1000004385.jpg
52	maintenance_job_images/2025/09/image_YVpRUES.jpg	2025-09-01 09:13:41.169+00	42	11	image.jpg
53	maintenance_job_images/2025/09/image_7ERPA2d.jpg	2025-09-01 09:15:05.884+00	43	11	image.jpg
54	maintenance_job_images/2025/09/IMG_1952_RJN2vW4.jpeg	2025-09-01 09:16:04.159+00	44	11	IMG_1952.jpg
55	maintenance_job_images/2025/09/1000004371.jpg	2025-09-01 09:16:51.696+00	45	10	1000004371.jpg
56	maintenance_job_images/2025/09/1000004372.jpg	2025-09-01 09:16:51.921+00	45	10	1000004372.jpg
57	maintenance_job_images/2025/09/IMG_1959.jpeg	2025-09-01 09:18:00.223+00	46	11	IMG_1959.jpg
58	maintenance_job_images/2025/09/IMG_1960.jpeg	2025-09-01 09:19:59.484+00	47	11	IMG_1960.jpg
59	maintenance_job_images/2025/09/IMG_1961.jpeg	2025-09-01 09:19:59.557+00	47	11	IMG_1961.jpg
60	maintenance_job_images/2025/09/image_ReYwcRU.jpg	2025-09-01 09:21:47.184+00	48	11	image.jpg
61	maintenance_job_images/2025/09/image_kPm8Ijy.jpg	2025-09-01 09:23:34.77+00	49	11	image.jpg
62	maintenance_job_images/2025/09/image_JTBvbhQ.jpg	2025-09-01 09:24:40.301+00	50	11	image.jpg
63	maintenance_job_images/2025/09/image_Gft7iYT.jpg	2025-09-01 09:26:38.968+00	51	11	image.jpg
64	maintenance_job_images/2025/09/image_tpweznl.jpg	2025-09-01 09:28:30.026+00	52	11	image.jpg
65	maintenance_job_images/2025/09/image_O6fFHGn.jpg	2025-09-01 09:29:43.124+00	53	11	image.jpg
66	maintenance_job_images/2025/09/image_eIP3abs.jpg	2025-09-01 09:31:08.222+00	54	11	image.jpg
67	maintenance_job_images/2025/09/image_CMd7ESm.jpg	2025-09-01 09:32:14.786+00	55	11	image.jpg
68	maintenance_job_images/2025/09/image_O49KuIG.jpg	2025-09-01 09:33:51.074+00	56	11	image.jpg
69	maintenance_job_images/2025/09/image_Wps1t2Q.jpg	2025-09-01 09:35:08.475+00	57	11	image.jpg
70	maintenance_job_images/2025/09/image_PYLZMAW.jpg	2025-09-01 09:37:53.218+00	58	11	image.jpg
71	maintenance_job_images/2025/09/IMG_3407.jpeg	2025-09-01 09:44:31.229+00	59	9	IMG_3407.jpg
72	maintenance_job_images/2025/09/IMG_3371.jpeg	2025-09-01 09:44:31.48+00	59	9	IMG_3371.jpg
73	maintenance_job_images/2025/09/IMG_3361.jpeg	2025-09-01 09:46:15.974+00	60	9	IMG_3361.jpg
74	maintenance_job_images/2025/09/IMG_3366.jpeg	2025-09-01 09:46:16.192+00	60	9	IMG_3366.jpg
75	maintenance_job_images/2025/09/IMG_3412.jpeg	2025-09-01 09:49:17.611+00	61	9	IMG_3412.jpg
76	maintenance_job_images/2025/09/IMG_3370.jpeg	2025-09-01 09:49:17.846+00	61	9	IMG_3370.jpg
77	maintenance_job_images/2025/09/IMG_3315.jpeg	2025-09-01 09:52:08.053+00	62	9	IMG_3315.jpg
78	maintenance_job_images/2025/09/IMG_3284.jpeg	2025-09-01 09:55:38.85+00	63	9	IMG_3284.jpg
79	maintenance_job_images/2025/09/IMG_3278.jpeg	2025-09-01 09:58:10.118+00	64	9	IMG_3278.jpg
80	maintenance_job_images/2025/09/IMG_3275.jpeg	2025-09-01 10:00:18.648+00	65	9	IMG_3275.jpg
81	maintenance_job_images/2025/09/IMG_3238.jpeg	2025-09-01 10:07:37.967+00	66	9	IMG_3238.jpg
82	maintenance_job_images/2025/09/IMG_3237.jpeg	2025-09-01 10:07:38.205+00	66	9	IMG_3237.jpg
83	maintenance_job_images/2025/09/IMG_3413.jpeg	2025-09-01 10:08:34.23+00	67	9	IMG_3413.jpg
84	maintenance_job_images/2025/09/IMG_3231.jpeg	2025-09-01 10:10:12.196+00	68	9	IMG_3231.jpg
85	maintenance_job_images/2025/09/IMG_3046.jpeg	2025-09-01 10:13:00.985+00	69	9	IMG_3046.jpg
86	maintenance_job_images/2025/09/IMG_3047.jpeg	2025-09-01 10:13:01.21+00	69	9	IMG_3047.jpg
87	maintenance_job_images/2025/09/IMG_3054.jpeg	2025-09-01 10:16:59.076+00	70	9	IMG_3054.jpg
88	maintenance_job_images/2025/09/IMG_3055.jpeg	2025-09-01 10:16:59.318+00	70	9	IMG_3055.jpg
89	maintenance_job_images/2025/09/IMG_3056.jpeg	2025-09-01 10:16:59.544+00	70	9	IMG_3056.jpg
90	maintenance_job_images/2025/09/IMG_1962.jpeg	2025-09-01 10:23:17.792+00	71	11	IMG_1962.jpg
91	maintenance_job_images/2025/09/image_EC3o2eA.jpg	2025-09-01 10:26:31.167+00	72	11	image.jpg
92	maintenance_job_images/2025/09/image_EsZg8te.jpg	2025-09-01 10:27:35.487+00	73	11	image.jpg
93	maintenance_job_images/2025/09/image_DKOCEAX.jpg	2025-09-01 10:29:04.028+00	74	11	image.jpg
94	maintenance_job_images/2025/09/image_MpieGoY.jpg	2025-09-01 10:31:25.646+00	75	11	image.jpg
95	maintenance_job_images/2025/09/image_pxekPrg.jpg	2025-09-01 10:32:54.067+00	76	11	image.jpg
96	maintenance_job_images/2025/09/IMG_1967.jpeg	2025-09-01 10:35:05.694+00	77	11	IMG_1967.jpg
97	maintenance_job_images/2025/09/IMG_1968.jpeg	2025-09-01 10:35:05.775+00	77	11	IMG_1968.jpg
98	maintenance_job_images/2025/09/IMG_1969.jpeg	2025-09-01 10:36:55.419+00	78	11	IMG_1969.jpg
99	maintenance_job_images/2025/09/1000005461.jpg	2025-09-01 10:37:47.808+00	79	10	1000005461.jpg
100	maintenance_job_images/2025/09/IMG_1971.jpeg	2025-09-01 10:37:49.711+00	80	11	IMG_1971.jpg
101	maintenance_job_images/2025/09/IMG_1972.jpeg	2025-09-01 10:37:49.778+00	80	11	IMG_1972.jpg
102	maintenance_job_images/2025/09/IMG_1976.jpeg	2025-09-01 10:39:48.47+00	81	11	IMG_1976.jpg
103	maintenance_job_images/2025/09/IMG_1974.jpeg	2025-09-01 10:39:48.523+00	81	11	IMG_1974.jpg
104	maintenance_job_images/2025/09/IMG_1982.jpeg	2025-09-01 10:42:18.962+00	82	11	IMG_1982.jpg
105	maintenance_job_images/2025/09/IMG_1981.jpeg	2025-09-01 10:42:19.018+00	82	11	IMG_1981.jpg
106	maintenance_job_images/2025/09/IMG_1980.jpeg	2025-09-01 10:43:06.546+00	83	11	IMG_1980.jpg
107	maintenance_job_images/2025/09/IMG_1979.jpeg	2025-09-01 10:43:06.599+00	83	11	IMG_1979.jpg
108	maintenance_job_images/2025/09/IMG_1978.jpeg	2025-09-01 10:43:06.652+00	83	11	IMG_1978.jpg
109	maintenance_job_images/2025/09/IMG_1977.jpeg	2025-09-01 10:43:06.703+00	83	11	IMG_1977.jpg
110	maintenance_job_images/2025/09/IMG_1985.jpeg	2025-09-01 10:44:43.393+00	84	11	IMG_1985.jpg
111	maintenance_job_images/2025/09/IMG_1986.jpeg	2025-09-01 10:47:10.943+00	85	11	IMG_1986.jpg
112	maintenance_job_images/2025/09/IMG_1987.jpeg	2025-09-01 10:47:10.996+00	85	11	IMG_1987.jpg
113	maintenance_job_images/2025/09/image_pdNTZmn.jpg	2025-09-01 10:48:33.209+00	86	11	image.jpg
114	maintenance_job_images/2025/09/1000005463.jpg	2025-09-01 10:49:42.594+00	87	10	1000005463.jpg
115	maintenance_job_images/2025/09/IMG_1989.jpeg	2025-09-01 10:49:49.373+00	88	11	IMG_1989.jpg
116	maintenance_job_images/2025/09/IMG_1990.jpeg	2025-09-01 10:49:49.424+00	88	11	IMG_1990.jpg
117	maintenance_job_images/2025/09/IMG_1991.jpeg	2025-09-01 10:52:06.371+00	89	11	IMG_1991.jpg
118	maintenance_job_images/2025/09/1000004241.jpg	2025-09-01 10:52:09.71+00	90	10	1000004241.jpg
119	maintenance_job_images/2025/09/IMG_1992.jpeg	2025-09-01 10:54:52.284+00	91	11	IMG_1992.jpg
120	maintenance_job_images/2025/09/IMG_1993.jpeg	2025-09-01 10:54:52.357+00	91	11	IMG_1993.jpg
121	maintenance_job_images/2025/09/IMG_1997.jpeg	2025-09-01 10:55:53.275+00	92	11	IMG_1997.jpg
122	maintenance_job_images/2025/09/IMG_1996.jpeg	2025-09-01 10:55:53.331+00	92	11	IMG_1996.jpg
123	maintenance_job_images/2025/09/IMG_1995.jpeg	2025-09-01 10:55:53.384+00	92	11	IMG_1995.jpg
124	maintenance_job_images/2025/09/IMG_1994.jpeg	2025-09-01 10:55:53.433+00	92	11	IMG_1994.jpg
125	maintenance_job_images/2025/09/IMG_1998.jpeg	2025-09-01 10:57:09.823+00	93	11	IMG_1998.jpg
126	maintenance_job_images/2025/09/image_BPyBCqu.jpg	2025-09-01 10:58:26.624+00	94	11	image.jpg
127	maintenance_job_images/2025/09/IMG_2001.jpeg	2025-09-01 10:59:24.11+00	95	11	IMG_2001.jpg
128	maintenance_job_images/2025/09/IMG_1999.jpeg	2025-09-01 10:59:24.165+00	95	11	IMG_1999.jpg
129	maintenance_job_images/2025/09/IMG_2002.jpeg	2025-09-01 11:00:24.627+00	96	11	IMG_2002.jpg
130	maintenance_job_images/2025/09/IMG_2003.jpeg	2025-09-01 11:00:24.71+00	96	11	IMG_2003.jpg
131	maintenance_job_images/2025/09/IMG_2004.jpeg	2025-09-01 11:01:46.616+00	97	11	IMG_2004.jpg
132	maintenance_job_images/2025/09/IMG_2009.jpeg	2025-09-01 11:03:20.201+00	98	11	IMG_2009.jpg
133	maintenance_job_images/2025/09/IMG_2008.jpeg	2025-09-01 11:03:20.271+00	98	11	IMG_2008.jpg
134	maintenance_job_images/2025/09/IMG_2007.jpeg	2025-09-01 11:03:20.341+00	98	11	IMG_2007.jpg
135	maintenance_job_images/2025/09/IMG_2006.jpeg	2025-09-01 11:03:20.415+00	98	11	IMG_2006.jpg
136	maintenance_job_images/2025/09/IMG_2005.jpeg	2025-09-01 11:03:20.489+00	98	11	IMG_2005.jpg
137	maintenance_job_images/2025/09/IMG_2011.jpeg	2025-09-01 11:05:03.919+00	99	11	IMG_2011.jpg
138	maintenance_job_images/2025/09/IMG_2013.jpeg	2025-09-01 11:06:27.317+00	100	11	IMG_2013.jpg
139	maintenance_job_images/2025/09/IMG_2014.jpeg	2025-09-01 11:06:27.371+00	100	11	IMG_2014.jpg
140	maintenance_job_images/2025/09/IMG_3414.jpeg	2025-09-01 11:07:34.2+00	101	9	IMG_3414.jpg
141	maintenance_job_images/2025/09/IMG_2018.jpeg	2025-09-01 11:07:36.259+00	102	11	IMG_2018.jpg
142	maintenance_job_images/2025/09/IMG_2017.jpeg	2025-09-01 11:07:36.343+00	102	11	IMG_2017.jpg
143	maintenance_job_images/2025/09/IMG_2016.jpeg	2025-09-01 11:07:36.414+00	102	11	IMG_2016.jpg
144	maintenance_job_images/2025/09/IMG_2015.jpeg	2025-09-01 11:07:36.496+00	102	11	IMG_2015.jpg
145	maintenance_job_images/2025/09/IMG_2021.jpeg	2025-09-01 11:10:31.061+00	103	11	IMG_2021.jpg
146	maintenance_job_images/2025/09/IMG_2020.jpeg	2025-09-01 11:10:31.142+00	103	11	IMG_2020.jpg
147	maintenance_job_images/2025/09/IMG_2019.jpeg	2025-09-01 11:10:31.204+00	103	11	IMG_2019.jpg
148	maintenance_job_images/2025/09/IMG_2022.jpeg	2025-09-01 11:11:38.628+00	104	11	IMG_2022.jpg
149	maintenance_job_images/2025/09/IMG_3415.png	2025-09-01 11:12:14.417+00	105	9	IMG_3415.jpg
150	maintenance_job_images/2025/09/IMG_3413_ZdIB2On.jpeg	2025-09-01 11:12:14.462+00	105	9	IMG_3413.jpg
151	maintenance_job_images/2025/09/IMG_2024.jpeg	2025-09-01 11:13:12.097+00	106	11	IMG_2024.jpg
152	maintenance_job_images/2025/09/IMG_2023.jpeg	2025-09-01 11:13:12.161+00	106	11	IMG_2023.jpg
153	maintenance_job_images/2025/09/IMG_3417.jpeg	2025-09-01 11:13:51.183+00	107	9	IMG_3417.jpg
154	maintenance_job_images/2025/09/IMG_3416.jpeg	2025-09-01 11:13:51.313+00	107	9	IMG_3416.jpg
155	maintenance_job_images/2025/09/IMG_2025.jpeg	2025-09-01 11:15:12.561+00	108	11	IMG_2025.jpg
156	maintenance_job_images/2025/09/IMG_1956.jpeg	2025-09-01 11:16:12.332+00	109	11	IMG_1956.jpg
157	maintenance_job_images/2025/09/IMG_2027.jpeg	2025-09-01 11:16:12.387+00	109	11	IMG_2027.jpg
158	maintenance_job_images/2025/09/IMG_3419.png	2025-09-01 11:16:42.708+00	110	9	IMG_3419.jpg
159	maintenance_job_images/2025/09/IMG_2029.jpeg	2025-09-01 11:17:41.249+00	111	11	IMG_2029.jpg
160	maintenance_job_images/2025/09/IMG_2030.jpeg	2025-09-01 11:19:33.261+00	112	11	IMG_2030.jpg
161	maintenance_job_images/2025/09/IMG_3420.jpeg	2025-09-01 11:20:34.323+00	113	9	IMG_3420.jpg
162	maintenance_job_images/2025/09/IMG_3421.jpeg	2025-09-01 11:20:34.437+00	113	9	IMG_3421.jpg
163	maintenance_job_images/2025/09/IMG_2034.jpeg	2025-09-01 11:20:38.704+00	114	11	IMG_2034.jpg
164	maintenance_job_images/2025/09/IMG_2033.jpeg	2025-09-01 11:20:38.761+00	114	11	IMG_2033.jpg
165	maintenance_job_images/2025/09/IMG_2032.jpeg	2025-09-01 11:20:38.828+00	114	11	IMG_2032.jpg
166	maintenance_job_images/2025/09/IMG_2031.jpeg	2025-09-01 11:20:38.886+00	114	11	IMG_2031.jpg
167	maintenance_job_images/2025/09/1000005124.jpg	2025-09-01 11:26:26.457+00	115	10	1000005124.jpg
168	maintenance_job_images/2025/09/1000005125.jpg	2025-09-01 11:27:36.837+00	116	10	1000005125.jpg
169	maintenance_job_images/2025/09/1000005128_JOj5bPG.jpg	2025-09-01 11:28:58.025+00	117	10	1000005128.jpg
170	maintenance_job_images/2025/09/1000005129.jpg	2025-09-01 11:30:16.932+00	118	10	1000005129.jpg
171	maintenance_job_images/2025/09/1000005127.jpg	2025-09-01 11:31:45.638+00	119	10	1000005127.jpg
172	maintenance_job_images/2025/09/1000005132.jpg	2025-09-01 11:31:45.865+00	119	10	1000005132.jpg
173	maintenance_job_images/2025/09/1000005133.jpg	2025-09-01 11:34:02.699+00	120	10	1000005133.jpg
174	maintenance_job_images/2025/09/1000005164.jpg	2025-09-01 11:35:50.593+00	121	10	1000005164.jpg
175	maintenance_job_images/2025/09/1000005168.jpg	2025-09-01 11:36:45.016+00	122	10	1000005168.jpg
176	maintenance_job_images/2025/09/1000005169.jpg	2025-09-01 11:37:44.485+00	123	10	1000005169.jpg
177	maintenance_job_images/2025/09/1000005170.jpg	2025-09-01 11:38:47.579+00	124	10	1000005170.jpg
178	maintenance_job_images/2025/09/1000005171.jpg	2025-09-01 11:39:47.195+00	125	10	1000005171.jpg
179	maintenance_job_images/2025/09/1000005172.jpg	2025-09-01 11:40:40.368+00	126	10	1000005172.jpg
180	maintenance_job_images/2025/09/1000005174.jpg	2025-09-01 11:45:03.965+00	127	10	1000005174.jpg
181	maintenance_job_images/2025/09/1000005470.jpg	2025-09-01 11:49:00.488+00	128	10	1000005470.jpg
182	maintenance_job_images/2025/09/1000005220.jpg	2025-09-01 11:54:20.57+00	129	10	1000005220.jpg
183	maintenance_job_images/2025/09/1000005221_xlCrCKG.jpg	2025-09-01 11:55:23.916+00	130	10	1000005221.jpg
184	maintenance_job_images/2025/09/1000005231.jpg	2025-09-01 11:56:18.991+00	131	10	1000005231.jpg
185	maintenance_job_images/2025/09/1000005233.jpg	2025-09-01 11:56:19.196+00	131	10	1000005233.jpg
186	maintenance_job_images/2025/09/1000005232.jpg	2025-09-01 11:56:19.389+00	131	10	1000005232.jpg
187	maintenance_job_images/2025/09/1000005234.jpg	2025-09-01 11:57:21.158+00	132	10	1000005234.jpg
188	maintenance_job_images/2025/09/1000005235.jpg	2025-09-01 11:57:21.416+00	132	10	1000005235.jpg
189	maintenance_job_images/2025/09/1000005238.jpg	2025-09-01 11:58:34.885+00	133	10	1000005238.jpg
190	maintenance_job_images/2025/09/1000005240.jpg	2025-09-01 11:59:29.583+00	134	10	1000005240.jpg
191	maintenance_job_images/2025/09/1000005267.jpg	2025-09-01 12:00:30.473+00	135	10	1000005267.jpg
192	maintenance_job_images/2025/09/1000005268.jpg	2025-09-01 12:02:35.172+00	136	10	1000005268.jpg
193	maintenance_job_images/2025/09/1000005269.jpg	2025-09-01 12:02:35.378+00	136	10	1000005269.jpg
194	maintenance_job_images/2025/09/1000005271.jpg	2025-09-01 12:02:35.578+00	136	10	1000005271.jpg
195	maintenance_job_images/2025/09/1000005373.jpg	2025-09-01 12:03:58.891+00	137	10	1000005373.jpg
196	maintenance_job_images/2025/09/1000005374.jpg	2025-09-01 12:03:59.1+00	137	10	1000005374.jpg
197	maintenance_job_images/2025/09/IMG_2990.jpeg	2025-09-01 14:48:51.308+00	138	9	IMG_2990.jpg
198	maintenance_job_images/2025/09/IMG_2991.jpeg	2025-09-01 14:48:51.524+00	138	9	IMG_2991.jpg
199	maintenance_job_images/2025/09/IMG_2875.jpeg	2025-09-01 14:53:26.519+00	139	9	IMG_2875.jpg
200	maintenance_job_images/2025/09/37958.jpg	2025-09-02 05:21:38.691+00	140	8	37958.jpg
201	maintenance_job_images/2025/09/S__8757301.jpg	2025-09-02 05:22:19.101+00	141	8	S__8757301.jpg
202	maintenance_job_images/2025/09/S__8757298.jpg	2025-09-02 05:24:47.667+00	142	8	S__8757298.jpg
203	maintenance_job_images/2025/09/IMG_2071.jpeg	2025-09-02 08:35:52.986+00	143	11	IMG_2071.jpg
204	maintenance_job_images/2025/09/IMG_2070.jpeg	2025-09-02 08:35:53.243+00	143	11	IMG_2070.jpg
205	maintenance_job_images/2025/09/IMG_2069.jpeg	2025-09-02 08:35:53.478+00	143	11	IMG_2069.jpg
206	maintenance_job_images/2025/09/IMG_2074.jpeg	2025-09-02 09:01:04.437+00	144	11	IMG_2074.jpg
207	maintenance_job_images/2025/09/IMG_2073.jpeg	2025-09-02 09:01:04.667+00	144	11	IMG_2073.jpg
208	maintenance_job_images/2025/09/1000005501.jpg	2025-09-02 09:08:10.418+00	145	10	1000005501.jpg
209	maintenance_job_images/2025/09/1000005500.jpg	2025-09-02 09:08:10.474+00	145	10	1000005500.jpg
210	maintenance_job_images/2025/09/1000005474.jpg	2025-09-02 09:08:10.717+00	145	10	1000005474.jpg
211	maintenance_job_images/2025/09/1000005475.jpg	2025-09-02 09:08:10.945+00	145	10	1000005475.jpg
212	maintenance_job_images/2025/09/1000005502.jpg	2025-09-02 09:10:41.667+00	146	10	1000005502.jpg
213	maintenance_job_images/2025/09/1000005467.jpg	2025-09-02 09:10:41.801+00	146	10	1000005467.jpg
214	maintenance_job_images/2025/09/1000005476.jpg	2025-09-02 09:12:35.031+00	147	10	1000005476.jpg
215	maintenance_job_images/2025/09/IMG_2077.jpeg	2025-09-02 09:27:36.029+00	148	11	IMG_2077.jpg
216	maintenance_job_images/2025/09/IMG_2076.jpeg	2025-09-02 09:27:36.269+00	148	11	IMG_2076.jpg
217	maintenance_job_images/2025/09/IMG_2075.jpeg	2025-09-02 09:27:36.525+00	148	11	IMG_2075.jpg
218	maintenance_job_images/2025/09/1000005467_eRQ88JL.jpg	2025-09-02 09:44:31.988+00	149	10	1000005467.jpg
219	maintenance_job_images/2025/09/IMG_2422.jpeg	2025-09-03 02:19:53.25+00	150	9	IMG_2422.jpg
220	maintenance_job_images/2025/09/IMG_2423.jpeg	2025-09-03 02:19:53.47+00	150	9	IMG_2423.jpg
221	maintenance_job_images/2025/09/IMG_2542.jpeg	2025-09-03 02:29:49.52+00	151	9	IMG_2542.jpg
222	maintenance_job_images/2025/09/IMG_2543.jpeg	2025-09-03 02:29:49.759+00	151	9	IMG_2543.jpg
223	maintenance_job_images/2025/09/IMG_3459.jpeg	2025-09-03 02:32:22.703+00	152	9	IMG_3459.jpg
224	maintenance_job_images/2025/09/IMG_3460.jpeg	2025-09-03 02:32:22.841+00	152	9	IMG_3460.jpg
225	maintenance_job_images/2025/09/IMG_3462.jpeg	2025-09-03 02:35:02.809+00	153	9	IMG_3462.jpg
226	maintenance_job_images/2025/09/IMG_3461.jpeg	2025-09-03 02:35:02.954+00	153	9	IMG_3461.jpg
227	maintenance_job_images/2025/09/IMG_3464.jpeg	2025-09-03 02:39:30.095+00	154	9	IMG_3464.jpg
228	maintenance_job_images/2025/09/IMG_3465.jpeg	2025-09-03 02:42:43.556+00	155	9	IMG_3465.jpg
229	maintenance_job_images/2025/09/IMG_3467.jpeg	2025-09-03 02:44:42.36+00	156	9	IMG_3467.jpg
230	maintenance_job_images/2025/09/IMG_3468.jpeg	2025-09-03 02:45:53.739+00	157	9	IMG_3468.jpg
231	maintenance_job_images/2025/09/IMG_3469.jpeg	2025-09-03 02:47:37.312+00	158	9	IMG_3469.jpg
232	maintenance_job_images/2025/09/IMG_3470.jpeg	2025-09-03 02:47:37.429+00	158	9	IMG_3470.jpg
233	maintenance_job_images/2025/09/IMG_3471.jpeg	2025-09-03 02:50:27.318+00	159	9	IMG_3471.jpg
234	maintenance_job_images/2025/09/IMG_3476.jpeg	2025-09-03 04:45:54.598+00	160	9	IMG_3476.jpg
235	maintenance_job_images/2025/09/IMG_3457.jpeg	2025-09-03 04:53:48.337+00	161	9	IMG_3457.jpg
236	maintenance_job_images/2025/09/IMG_3456.jpeg	2025-09-03 04:53:48.482+00	161	9	IMG_3456.jpg
237	maintenance_job_images/2025/09/IMG_3501.jpeg	2025-09-03 08:24:53.37+00	162	9	IMG_3501.jpg
238	maintenance_job_images/2025/09/IMG_3500.jpeg	2025-09-03 08:24:53.441+00	162	9	IMG_3500.jpg
239	maintenance_job_images/2025/09/IMG_3483.jpeg	2025-09-03 08:24:53.725+00	162	9	IMG_3483.jpg
240	maintenance_job_images/2025/09/IMG_3484.jpeg	2025-09-03 08:25:58.661+00	163	9	IMG_3484.jpg
241	maintenance_job_images/2025/09/1000005534.jpg	2025-09-03 10:27:59.044+00	164	10	1000005534.jpg
242	maintenance_job_images/2025/09/1000005533.jpg	2025-09-03 10:27:59.241+00	164	10	1000005533.jpg
243	maintenance_job_images/2025/09/1000005549.jpg	2025-09-03 12:28:20.26+00	165	10	1000005549.jpg
244	maintenance_job_images/2025/09/1000005545.jpg	2025-09-03 12:29:40.041+00	166	10	1000005545.jpg
245	maintenance_job_images/2025/09/1000005548.jpg	2025-09-03 12:29:40.293+00	166	10	1000005548.jpg
246	maintenance_job_images/2025/09/1000005499.jpg	2025-09-03 12:42:29.213+00	167	10	1000005499.jpg
247	maintenance_job_images/2025/09/1000005528.jpg	2025-09-03 12:42:29.431+00	167	10	1000005528.jpg
248	maintenance_job_images/2025/09/1000005532.jpg	2025-09-03 12:42:29.592+00	167	10	1000005532.jpg
249	maintenance_job_images/2025/09/1000005557.jpg	2025-09-03 17:20:08.737+00	168	10	1000005557.jpg
250	maintenance_job_images/2025/09/1000005558.jpg	2025-09-03 17:20:08.993+00	168	10	1000005558.jpg
251	maintenance_job_images/2025/09/1000005556.jpg	2025-09-03 17:21:33.75+00	169	10	1000005556.jpg
252	maintenance_job_images/2025/09/1000005559.jpg	2025-09-03 17:21:33.989+00	169	10	1000005559.jpg
253	maintenance_job_images/2025/09/1000007665.jpg	2025-09-04 09:58:12.541+00	170	8	1000007665.jpg
254	maintenance_job_images/2025/09/IMG_3572.jpeg	2025-09-04 09:59:33.905+00	171	9	IMG_3572.jpg
255	maintenance_job_images/2025/09/IMG_3571.jpeg	2025-09-04 09:59:34.148+00	171	9	IMG_3571.jpg
256	maintenance_job_images/2025/09/IMG_3570.jpeg	2025-09-04 09:59:34.415+00	171	9	IMG_3570.jpg
257	maintenance_job_images/2025/09/1000005608.jpg	2025-09-04 15:04:02.793+00	172	10	1000005608.jpg
258	maintenance_job_images/2025/09/1000005607.jpg	2025-09-04 15:04:02.968+00	172	10	1000005607.jpg
259	maintenance_job_images/2025/09/1000005606.jpg	2025-09-04 15:04:03.14+00	172	10	1000005606.jpg
260	maintenance_job_images/2025/09/1000005604.jpg	2025-09-04 15:04:03.312+00	172	10	1000005604.jpg
261	maintenance_job_images/2025/09/1000005593.jpg	2025-09-04 15:05:38.696+00	173	10	1000005593.jpg
262	maintenance_job_images/2025/09/1000005592.jpg	2025-09-04 15:05:38.86+00	173	10	1000005592.jpg
263	maintenance_job_images/2025/09/1000005591.jpg	2025-09-04 15:08:39.634+00	174	10	1000005591.jpg
264	maintenance_job_images/2025/09/1000005590.jpg	2025-09-04 15:11:13.17+00	175	10	1000005590.jpg
265	maintenance_job_images/2025/09/IMG_3589.jpeg	2025-09-05 04:07:59.191+00	176	9	IMG_3589.jpg
266	maintenance_job_images/2025/09/IMG_3591.jpeg	2025-09-05 04:07:59.287+00	176	9	IMG_3591.jpg
267	maintenance_job_images/2025/09/IMG_3588.jpeg	2025-09-05 04:07:59.503+00	176	9	IMG_3588.jpg
268	maintenance_job_images/2025/09/IMG_3596.jpeg	2025-09-05 04:28:00.929+00	177	9	IMG_3596.jpg
269	maintenance_job_images/2025/09/IMG_3597.jpeg	2025-09-05 04:28:01.166+00	177	9	IMG_3597.jpg
270	maintenance_job_images/2025/09/IMG_3599.jpeg	2025-09-05 04:35:25.203+00	178	9	IMG_3599.jpg
271	maintenance_job_images/2025/09/IMG_3598.jpeg	2025-09-05 04:35:25.451+00	178	9	IMG_3598.jpg
272	maintenance_job_images/2025/09/IMG_3604.jpeg	2025-09-05 06:57:36.985+00	179	9	IMG_3604.jpg
273	maintenance_job_images/2025/09/IMG_3616.jpeg	2025-09-05 06:58:20.142+00	180	9	IMG_3616.jpg
274	maintenance_job_images/2025/09/IMG_3615.jpeg	2025-09-05 06:58:20.361+00	180	9	IMG_3615.jpg
275	maintenance_job_images/2025/09/IMG_3614.jpeg	2025-09-05 06:58:20.593+00	180	9	IMG_3614.jpg
276	maintenance_job_images/2025/09/IMG_3624.jpeg	2025-09-05 09:08:33.545+00	181	9	IMG_3624.jpg
277	maintenance_job_images/2025/09/IMG_3619.jpeg	2025-09-05 09:22:44.27+00	182	9	IMG_3619.jpg
278	maintenance_job_images/2025/09/IMG_3620.jpeg	2025-09-05 09:24:13.015+00	183	9	IMG_3620.jpg
279	maintenance_job_images/2025/09/IMG_3621.jpeg	2025-09-05 09:25:46.184+00	184	9	IMG_3621.jpg
280	maintenance_job_images/2025/09/IMG_3625.jpeg	2025-09-05 09:31:50.341+00	185	9	IMG_3625.jpg
281	maintenance_job_images/2025/09/IMG_3632.jpeg	2025-09-05 09:32:32.895+00	186	9	IMG_3632.jpg
282	maintenance_job_images/2025/09/IMG_3633.jpeg	2025-09-05 09:33:27.78+00	187	9	IMG_3633.jpg
283	maintenance_job_images/2025/09/IMG_3636.jpeg	2025-09-05 09:34:59.845+00	188	9	IMG_3636.jpg
284	maintenance_job_images/2025/09/IMG_3630.jpeg	2025-09-05 09:35:00.029+00	188	9	IMG_3630.jpg
285	maintenance_job_images/2025/09/IMG_3637.jpeg	2025-09-05 09:35:39.568+00	189	9	IMG_3637.jpg
286	maintenance_job_images/2025/09/IMG_3635.jpeg	2025-09-05 09:35:39.816+00	189	9	IMG_3635.jpg
287	maintenance_job_images/2025/09/IMG_3628.jpeg	2025-09-05 09:36:12.935+00	190	9	IMG_3628.jpg
288	maintenance_job_images/2025/09/IMG_3626.jpeg	2025-09-05 09:37:27.994+00	191	9	IMG_3626.jpg
289	maintenance_job_images/2025/09/IMG_3605.jpeg	2025-09-05 09:38:39.512+00	192	9	IMG_3605.jpg
290	maintenance_job_images/2025/09/IMG_3606.jpeg	2025-09-05 09:38:39.786+00	192	9	IMG_3606.jpg
291	maintenance_job_images/2025/09/IMG_3607.jpeg	2025-09-05 09:38:40.065+00	192	9	IMG_3607.jpg
292	maintenance_job_images/2025/09/IMG_3633_TN6gEXX.jpeg	2025-09-05 09:39:36.805+00	193	9	IMG_3633.jpg
293	maintenance_job_images/2025/09/IMG_3629.jpeg	2025-09-05 09:39:37.023+00	193	9	IMG_3629.jpg
294	maintenance_job_images/2025/09/IMG_3637_O2G7MPV.jpeg	2025-09-05 09:40:30.961+00	194	9	IMG_3637.jpg
295	maintenance_job_images/2025/09/IMG_3630_4IrqOyp.jpeg	2025-09-05 09:40:31.189+00	194	9	IMG_3630.jpg
296	maintenance_job_images/2025/09/IMG_3634.jpeg	2025-09-05 09:41:09.279+00	195	9	IMG_3634.jpg
297	maintenance_job_images/2025/09/IMG_3633_9ndGibn.jpeg	2025-09-05 09:46:23.511+00	196	9	IMG_3633.jpg
298	maintenance_job_images/2025/09/IMG_3631.jpeg	2025-09-05 09:47:21.504+00	197	9	IMG_3631.jpg
299	maintenance_job_images/2025/09/IMG_3628_97GjGYt.jpeg	2025-09-05 09:48:01.89+00	198	9	IMG_3628.jpg
300	maintenance_job_images/2025/09/IMG_3625_WRkoqhG.jpeg	2025-09-05 09:48:51.919+00	199	9	IMG_3625.jpg
301	maintenance_job_images/2025/09/IMG_3630_XyY9raP.jpeg	2025-09-05 09:49:42.724+00	200	9	IMG_3630.jpg
302	maintenance_job_images/2025/09/IMG_3629_6MpB8DE.jpeg	2025-09-05 09:49:42.927+00	200	9	IMG_3629.jpg
303	maintenance_job_images/2025/09/IMG_2197_JbGGsHB.jpeg	2025-09-05 15:52:43.761+00	201	11	IMG_2197.jpg
304	maintenance_job_images/2025/09/IMG_2196_CCVC2Yh.jpeg	2025-09-05 15:52:43.938+00	201	11	IMG_2196.jpg
305	maintenance_job_images/2025/09/IMG_2193_Kakrddu.jpeg	2025-09-05 15:52:44.092+00	201	11	IMG_2193.jpg
306	maintenance_job_images/2025/09/IMG_2195_uv3dkcz.jpeg	2025-09-05 15:52:44.277+00	201	11	IMG_2195.jpg
307	maintenance_job_images/2025/09/IMG_3692.jpeg	2025-09-06 06:05:03.605+00	202	9	IMG_3692.jpg
308	maintenance_job_images/2025/09/IMG_3705.jpeg	2025-09-06 06:05:03.683+00	202	9	IMG_3705.jpg
309	maintenance_job_images/2025/09/IMG_3679.jpeg	2025-09-06 06:06:53.34+00	203	9	IMG_3679.jpg
310	maintenance_job_images/2025/09/IMG_2238.jpeg	2025-09-06 11:48:11.868+00	204	11	IMG_2238.jpg
311	maintenance_job_images/2025/09/IMG_2236.jpeg	2025-09-06 11:48:12.074+00	204	11	IMG_2236.jpg
312	maintenance_job_images/2025/09/IMG_2232.jpeg	2025-09-06 11:48:12.436+00	204	11	IMG_2232.jpg
313	maintenance_job_images/2025/09/IMG_2233.jpeg	2025-09-06 11:48:12.645+00	204	11	IMG_2233.jpg
314	maintenance_job_images/2025/09/IMG_2192.jpeg	2025-09-06 11:50:42.028+00	205	11	IMG_2192.jpg
315	maintenance_job_images/2025/09/IMG_2190.jpeg	2025-09-06 11:50:42.274+00	205	11	IMG_2190.jpg
316	maintenance_job_images/2025/09/IMG_2244.jpeg	2025-09-06 12:12:14.955+00	206	11	IMG_2244.jpg
317	maintenance_job_images/2025/09/IMG_2243.jpeg	2025-09-06 12:12:15.178+00	206	11	IMG_2243.jpg
318	maintenance_job_images/2025/09/IMG_2241.jpeg	2025-09-06 12:12:15.409+00	206	11	IMG_2241.jpg
319	maintenance_job_images/2025/09/IMG_2252.jpeg	2025-09-06 13:04:53.081+00	207	11	IMG_2252.jpg
320	maintenance_job_images/2025/09/IMG_2245.jpeg	2025-09-06 13:04:53.326+00	207	11	IMG_2245.jpg
321	maintenance_job_images/2025/09/IMG_2268.jpeg	2025-09-06 15:15:35.253+00	208	11	IMG_2268.jpg
322	maintenance_job_images/2025/09/IMG_2276.jpeg	2025-09-07 07:18:42.311+00	209	11	IMG_2276.jpg
323	maintenance_job_images/2025/09/IMG_2277.jpeg	2025-09-07 07:18:42.513+00	209	11	IMG_2277.jpg
324	maintenance_job_images/2025/09/IMG_2279.jpeg	2025-09-07 07:18:42.701+00	209	11	IMG_2279.jpg
325	maintenance_job_images/2025/09/IMG_2280.jpeg	2025-09-07 08:17:13.206+00	210	11	IMG_2280.jpg
326	maintenance_job_images/2025/09/IMG_2283.jpeg	2025-09-07 08:17:13.417+00	210	11	IMG_2283.jpg
327	maintenance_job_images/2025/09/IMG_2289.jpeg	2025-09-07 08:55:22.062+00	211	11	IMG_2289.jpg
328	maintenance_job_images/2025/09/IMG_2288.jpeg	2025-09-07 08:55:22.272+00	211	11	IMG_2288.jpg
329	maintenance_job_images/2025/09/IMG_2291.jpeg	2025-09-07 09:18:39.304+00	212	11	IMG_2291.jpg
330	maintenance_job_images/2025/09/IMG_2290.jpeg	2025-09-07 09:18:39.529+00	212	11	IMG_2290.jpg
331	maintenance_job_images/2025/09/1000005984.jpg	2025-09-07 09:26:15.843+00	213	10	1000005984.jpg
332	maintenance_job_images/2025/09/1000005985.jpg	2025-09-07 09:26:16.032+00	213	10	1000005985.jpg
333	maintenance_job_images/2025/09/1000005978.jpg	2025-09-07 09:30:43.783+00	214	10	1000005978.jpg
334	maintenance_job_images/2025/09/1000005987.jpg	2025-09-07 09:34:19.657+00	215	10	1000005987.jpg
335	maintenance_job_images/2025/09/1000005975.jpg	2025-09-07 09:34:19.902+00	215	10	1000005975.jpg
336	maintenance_job_images/2025/09/1000005977.jpg	2025-09-07 09:35:36.72+00	216	10	1000005977.jpg
337	maintenance_job_images/2025/09/1000005974.jpg	2025-09-07 09:39:43.825+00	217	10	1000005974.jpg
338	maintenance_job_images/2025/09/IMG_2297.jpeg	2025-09-07 11:40:15.705+00	218	11	IMG_2297.jpg
339	maintenance_job_images/2025/09/IMG_2298.jpeg	2025-09-07 11:40:15.751+00	218	11	IMG_2298.jpg
340	maintenance_job_images/2025/09/IMG_2320.jpeg	2025-09-07 13:16:21.853+00	219	11	IMG_2320.jpg
341	maintenance_job_images/2025/09/IMG_2187.jpeg	2025-09-08 02:10:40.393+00	220	11	IMG_2187.jpg
342	maintenance_job_images/2025/09/IMG_2190_AXTmo2j.jpeg	2025-09-08 02:10:40.684+00	220	11	IMG_2190.jpg
343	maintenance_job_images/2025/09/IMG_2182.jpeg	2025-09-08 02:10:40.914+00	220	11	IMG_2182.jpg
344	maintenance_job_images/2025/09/IMG_2342.jpeg	2025-09-08 04:06:21.201+00	221	11	IMG_2342.jpg
345	maintenance_job_images/2025/09/IMG_2348.jpeg	2025-09-08 04:29:38.89+00	222	11	IMG_2348.jpg
346	maintenance_job_images/2025/09/IMG_2347.jpeg	2025-09-08 04:29:39.121+00	222	11	IMG_2347.jpg
347	maintenance_job_images/2025/09/IMG_2346.jpeg	2025-09-08 04:29:39.325+00	222	11	IMG_2346.jpg
348	maintenance_job_images/2025/09/IMG_2345.jpeg	2025-09-08 04:29:39.55+00	222	11	IMG_2345.jpg
349	maintenance_job_images/2025/09/IMG_2349.jpeg	2025-09-08 04:48:28.543+00	223	11	IMG_2349.jpg
350	maintenance_job_images/2025/09/IMG_2350.jpeg	2025-09-08 04:49:41.092+00	224	11	IMG_2350.jpg
351	maintenance_job_images/2025/09/IMG_2355.jpeg	2025-09-08 05:36:45.696+00	225	11	IMG_2355.jpg
352	maintenance_job_images/2025/09/IMG_2356.jpeg	2025-09-08 05:36:45.901+00	225	11	IMG_2356.jpg
353	maintenance_job_images/2025/09/IMG_2367.jpeg	2025-09-08 09:25:12.244+00	226	11	IMG_2367.jpg
354	maintenance_job_images/2025/09/IMG_2366.jpeg	2025-09-08 09:25:12.552+00	226	11	IMG_2366.jpg
355	maintenance_job_images/2025/09/IMG_2317.jpeg	2025-09-08 09:25:12.833+00	226	11	IMG_2317.jpg
356	maintenance_job_images/2025/09/IMG_2321.jpeg	2025-09-08 09:25:13.113+00	226	11	IMG_2321.jpg
357	maintenance_job_images/2025/09/IMG_2370.jpeg	2025-09-08 10:04:27.053+00	227	11	IMG_2370.jpg
358	maintenance_job_images/2025/09/IMG_2369.jpeg	2025-09-08 10:04:27.259+00	227	11	IMG_2369.jpg
359	maintenance_job_images/2025/09/IMG_2376.jpeg	2025-09-08 12:02:52.56+00	228	11	IMG_2376.jpg
360	maintenance_job_images/2025/09/IMG_2377.jpeg	2025-09-08 12:02:52.782+00	228	11	IMG_2377.jpg
361	maintenance_job_images/2025/09/IMG_2380.jpeg	2025-09-08 12:06:49.711+00	229	11	IMG_2380.jpg
362	maintenance_job_images/2025/09/IMG_2379.jpeg	2025-09-08 12:06:49.946+00	229	11	IMG_2379.jpg
363	maintenance_job_images/2025/09/IMG_2381.jpeg	2025-09-08 12:17:22.716+00	230	11	IMG_2381.jpg
364	maintenance_job_images/2025/09/IMG_2382.jpeg	2025-09-08 12:17:23.03+00	230	11	IMG_2382.jpg
365	maintenance_job_images/2025/09/IMG_2400.jpeg	2025-09-08 14:36:38.043+00	231	11	IMG_2400.jpg
366	maintenance_job_images/2025/09/IMG_2402.jpeg	2025-09-08 14:52:33.903+00	232	11	IMG_2402.jpg
367	maintenance_job_images/2025/09/IMG_2401.jpeg	2025-09-08 14:52:34.136+00	232	11	IMG_2401.jpg
368	maintenance_job_images/2025/09/IMG_3782.jpeg	2025-09-09 09:20:29.279+00	233	9	IMG_3782.jpg
369	maintenance_job_images/2025/09/IMG_3786.jpeg	2025-09-09 10:48:53.112+00	234	9	IMG_3786.jpg
370	maintenance_job_images/2025/09/IMG_3790.jpeg	2025-09-09 10:48:53.178+00	234	9	IMG_3790.jpg
371	maintenance_job_images/2025/09/IMG_3792.jpeg	2025-09-09 11:54:40.275+00	235	9	IMG_3792.jpg
372	maintenance_job_images/2025/09/IMG_3793.jpeg	2025-09-09 11:54:40.545+00	235	9	IMG_3793.jpg
373	maintenance_job_images/2025/09/1000006060.jpg	2025-09-09 12:46:29.199+00	236	10	1000006060.jpg
374	maintenance_job_images/2025/09/1000006059.jpg	2025-09-09 12:46:29.408+00	236	10	1000006059.jpg
375	maintenance_job_images/2025/09/1000006086.jpg	2025-09-09 12:50:11.939+00	237	10	1000006086.jpg
376	maintenance_job_images/2025/09/1000006087.jpg	2025-09-09 12:50:12.104+00	237	10	1000006087.jpg
377	maintenance_job_images/2025/09/1000006107.jpg	2025-09-09 12:52:54.946+00	238	10	1000006107.jpg
378	maintenance_job_images/2025/09/1000006065.jpg	2025-09-09 12:52:55.192+00	238	10	1000006065.jpg
379	maintenance_job_images/2025/09/1000006108.jpg	2025-09-09 12:55:52.491+00	239	10	1000006108.jpg
380	maintenance_job_images/2025/09/1000006055.jpg	2025-09-09 12:55:52.653+00	239	10	1000006055.jpg
381	maintenance_job_images/2025/09/1000006137.jpg	2025-09-10 12:04:12.82+00	240	10	1000006137.jpg
382	maintenance_job_images/2025/09/1000006062.jpg	2025-09-10 12:06:54.238+00	241	10	1000006062.jpg
383	maintenance_job_images/2025/09/1000006129.jpg	2025-09-10 12:06:54.477+00	241	10	1000006129.jpg
384	maintenance_job_images/2025/09/IMG_2480.jpeg	2025-09-11 03:24:30.37+00	242	11	IMG_2480.jpg
385	maintenance_job_images/2025/09/IMG_2482.jpeg	2025-09-11 03:24:30.66+00	242	11	IMG_2482.jpg
386	maintenance_job_images/2025/09/IMG_2483.jpeg	2025-09-11 03:44:08.544+00	243	11	IMG_2483.jpg
387	maintenance_job_images/2025/09/IMG_2484.jpeg	2025-09-11 03:44:08.794+00	243	11	IMG_2484.jpg
388	maintenance_job_images/2025/09/IMG_2486.jpeg	2025-09-11 03:47:28.157+00	244	11	IMG_2486.jpg
389	maintenance_job_images/2025/09/IMG_2485.jpeg	2025-09-11 03:47:28.388+00	244	11	IMG_2485.jpg
390	maintenance_job_images/2025/09/IMG_2513.jpeg	2025-09-11 09:04:36.808+00	245	11	IMG_2513.jpg
391	maintenance_job_images/2025/09/IMG_2509.jpeg	2025-09-11 09:11:36.228+00	246	11	IMG_2509.jpg
392	maintenance_job_images/2025/09/IMG_2517.jpeg	2025-09-11 09:38:11.524+00	247	11	IMG_2517.jpg
393	maintenance_job_images/2025/09/IMG_2516.jpeg	2025-09-11 09:38:11.764+00	247	11	IMG_2516.jpg
394	maintenance_job_images/2025/09/IMG_2518.jpeg	2025-09-11 09:41:22.671+00	248	11	IMG_2518.jpg
395	maintenance_job_images/2025/09/IMG_2519.jpeg	2025-09-11 09:41:22.891+00	248	11	IMG_2519.jpg
396	maintenance_job_images/2025/09/IMG_2488.jpeg	2025-09-11 10:24:51.772+00	249	11	IMG_2488.jpg
397	maintenance_job_images/2025/09/IMG_2490.jpeg	2025-09-11 10:24:52.029+00	249	11	IMG_2490.jpg
398	maintenance_job_images/2025/09/IMG_2520.jpeg	2025-09-11 10:24:52.283+00	249	11	IMG_2520.jpg
399	maintenance_job_images/2025/09/IMG_2716.jpeg	2025-09-15 08:45:30.688+00	250	11	IMG_2716.jpg
406	maintenance_job_images/2025/09/1000006307.jpg	2025-09-16 18:38:29.900459+00	257	10	1000006307.jpg
416	maintenance_job_images/2025/09/1000006313.jpg	2025-09-16 19:12:14.720365+00	264	10	1000006313.jpg
424	maintenance_job_images/2025/09/IMG_4046.jpeg	2025-09-17 10:35:46.460398+00	269	9	IMG_4046.jpg
425	maintenance_job_images/2025/09/IMG_4048.jpeg	2025-09-17 10:35:46.71844+00	269	9	IMG_4048.jpg
426	maintenance_job_images/2025/09/IMG_4049.jpeg	2025-09-17 10:35:46.982774+00	269	9	IMG_4049.jpg
427	maintenance_job_images/2025/09/IMG_4053.jpeg	2025-09-17 10:39:28.128926+00	270	9	IMG_4053.jpg
428	maintenance_job_images/2025/09/IMG_4054.jpeg	2025-09-17 10:46:54.792116+00	271	9	IMG_4054.jpg
429	maintenance_job_images/2025/09/IMG_4052.jpeg	2025-09-17 10:49:03.930674+00	272	9	IMG_4052.jpg
430	maintenance_job_images/2025/09/IMG_4051.jpeg	2025-09-17 10:49:04.195356+00	272	9	IMG_4051.jpg
431	maintenance_job_images/2025/09/IMG_4082.jpeg	2025-09-18 06:00:20.360325+00	273	9	IMG_4082.jpg
432	maintenance_job_images/2025/09/IMG_4084.jpeg	2025-09-18 06:32:55.956978+00	274	9	IMG_4084.jpg
433	maintenance_job_images/2025/09/1000006352.jpg	2025-09-18 06:55:35.133438+00	275	10	1000006352.jpg
434	maintenance_job_images/2025/09/1000006351.jpg	2025-09-18 06:55:35.501825+00	275	10	1000006351.jpg
435	maintenance_job_images/2025/09/1000006366.jpg	2025-09-18 06:57:15.515131+00	276	10	1000006366.jpg
436	maintenance_job_images/2025/09/1000006365.jpg	2025-09-18 06:58:40.849842+00	277	10	1000006365.jpg
437	maintenance_job_images/2025/09/1000006359.jpg	2025-09-18 07:00:04.009315+00	278	10	1000006359.jpg
438	maintenance_job_images/2025/09/1000006355.jpg	2025-09-18 07:01:17.168349+00	279	10	1000006355.jpg
439	maintenance_job_images/2025/09/1000006349.jpg	2025-09-18 07:03:04.835134+00	280	10	1000006349.jpg
440	maintenance_job_images/2025/09/IMG_4086.jpeg	2025-09-18 09:41:14.859253+00	281	9	IMG_4086.jpg
441	maintenance_job_images/2025/09/IMG_2721.jpeg	2025-09-18 10:21:53.999818+00	282	11	IMG_2721.jpg
442	maintenance_job_images/2025/09/IMG_2716_N7nKDkh.jpeg	2025-09-18 10:22:49.980748+00	283	11	IMG_2716.jpg
443	maintenance_job_images/2025/09/IMG_2714.jpeg	2025-09-18 10:24:07.81802+00	284	11	IMG_2714.jpg
444	maintenance_job_images/2025/09/IMG_2717.jpeg	2025-09-18 10:24:08.081034+00	284	11	IMG_2717.jpg
445	maintenance_job_images/2025/09/IMG_2714_XwC05yG.jpeg	2025-09-18 10:24:59.730112+00	285	11	IMG_2714.jpg
446	maintenance_job_images/2025/09/IMG_2717_5WfHTwa.jpeg	2025-09-18 10:24:59.976479+00	285	11	IMG_2717.jpg
447	maintenance_job_images/2025/09/IMG_2803.jpeg	2025-09-18 10:59:12.917266+00	286	11	IMG_2803.jpg
448	maintenance_job_images/2025/09/IMG_2805.jpeg	2025-09-18 11:00:59.354572+00	287	11	IMG_2805.jpg
449	maintenance_job_images/2025/09/IMG_2804.jpeg	2025-09-18 11:00:59.655315+00	287	11	IMG_2804.jpg
450	maintenance_job_images/2025/09/IMG_2806.jpeg	2025-09-18 11:02:07.792262+00	288	11	IMG_2806.jpg
451	maintenance_job_images/2025/09/IMG_2807.jpeg	2025-09-18 11:02:07.885847+00	288	11	IMG_2807.jpg
452	maintenance_job_images/2025/09/IMG_2819.jpeg	2025-09-18 11:26:59.781827+00	289	11	IMG_2819.jpg
453	maintenance_job_images/2025/09/IMG_2819_diR0T7S.jpeg	2025-09-18 11:27:06.342193+00	290	11	IMG_2819.jpg
\.


--
-- Data for Name: myappLubd_machine; Type: TABLE DATA; Schema: public; Owner: mylubd_user
--

COPY public."myappLubd_machine" (id, machine_id, name, description, location, status, installation_date, last_maintenance_date, created_at, updated_at, property_id) FROM stdin;
1	M2544AF9284	Lift No1		Lobby	active	2025-09-01	2025-09-01 09:17:24+00	2025-09-01 09:17:25.524+00	2025-09-01 09:17:25.524+00	1
2	M2532F43D01	Lift No2		Lobby	active	2025-09-01	2025-09-01 09:17:52+00	2025-09-01 09:17:53.394+00	2025-09-01 09:17:53.394+00	1
\.


--
-- Data for Name: myappLubd_machine_preventive_maintenances; Type: TABLE DATA; Schema: public; Owner: mylubd_user
--

COPY public."myappLubd_machine_preventive_maintenances" (id, machine_id, preventivemaintenance_id) FROM stdin;
1	1	12
\.


--
-- Data for Name: myappLubd_maintenancechecklist; Type: TABLE DATA; Schema: public; Owner: mylubd_user
--

COPY public."myappLubd_maintenancechecklist" (id, item, description, is_completed, completed_at, "order", completed_by_id, maintenance_id) FROM stdin;
\.


--
-- Data for Name: myappLubd_maintenancehistory; Type: TABLE DATA; Schema: public; Owner: mylubd_user
--

COPY public."myappLubd_maintenancehistory" (id, action, notes, "timestamp", maintenance_id, performed_by_id) FROM stdin;
\.


--
-- Data for Name: myappLubd_maintenanceprocedure; Type: TABLE DATA; Schema: public; Owner: mylubd_user
--

COPY public."myappLubd_maintenanceprocedure" (id, name, description, steps, estimated_duration, required_tools, safety_notes, created_at, updated_at, difficulty_level) FROM stdin;
\.


--
-- Data for Name: myappLubd_maintenanceschedule; Type: TABLE DATA; Schema: public; Owner: mylubd_user
--

COPY public."myappLubd_maintenanceschedule" (id, is_recurring, next_occurrence, recurrence_pattern, last_occurrence, total_occurrences, is_active, maintenance_id) FROM stdin;
\.


--
-- Data for Name: myappLubd_preventivemaintenance; Type: TABLE DATA; Schema: public; Owner: mylubd_user
--

COPY public."myappLubd_preventivemaintenance" (id, pm_id, scheduled_date, completed_date, frequency, custom_days, next_due_date, notes, updated_at, after_image, before_image, created_by_id, pmtitle, job_id, procedure, after_image_jpeg_path, before_image_jpeg_path, actual_duration, completed_by_id, completion_notes, estimated_duration, priority, quality_score, status, verification_date, verified_by_id, procedure_template_id) FROM stdin;
12	pm25A4AD03	2025-09-15 02:00:00+00	\N	quarterly	\N	\N	test1	2025-09-15 10:16:45.615376+00	maintenance_pm_images/2025/09/20250617_134821_MfkC5gp.jpg	maintenance_pm_images/2025/09/20250617_134821.jpg	1	Cleaning fitter Air Conditions	\N	test	\N	\N	\N	\N	\N	\N	medium	\N	pending	\N	\N	\N
\.


--
-- Data for Name: myappLubd_preventivemaintenance_topics; Type: TABLE DATA; Schema: public; Owner: mylubd_user
--

COPY public."myappLubd_preventivemaintenance_topics" (id, preventivemaintenance_id, topic_id) FROM stdin;
27	12	5
\.


--
-- Data for Name: myappLubd_property; Type: TABLE DATA; Schema: public; Owner: mylubd_user
--

COPY public."myappLubd_property" (id, property_id, name, description, created_at, is_preventivemaintenance) FROM stdin;
1	PB749146D	Lubd Bangkok Chainatown		2025-03-25 14:27:00.574+00	f
2	PE17D8D2C	Lub d Bangkok Siam		2025-03-27 04:02:46.667+00	f
\.


--
-- Data for Name: myappLubd_property_users; Type: TABLE DATA; Schema: public; Owner: mylubd_user
--

COPY public."myappLubd_property_users" (id, property_id, user_id) FROM stdin;
89	1	1
90	1	2
93	1	8
94	1	9
95	1	10
96	1	11
98	2	5
\.


--
-- Data for Name: myappLubd_room; Type: TABLE DATA; Schema: public; Owner: mylubd_user
--

COPY public."myappLubd_room" (room_id, name, room_type, is_active, created_at) FROM stdin;
1	301	Talad Noi King	t	2025-03-26 06:19:47.009+00
2	302	Talad Noi King	t	2025-03-26 07:40:36.354+00
3	303	Talad Noi King	t	2025-03-26 07:40:53.524+00
4	321	Siam Yot Loft	t	2025-03-26 07:44:06.617+00
5	421	Siam Yot Loft	t	2025-03-26 07:44:18.215+00
6	521	Siam Yot Loft	t	2025-03-26 07:44:28.232+00
7	329	Chinatown Suite	t	2025-03-26 07:44:51.082+00
8	429	Chinatown Suite	t	2025-03-26 07:45:00.965+00
9	529	Chinatown Suite	t	2025-03-26 07:45:12.345+00
10	629	Chinatown Suite	t	2025-03-26 07:45:23.984+00
11	308	Yaowarat King	t	2025-03-26 07:45:48.416+00
12	309	Yaowarat King	t	2025-03-26 07:46:01.754+00
13	408	Yaowarat King	t	2025-03-26 07:46:22.67+00
14	409	Chinatown Suite	t	2025-03-26 07:46:32.411+00
15	508	Yaowarat King	t	2025-03-26 07:46:48.112+00
16	509	Yaowarat King	t	2025-03-26 07:46:57.438+00
17	608	Yaowarat King	t	2025-03-26 07:47:10.514+00
18	609	Yaowarat King	t	2025-03-26 07:47:21.875+00
19	322	Sampeng Lane Twin	t	2025-03-26 07:47:51.462+00
20	328	Sampeng Lane Twin	t	2025-03-26 07:47:59.408+00
21	323	Sampeng Lane Twin	t	2025-03-26 07:48:08.667+00
22	324	Sampeng Lane Twin	t	2025-03-26 07:48:18.097+00
23	325	Sampeng Lane Twin	t	2025-03-26 07:48:27.031+00
24	326	Sampeng Lane Twin	t	2025-03-26 07:48:36.775+00
25	327	Sampeng Lane Twin	t	2025-03-26 07:48:45.064+00
26	330	Sampeng Lane Twin	t	2025-03-26 07:49:00.716+00
27	331	Sampeng Lane Twin	t	2025-03-26 07:49:09.989+00
28	332	Sampeng Lane Twin	t	2025-03-26 07:49:18.396+00
29	333	Sampeng Lane Twin	t	2025-03-26 07:49:26.969+00
30	422	Sampeng Lane Twin	t	2025-03-26 07:49:42.885+00
31	428	Sampeng Lane Twin	t	2025-03-26 07:49:51.773+00
32	423	Sampeng Lane Twin	t	2025-03-26 07:50:01.094+00
33	424	Sampeng Lane Twin	t	2025-03-26 07:50:08.403+00
34	425	Sampeng Lane Twin	t	2025-03-26 07:50:17.492+00
35	426	Sampeng Lane Twin	t	2025-03-26 07:50:26.633+00
36	427	Sampeng Lane Twin	t	2025-03-26 07:50:35.4+00
37	430	Sampeng Lane Twin	t	2025-03-26 07:51:12.312+00
38	431	Sampeng Lane Twin	t	2025-03-26 07:51:21.952+00
39	432	Sampeng Lane Twin	t	2025-03-26 07:51:29.816+00
40	433	Sampeng Lane Twin	t	2025-03-26 07:51:36.788+00
41	522	Sampeng Lane Twin	t	2025-03-26 07:52:15.002+00
42	523	Sampeng Lane Twin	t	2025-03-26 07:52:23.123+00
43	524	Sampeng Lane Twin	t	2025-03-26 07:52:31.252+00
44	525	Sampeng Lane Twin	t	2025-03-26 07:52:40.969+00
45	526	Sampeng Lane Twin	t	2025-03-26 07:52:50.175+00
46	527	Sampeng Lane Twin	t	2025-03-26 07:52:59.501+00
47	528	Sampeng Lane Twin	t	2025-03-26 07:53:10.633+00
48	530	Sampeng Lane Twin	t	2025-03-26 07:53:26.497+00
49	531	Sampeng Lane Twin	t	2025-03-26 07:53:34.891+00
50	532	Sampeng Lane Twin	t	2025-03-26 07:53:42.991+00
51	533	Sampeng Lane Twin	t	2025-03-26 07:53:50.257+00
52	622	Sampeng Lane Twin	t	2025-03-26 07:54:10.681+00
53	623	Sampeng Lane Twin	t	2025-03-26 07:54:18.478+00
54	624	Sampeng Lane Twin	t	2025-03-26 07:54:26.402+00
55	625	Sampeng Lane Twin	t	2025-03-26 07:54:34.179+00
56	626	Sampeng Lane Twin	t	2025-03-26 07:54:42.787+00
57	627	Sampeng Lane Twin	t	2025-03-26 07:54:51.305+00
58	628	Sampeng Lane Twin	t	2025-03-26 07:55:01.386+00
59	630	Sampeng Lane Twin	t	2025-03-26 07:55:20.02+00
60	631	Sampeng Lane Twin	t	2025-03-26 07:55:28.766+00
61	632	Sampeng Lane Twin	t	2025-03-26 07:55:37.032+00
62	633	Sampeng Lane Twin	t	2025-03-26 07:55:46.648+00
63	304	Talad Noi King	t	2025-03-26 07:56:28.145+00
64	305	Talad Noi King	t	2025-03-26 07:56:39.176+00
65	306	Talad Noi King	t	2025-03-26 07:56:50.313+00
66	307	Talad Noi King	t	2025-03-26 07:57:00.57+00
67	310	Talad Noi King	t	2025-03-26 07:57:12.535+00
68	311	Talad Noi King	t	2025-03-26 07:57:22.856+00
69	312	Talad Noi King	t	2025-03-26 07:57:35.381+00
70	314	Talad Noi King	t	2025-03-26 07:57:45.413+00
71	315	Talad Noi King	t	2025-03-26 07:57:55.163+00
72	316	Talad Noi King	t	2025-03-26 07:58:11.003+00
73	317	Talad Noi King	t	2025-03-26 07:58:20.595+00
74	318	Talad Noi King	t	2025-03-26 07:58:34.926+00
75	319	Talad Noi King	t	2025-03-26 07:58:43.336+00
76	320	Talad Noi King	t	2025-03-26 07:58:53.116+00
77	401	Talad Noi King	t	2025-03-26 07:59:04.108+00
78	402	Talad Noi King	t	2025-03-26 07:59:13.31+00
79	403	Talad Noi King	t	2025-03-26 07:59:23+00
80	404	Talad Noi King	t	2025-03-26 07:59:41.433+00
81	405	Talad Noi King	t	2025-03-26 07:59:50.034+00
82	406	Talad Noi King	t	2025-03-26 07:59:59.913+00
83	407	Talad Noi King	t	2025-03-26 08:00:09.787+00
84	410	Talad Noi King	t	2025-03-26 08:00:35.992+00
85	411	Talad Noi King	t	2025-03-26 08:00:59.716+00
86	412	Talad Noi King	t	2025-03-26 08:01:15.943+00
87	414	Talad Noi King	t	2025-03-26 08:01:27.612+00
88	415	Talad Noi King	t	2025-03-26 08:01:35.849+00
89	416	Talad Noi King	t	2025-03-26 08:01:43.391+00
90	417	Talad Noi King	t	2025-03-26 08:01:50.642+00
91	418	Talad Noi King	t	2025-03-26 08:01:58.103+00
92	419	Talad Noi King	t	2025-03-26 08:02:07.834+00
93	420	Talad Noi King	t	2025-03-26 08:02:15.982+00
94	501	Talad Noi King	t	2025-03-26 08:02:43.682+00
95	502	Talad Noi King	t	2025-03-26 08:02:53.007+00
96	503	Talad Noi King	t	2025-03-26 08:03:01.41+00
97	504	Talad Noi King	t	2025-03-26 08:03:11.808+00
98	505	Talad Noi King	t	2025-03-26 08:03:19.902+00
99	506	Talad Noi King	t	2025-03-26 08:03:28.887+00
100	507	Talad Noi King	t	2025-03-26 08:03:38.591+00
101	510	Talad Noi King	t	2025-03-26 08:04:00.765+00
102	512	Talad Noi King	t	2025-03-26 08:04:17.322+00
103	511	Talad Noi King	t	2025-03-26 08:04:24.403+00
104	514	Talad Noi King	t	2025-03-26 08:04:32.473+00
105	515	Talad Noi King	t	2025-03-26 08:04:39.373+00
106	516	Talad Noi King	t	2025-03-26 08:04:47.829+00
107	517	Talad Noi King	t	2025-03-26 08:04:55.126+00
108	518	Talad Noi King	t	2025-03-26 08:05:02.621+00
109	519	Talad Noi King	t	2025-03-26 08:05:10.47+00
110	520	Talad Noi King	t	2025-03-26 08:05:18.248+00
111	601	Talad Noi King	t	2025-03-26 08:05:33.499+00
112	602	Talad Noi King	t	2025-03-26 08:05:41.884+00
113	603	Talad Noi King	t	2025-03-26 08:05:49.472+00
114	604	Talad Noi King	t	2025-03-26 08:05:57.302+00
115	605	Talad Noi King	t	2025-03-26 08:06:04.894+00
116	606	Talad Noi King	t	2025-03-26 08:06:12.361+00
117	607	Talad Noi King	t	2025-03-26 08:06:24.716+00
118	610	Talad Noi King	t	2025-03-26 08:06:59.691+00
119	611	Talad Noi King	t	2025-03-26 08:07:13.552+00
120	612	Talad Noi King	t	2025-03-26 08:07:22.979+00
121	614	Talad Noi King	t	2025-03-26 08:07:35.239+00
122	615	Talad Noi King	t	2025-03-26 08:07:44.514+00
123	616	Talad Noi King	t	2025-03-26 08:07:57.578+00
124	617	Talad Noi King	t	2025-03-26 08:08:19.576+00
125	618	Talad Noi King	t	2025-03-26 08:08:30.262+00
126	619	Talad Noi King	t	2025-03-26 08:08:38.743+00
127	620	Talad Noi King	t	2025-03-26 08:08:50.667+00
128	210	Tribe Hideout	t	2025-03-26 08:09:03.245+00
129	220	Tribe Hideout	t	2025-03-26 08:09:10.623+00
130	230	Tribe Hideout	t	2025-03-26 08:09:20.611+00
131	240	Talad Noi King	t	2025-03-26 08:09:52.62+00
132	250	Tribe Hideout	t	2025-03-26 08:10:05.494+00
133	260	Tribe Hideout	t	2025-03-26 08:10:15.445+00
134	1301	Tribe Hideout	t	2025-03-27 04:05:10.475+00
135	1302	Tribe Hideout	t	2025-03-27 04:05:24.423+00
136	1304	Tribe Hideout	t	2025-03-27 04:05:45.246+00
137	1303	Tribe Hideout	t	2025-03-27 04:06:24.476+00
138	1305	Tribe Hideout	t	2025-03-27 04:06:39.73+00
139	1306	Tribe Hideout	t	2025-03-27 04:07:09.199+00
140	1307	Tribe Hideout	t	2025-03-27 04:07:23.544+00
141	1308	Tribe Hideout	t	2025-03-27 04:07:34.283+00
142	1309	Tribe Hideout	t	2025-03-27 04:07:44.783+00
143	1310	Tribe Hideout	t	2025-03-27 04:08:03.36+00
144	1311	Tribe Hideout	t	2025-03-27 04:08:13.769+00
145	1312	Tribe Hideout	t	2025-03-27 04:08:26.493+00
146	1313	Tribe Hideout	t	2025-03-27 04:08:40.144+00
147	1314	Tribe Hideout	t	2025-03-27 04:08:50.681+00
148	1401	Siam Square Double	t	2025-03-27 04:09:25.933+00
149	1404	Siam Square Double	t	2025-03-27 04:09:37.736+00
150	1405	Siam Square Double	t	2025-03-27 04:09:56.264+00
151	1406	Siam Square Double	t	2025-03-27 04:10:18.291+00
152	1411	Siam Square Double	t	2025-03-27 04:10:35.592+00
153	1402	Siam Square Twin	t	2025-03-27 04:11:08.678+00
154	1403	Siam Square Twin	t	2025-03-27 04:11:29.166+00
155	1407	Siam Square Twin	t	2025-03-27 04:11:51.351+00
156	1408	Siam Square Twin	t	2025-03-27 04:12:01.815+00
157	1409	Siam Square Twin	t	2025-03-27 04:12:13.945+00
158	1410	Siam Square Twin	t	2025-03-27 04:12:31.721+00
159	1201	Pratunam Deluxe	t	2025-03-27 04:12:54.831+00
160	1202	Pratunam Deluxe	t	2025-03-27 04:13:03.801+00
161	1203	Pratunam Deluxe	t	2025-03-27 04:13:13.449+00
162	1204	Pratunam Deluxe	t	2025-03-27 04:13:23.231+00
163	1205	Pratunam Deluxe	t	2025-03-27 04:13:33.418+00
164	1206	Pratunam Deluxe	t	2025-03-27 04:14:03.95+00
165	1207	Pratunam Deluxe	t	2025-03-27 04:14:17.426+00
166	1208	Pratunam Deluxe	t	2025-03-27 04:14:47.213+00
167	1209	Pratunam Deluxe	t	2025-03-27 04:14:58.166+00
168	1210	Pratunam Deluxe	t	2025-03-27 04:15:07.711+00
169	1211	Pratunam Deluxe	t	2025-03-27 04:15:18.592+00
170	1212	Pratunam Deluxe	t	2025-03-27 04:15:35.06+00
171	1412	Marasca SD	t	2025-03-27 04:16:39.965+00
172	1000	Lobby Area	t	2025-04-04 02:45:18.051+00
173	1100	Bath Room  Floor  1 st	t	2025-04-04 02:46:22.301+00
174	1200	Bath Room  Floor  3st	t	2025-04-04 02:46:45.139+00
175	1400	Kitchen Room	t	2025-04-04 02:47:49.248+00
176	1001	Washing machine no. 1	t	2025-09-02 04:29:02.294+00
177	1002	Washing machine no. 2	t	2025-09-02 04:29:41.336+00
178	1003	Dryer Machine No .1	t	2025-09-02 04:31:16.906+00
179	1004	Dryer Machine No .2	t	2025-09-02 04:31:33.918+00
180	621	Siam Yot Loft	t	2025-09-03 04:49:05.282+00
181	900	Orther	t	2025-09-04 09:49:26.939+00
\.


--
-- Data for Name: myappLubd_room_properties; Type: TABLE DATA; Schema: public; Owner: mylubd_user
--

COPY public."myappLubd_room_properties" (id, room_id, property_id) FROM stdin;
2107	1	1
2108	2	1
2109	3	1
2110	4	1
2111	5	1
2112	6	1
2113	7	1
2114	8	1
2115	9	1
2116	10	1
2117	11	1
2118	12	1
2119	13	1
2120	14	1
2121	15	1
2122	16	1
2123	17	1
2124	18	1
2125	19	1
2126	20	1
2127	21	1
2128	22	1
2129	23	1
2130	24	1
2131	25	1
2132	26	1
2133	27	1
2134	28	1
2135	29	1
2136	30	1
2137	31	1
2138	32	1
2139	33	1
2140	34	1
2141	35	1
2142	36	1
2143	37	1
2144	38	1
2145	39	1
2146	40	1
2147	41	1
2148	42	1
2149	43	1
2150	44	1
2151	45	1
2152	46	1
2153	47	1
2154	48	1
2155	49	1
2156	50	1
2157	51	1
2158	52	1
2159	53	1
2160	54	1
2161	55	1
2162	56	1
2163	57	1
2164	58	1
2165	59	1
2166	60	1
2167	61	1
2168	62	1
2169	63	1
2170	64	1
2171	65	1
2172	66	1
2173	67	1
2174	68	1
2175	69	1
2176	70	1
2177	71	1
2178	72	1
2179	73	1
2180	74	1
2181	75	1
2182	76	1
2183	77	1
2184	78	1
2185	79	1
2186	80	1
2187	81	1
2188	82	1
2189	83	1
2190	84	1
2191	85	1
2192	86	1
2193	87	1
2194	88	1
2195	89	1
2196	90	1
2197	91	1
2198	92	1
2199	93	1
2200	94	1
2201	95	1
2202	96	1
2203	97	1
2204	98	1
2205	99	1
2206	100	1
2207	101	1
2208	102	1
2209	103	1
2210	104	1
2211	105	1
2212	106	1
2213	107	1
2214	108	1
2215	109	1
2216	110	1
2217	111	1
2218	112	1
2219	113	1
2220	114	1
2221	115	1
2222	116	1
2223	117	1
2224	118	1
2225	119	1
2226	120	1
2227	121	1
2228	122	1
2229	123	1
2230	124	1
2231	125	1
2232	126	1
2233	127	1
2234	128	1
2235	129	1
2236	130	1
2237	131	1
2238	132	1
2239	133	1
2240	134	2
2241	135	2
2242	136	2
2243	137	2
2244	138	2
2245	139	2
2246	140	2
2247	141	2
2248	142	2
2249	143	2
2250	144	2
2251	145	2
2252	146	2
2253	147	2
2254	148	2
2255	149	2
2256	150	2
2257	151	2
2258	152	2
2259	153	2
2260	154	2
2261	155	2
2262	156	2
2263	157	2
2264	158	2
2265	159	2
2266	160	2
2267	161	2
2268	162	2
2269	163	2
2270	164	2
2271	165	2
2272	166	2
2273	167	2
2274	168	2
2275	169	2
2276	170	2
2277	171	2
2278	172	2
2279	173	2
2280	174	2
2281	175	2
2282	176	1
2283	177	1
2284	178	1
2285	179	1
2286	180	1
2287	181	1
\.


--
-- Data for Name: myappLubd_session; Type: TABLE DATA; Schema: public; Owner: mylubd_user
--

COPY public."myappLubd_session" (id, session_token, access_token, refresh_token, expires_at, created_at, user_id) FROM stdin;
1	90990fa6-b433-4515-a35d-df60884ef98b	eyJhbGciOiJIUzI1NiIsInR5cCI6IkpXVCJ9.eyJ0b2tlbl90eXBlIjoiYWNjZXNzIiwiZXhwIjoxNzQyOTc5MTQxLCJpYXQiOjE3NDI5NzczNDEsImp0aSI6ImIzMmRmNTllNjMzZTQ3YzRhMzI3Yjg1Mzg0ZDI1MGQ1IiwidXNlcl9pZCI6Mn0.yqcqbr7lJi_2VVEl47T-Excek8L4bdxSKenlR0d--4M	eyJhbGciOiJIUzI1NiIsInR5cCI6IkpXVCJ9.eyJ0b2tlbl90eXBlIjoicmVmcmVzaCIsImV4cCI6MTc0MzA2Mzc0MSwiaWF0IjoxNzQyOTc3MzQxLCJqdGkiOiI3OTk5M2Y5MWFhYjM0ZGI2ODA4Yzg0Y2YzZjYzNzdkMiIsInVzZXJfaWQiOjJ9.FAe9_vapy5Rf7fEQBDJRlYxr_s4LtDJC7z-yL3QF2rU	2025-04-25 08:22:21.956+00	2025-03-26 08:22:21.956+00	2
4	ec07d82d-01f3-4d7b-ad37-e7ca55c4b908	eyJhbGciOiJIUzI1NiIsInR5cCI6IkpXVCJ9.eyJ0b2tlbl90eXBlIjoiYWNjZXNzIiwiZXhwIjoxNzQzMDcwNzk3LCJpYXQiOjE3NDMwNjg5OTcsImp0aSI6IjY3ZWYzM2M2OWFiMDRmZWFhN2U3MTE2MjJjNzQ1YWQ5IiwidXNlcl9pZCI6NX0.qBPlzMV7NqQhF4iyunFc1vDLTNI5yJxATCTqZbRgquU	eyJhbGciOiJIUzI1NiIsInR5cCI6IkpXVCJ9.eyJ0b2tlbl90eXBlIjoicmVmcmVzaCIsImV4cCI6MTc0MzE1NTM5NywiaWF0IjoxNzQzMDY4OTk3LCJqdGkiOiI0ZWZkZDA1NTZhMmM0NjI1OGNjNmU5NGUwYjBkMDk0OCIsInVzZXJfaWQiOjV9.xOOCR4RVRhlHwxD3tDOPhMJWHcs9MYfKRoNkmbcBa20	2025-04-26 09:49:57.847+00	2025-03-27 09:49:57.848+00	5
\.


--
-- Data for Name: myappLubd_topic; Type: TABLE DATA; Schema: public; Owner: mylubd_user
--

COPY public."myappLubd_topic" (id, title, description) FROM stdin;
1	Air-Conditions(ระบบทำความเย็น)	
2	Barth Room(ห้องน้ำ,ซักโครก,ที่กดสบู่)	
3	Wall and Repaint (ฝ้าเพดาน,ผนัง,งานสี)	
4	Door( ประตู)	
5	Ligthting(ระบบแสงสว่าง)	
6	Internet and TV(ระบบอินเตอร์เน็ต,ระบบทีวี)	
8	Water Leasks (น้ำรั่ว)	Water leakage detected from an unknown source. Requires inspection to identify origin and prevent further damage to surrounding areas.
7	Water and Hot water (น้ำร้อน,น้ำเย็น)	The hot water system delivers heated water to guest rooms, kitchens, and staff facilities for bathing, cleaning, and operational use. The system consists of water heaters (electric or gas), circulation pumps, mixing valves, and insulated piping. It is designed to maintain consistent water temperature and availability, while minimizing energy consumption and ensuring guest comfort. Regular checks are carried out to monitor temperature settings, detect faults, and prevent scalding or system failure.
9	Orther (อาการอื่นๆ)	
10	Furniture ( เฟอร์นิเจอร์)	
\.


--
-- Data for Name: myappLubd_user; Type: TABLE DATA; Schema: public; Owner: mylubd_user
--

COPY public."myappLubd_user" (id, password, last_login, is_superuser, username, first_name, last_name, email, is_staff, is_active, date_joined, property_name, property_id) FROM stdin;
1	pbkdf2_sha256$600000$PJLnkOWoshNmzAnrXcuSFn$dfxxfo99A7uzwBQt4bRtAt8mNtOOS1pSwdsFIgzTYkw=	2025-09-15 07:20:50.47+00	t	admin				t	t	2025-03-25 14:25:12.446+00	\N	\N
2	pbkdf2_sha256$600000$f1vx2tTRHhDFJ3Ysi5EoMe$U3pSUfsdWq5Mlb4EIWNn/U45AuJ2AdSHifbqHKiBd04=	\N	f	jinkjok			gigga15900@gmail.com	t	t	2025-03-26 08:22:21+00	\N	\N
5	pbkdf2_sha256$600000$U2EzcdICzS4WirZzeVl7PP$vlSVWzlBPS8XD59BIIsyJHTqj7ZKTEstTZgC09Kw8SM=	\N	f	admin_Siam			khemasak.k@lubd.com	f	t	2025-03-27 09:49:57.181+00	\N	\N
8		\N	f	google-oauth2_110208545241072621955	khemasak	kanthong	kkanthong@gmail.com	t	t	2025-09-01 06:56:48+00	\N	\N
9		\N	f	google-oauth2_108556798872465024318	Wisit	Pornwarapa	gigga15900@gmail.com	t	t	2025-09-01 07:43:06+00	\N	\N
10		\N	f	google-oauth2_106049868205350075477	Suriya	Siwantha	surirasriwantha30@gmail.com	t	t	2025-09-01 07:51:42+00	\N	\N
11		\N	f	google-oauth2_108191488042158054811	Patthana	Uppahat	patthana5505@gmail.com	t	t	2025-09-01 07:56:05+00	\N	\N
12		\N	f	google-oauth2_105427576097642813504	Pattiya	Chauenla-or	pattiya.c@naraihospitality.com	t	t	2025-09-08 02:47:17+00	\N	\N
13		\N	f	google-oauth2_116814397692117870945				f	t	2025-09-09 12:39:13.199+00	\N	\N
14		\N	f	google-oauth2_107082881586395563329				f	t	2025-09-17 02:14:48.068001+00	\N	\N
\.


--
-- Data for Name: myappLubd_user_groups; Type: TABLE DATA; Schema: public; Owner: mylubd_user
--

COPY public."myappLubd_user_groups" (id, user_id, group_id) FROM stdin;
\.


--
-- Data for Name: myappLubd_user_user_permissions; Type: TABLE DATA; Schema: public; Owner: mylubd_user
--

COPY public."myappLubd_user_user_permissions" (id, user_id, permission_id) FROM stdin;
\.


--
-- Data for Name: myappLubd_userprofile; Type: TABLE DATA; Schema: public; Owner: mylubd_user
--

COPY public."myappLubd_userprofile" (id, positions, profile_image, user_id, access_token, email_verified, google_id, login_provider, refresh_token, last_login_google, reset_password_token, reset_password_expires_at, reset_password_used, property_name, property_id) FROM stdin;
50	\N		1	\N	f	\N	\N	\N	\N	\N	\N	f	\N	\N
52			11	\N	f	\N	\N	\N	\N	\N	\N	f	\N	\N
53			10	\N	f	\N	\N	\N	\N	\N	\N	f	\N	\N
54			9	\N	f	\N	\N	\N	\N	\N	\N	f	\N	\N
55	HR		12	\N	f	\N	\N	\N	\N	\N	\N	f	\N	\N
56			8	\N	f	\N	\N	\N	\N	\N	\N	f	\N	\N
57	\N		14	\N	f	\N	\N	\N	\N	\N	\N	f	\N	\N
\.


--
-- Data for Name: myappLubd_userprofile_properties; Type: TABLE DATA; Schema: public; Owner: mylubd_user
--

COPY public."myappLubd_userprofile_properties" (id, userprofile_id, property_id) FROM stdin;
1	55	1
2	55	2
3	53	1
4	56	1
5	56	2
6	54	1
7	52	1
\.


--
-- Name: auth_group_id_seq; Type: SEQUENCE SET; Schema: public; Owner: mylubd_user
--

SELECT pg_catalog.setval('public.auth_group_id_seq', 1, false);


--
-- Name: auth_group_permissions_id_seq; Type: SEQUENCE SET; Schema: public; Owner: mylubd_user
--

SELECT pg_catalog.setval('public.auth_group_permissions_id_seq', 1, false);


--
-- Name: auth_permission_id_seq; Type: SEQUENCE SET; Schema: public; Owner: mylubd_user
--

SELECT pg_catalog.setval('public.auth_permission_id_seq', 84, true);


--
-- Name: django_admin_log_id_seq; Type: SEQUENCE SET; Schema: public; Owner: mylubd_user
--

SELECT pg_catalog.setval('public.django_admin_log_id_seq', 429, true);


--
-- Name: django_content_type_id_seq; Type: SEQUENCE SET; Schema: public; Owner: mylubd_user
--

SELECT pg_catalog.setval('public.django_content_type_id_seq', 21, true);


--
-- Name: django_migrations_id_seq; Type: SEQUENCE SET; Schema: public; Owner: mylubd_user
--

SELECT pg_catalog.setval('public.django_migrations_id_seq', 47, true);


--
-- Name: myappLubd_job_id_seq; Type: SEQUENCE SET; Schema: public; Owner: mylubd_user
--

SELECT pg_catalog.setval('public."myappLubd_job_id_seq"', 290, true);


--
-- Name: myappLubd_job_rooms_id_seq; Type: SEQUENCE SET; Schema: public; Owner: mylubd_user
--

SELECT pg_catalog.setval('public."myappLubd_job_rooms_id_seq"', 501, true);


--
-- Name: myappLubd_job_topics_id_seq; Type: SEQUENCE SET; Schema: public; Owner: mylubd_user
--

SELECT pg_catalog.setval('public."myappLubd_job_topics_id_seq"', 499, true);


--
-- Name: myappLubd_jobimage_id_seq; Type: SEQUENCE SET; Schema: public; Owner: mylubd_user
--

SELECT pg_catalog.setval('public."myappLubd_jobimage_id_seq"', 453, true);


--
-- Name: myappLubd_machine_id_seq; Type: SEQUENCE SET; Schema: public; Owner: mylubd_user
--

SELECT pg_catalog.setval('public."myappLubd_machine_id_seq"', 2, true);


--
-- Name: myappLubd_machine_preventive_maintenances_id_seq; Type: SEQUENCE SET; Schema: public; Owner: mylubd_user
--

SELECT pg_catalog.setval('public."myappLubd_machine_preventive_maintenances_id_seq"', 1, true);


--
-- Name: myappLubd_maintenancechecklist_id_seq; Type: SEQUENCE SET; Schema: public; Owner: mylubd_user
--

SELECT pg_catalog.setval('public."myappLubd_maintenancechecklist_id_seq"', 1, false);


--
-- Name: myappLubd_maintenancehistory_id_seq; Type: SEQUENCE SET; Schema: public; Owner: mylubd_user
--

SELECT pg_catalog.setval('public."myappLubd_maintenancehistory_id_seq"', 1, false);


--
-- Name: myappLubd_maintenanceprocedure_id_seq; Type: SEQUENCE SET; Schema: public; Owner: mylubd_user
--

SELECT pg_catalog.setval('public."myappLubd_maintenanceprocedure_id_seq"', 1, false);


--
-- Name: myappLubd_maintenanceschedule_id_seq; Type: SEQUENCE SET; Schema: public; Owner: mylubd_user
--

SELECT pg_catalog.setval('public."myappLubd_maintenanceschedule_id_seq"', 1, false);


--
-- Name: myappLubd_preventivemaintenance_id_seq; Type: SEQUENCE SET; Schema: public; Owner: mylubd_user
--

SELECT pg_catalog.setval('public."myappLubd_preventivemaintenance_id_seq"', 12, true);


--
-- Name: myappLubd_preventivemaintenance_topics_id_seq; Type: SEQUENCE SET; Schema: public; Owner: mylubd_user
--

SELECT pg_catalog.setval('public."myappLubd_preventivemaintenance_topics_id_seq"', 27, true);


--
-- Name: myappLubd_property_id_seq; Type: SEQUENCE SET; Schema: public; Owner: mylubd_user
--

SELECT pg_catalog.setval('public."myappLubd_property_id_seq"', 2, true);


--
-- Name: myappLubd_property_users_id_seq; Type: SEQUENCE SET; Schema: public; Owner: mylubd_user
--

SELECT pg_catalog.setval('public."myappLubd_property_users_id_seq"', 99, true);


--
-- Name: myappLubd_room_properties_id_seq; Type: SEQUENCE SET; Schema: public; Owner: mylubd_user
--

SELECT pg_catalog.setval('public."myappLubd_room_properties_id_seq"', 2287, true);


--
-- Name: myappLubd_room_room_id_seq; Type: SEQUENCE SET; Schema: public; Owner: mylubd_user
--

SELECT pg_catalog.setval('public."myappLubd_room_room_id_seq"', 181, true);


--
-- Name: myappLubd_session_id_seq; Type: SEQUENCE SET; Schema: public; Owner: mylubd_user
--

SELECT pg_catalog.setval('public."myappLubd_session_id_seq"', 4, true);


--
-- Name: myappLubd_topic_id_seq; Type: SEQUENCE SET; Schema: public; Owner: mylubd_user
--

SELECT pg_catalog.setval('public."myappLubd_topic_id_seq"', 10, true);


--
-- Name: myappLubd_user_groups_id_seq; Type: SEQUENCE SET; Schema: public; Owner: mylubd_user
--

SELECT pg_catalog.setval('public."myappLubd_user_groups_id_seq"', 1, false);


--
-- Name: myappLubd_user_id_seq; Type: SEQUENCE SET; Schema: public; Owner: mylubd_user
--

SELECT pg_catalog.setval('public."myappLubd_user_id_seq"', 14, true);


--
-- Name: myappLubd_user_user_permissions_id_seq; Type: SEQUENCE SET; Schema: public; Owner: mylubd_user
--

SELECT pg_catalog.setval('public."myappLubd_user_user_permissions_id_seq"', 1, false);


--
-- Name: myappLubd_userprofile_id_seq; Type: SEQUENCE SET; Schema: public; Owner: mylubd_user
--

SELECT pg_catalog.setval('public."myappLubd_userprofile_id_seq"', 57, true);


--
-- Name: myappLubd_userprofile_properties_id_seq; Type: SEQUENCE SET; Schema: public; Owner: mylubd_user
--

SELECT pg_catalog.setval('public."myappLubd_userprofile_properties_id_seq"', 7, true);


--
-- Name: auth_group auth_group_name_key; Type: CONSTRAINT; Schema: public; Owner: mylubd_user
--

ALTER TABLE ONLY public.auth_group
    ADD CONSTRAINT auth_group_name_key UNIQUE (name);


--
-- Name: auth_group_permissions auth_group_permissions_group_id_permission_id_0cd325b0_uniq; Type: CONSTRAINT; Schema: public; Owner: mylubd_user
--

ALTER TABLE ONLY public.auth_group_permissions
    ADD CONSTRAINT auth_group_permissions_group_id_permission_id_0cd325b0_uniq UNIQUE (group_id, permission_id);


--
-- Name: auth_group_permissions auth_group_permissions_pkey; Type: CONSTRAINT; Schema: public; Owner: mylubd_user
--

ALTER TABLE ONLY public.auth_group_permissions
    ADD CONSTRAINT auth_group_permissions_pkey PRIMARY KEY (id);


--
-- Name: auth_group auth_group_pkey; Type: CONSTRAINT; Schema: public; Owner: mylubd_user
--

ALTER TABLE ONLY public.auth_group
    ADD CONSTRAINT auth_group_pkey PRIMARY KEY (id);


--
-- Name: auth_permission auth_permission_content_type_id_codename_01ab375a_uniq; Type: CONSTRAINT; Schema: public; Owner: mylubd_user
--

ALTER TABLE ONLY public.auth_permission
    ADD CONSTRAINT auth_permission_content_type_id_codename_01ab375a_uniq UNIQUE (content_type_id, codename);


--
-- Name: auth_permission auth_permission_pkey; Type: CONSTRAINT; Schema: public; Owner: mylubd_user
--

ALTER TABLE ONLY public.auth_permission
    ADD CONSTRAINT auth_permission_pkey PRIMARY KEY (id);


--
-- Name: debug_toolbar_historyentry debug_toolbar_historyentry_pkey; Type: CONSTRAINT; Schema: public; Owner: mylubd_user
--

ALTER TABLE ONLY public.debug_toolbar_historyentry
    ADD CONSTRAINT debug_toolbar_historyentry_pkey PRIMARY KEY (request_id);


--
-- Name: django_admin_log django_admin_log_pkey; Type: CONSTRAINT; Schema: public; Owner: mylubd_user
--

ALTER TABLE ONLY public.django_admin_log
    ADD CONSTRAINT django_admin_log_pkey PRIMARY KEY (id);


--
-- Name: django_content_type django_content_type_app_label_model_76bd3d3b_uniq; Type: CONSTRAINT; Schema: public; Owner: mylubd_user
--

ALTER TABLE ONLY public.django_content_type
    ADD CONSTRAINT django_content_type_app_label_model_76bd3d3b_uniq UNIQUE (app_label, model);


--
-- Name: django_content_type django_content_type_pkey; Type: CONSTRAINT; Schema: public; Owner: mylubd_user
--

ALTER TABLE ONLY public.django_content_type
    ADD CONSTRAINT django_content_type_pkey PRIMARY KEY (id);


--
-- Name: django_migrations django_migrations_pkey; Type: CONSTRAINT; Schema: public; Owner: mylubd_user
--

ALTER TABLE ONLY public.django_migrations
    ADD CONSTRAINT django_migrations_pkey PRIMARY KEY (id);


--
-- Name: django_session django_session_pkey; Type: CONSTRAINT; Schema: public; Owner: mylubd_user
--

ALTER TABLE ONLY public.django_session
    ADD CONSTRAINT django_session_pkey PRIMARY KEY (session_key);


--
-- Name: myappLubd_job myappLubd_job_job_id_key; Type: CONSTRAINT; Schema: public; Owner: mylubd_user
--

ALTER TABLE ONLY public."myappLubd_job"
    ADD CONSTRAINT "myappLubd_job_job_id_key" UNIQUE (job_id);


--
-- Name: myappLubd_job myappLubd_job_pkey; Type: CONSTRAINT; Schema: public; Owner: mylubd_user
--

ALTER TABLE ONLY public."myappLubd_job"
    ADD CONSTRAINT "myappLubd_job_pkey" PRIMARY KEY (id);


--
-- Name: myappLubd_job_rooms myappLubd_job_rooms_job_id_room_id_b0d85986_uniq; Type: CONSTRAINT; Schema: public; Owner: mylubd_user
--

ALTER TABLE ONLY public."myappLubd_job_rooms"
    ADD CONSTRAINT "myappLubd_job_rooms_job_id_room_id_b0d85986_uniq" UNIQUE (job_id, room_id);


--
-- Name: myappLubd_job_rooms myappLubd_job_rooms_pkey; Type: CONSTRAINT; Schema: public; Owner: mylubd_user
--

ALTER TABLE ONLY public."myappLubd_job_rooms"
    ADD CONSTRAINT "myappLubd_job_rooms_pkey" PRIMARY KEY (id);


--
-- Name: myappLubd_job_topics myappLubd_job_topics_job_id_topic_id_59ceb477_uniq; Type: CONSTRAINT; Schema: public; Owner: mylubd_user
--

ALTER TABLE ONLY public."myappLubd_job_topics"
    ADD CONSTRAINT "myappLubd_job_topics_job_id_topic_id_59ceb477_uniq" UNIQUE (job_id, topic_id);


--
-- Name: myappLubd_job_topics myappLubd_job_topics_pkey; Type: CONSTRAINT; Schema: public; Owner: mylubd_user
--

ALTER TABLE ONLY public."myappLubd_job_topics"
    ADD CONSTRAINT "myappLubd_job_topics_pkey" PRIMARY KEY (id);


--
-- Name: myappLubd_jobimage myappLubd_jobimage_pkey; Type: CONSTRAINT; Schema: public; Owner: mylubd_user
--

ALTER TABLE ONLY public."myappLubd_jobimage"
    ADD CONSTRAINT "myappLubd_jobimage_pkey" PRIMARY KEY (id);


--
-- Name: myappLubd_machine myappLubd_machine_machine_id_key; Type: CONSTRAINT; Schema: public; Owner: mylubd_user
--

ALTER TABLE ONLY public."myappLubd_machine"
    ADD CONSTRAINT "myappLubd_machine_machine_id_key" UNIQUE (machine_id);


--
-- Name: myappLubd_machine myappLubd_machine_pkey; Type: CONSTRAINT; Schema: public; Owner: mylubd_user
--

ALTER TABLE ONLY public."myappLubd_machine"
    ADD CONSTRAINT "myappLubd_machine_pkey" PRIMARY KEY (id);


--
-- Name: myappLubd_machine_preventive_maintenances myappLubd_machine_preven_machine_id_preventivemai_7de29554_uniq; Type: CONSTRAINT; Schema: public; Owner: mylubd_user
--

ALTER TABLE ONLY public."myappLubd_machine_preventive_maintenances"
    ADD CONSTRAINT "myappLubd_machine_preven_machine_id_preventivemai_7de29554_uniq" UNIQUE (machine_id, preventivemaintenance_id);


--
-- Name: myappLubd_machine_preventive_maintenances myappLubd_machine_preventive_maintenances_pkey; Type: CONSTRAINT; Schema: public; Owner: mylubd_user
--

ALTER TABLE ONLY public."myappLubd_machine_preventive_maintenances"
    ADD CONSTRAINT "myappLubd_machine_preventive_maintenances_pkey" PRIMARY KEY (id);


--
-- Name: myappLubd_maintenancechecklist myappLubd_maintenancechecklist_pkey; Type: CONSTRAINT; Schema: public; Owner: mylubd_user
--

ALTER TABLE ONLY public."myappLubd_maintenancechecklist"
    ADD CONSTRAINT "myappLubd_maintenancechecklist_pkey" PRIMARY KEY (id);


--
-- Name: myappLubd_maintenancehistory myappLubd_maintenancehistory_pkey; Type: CONSTRAINT; Schema: public; Owner: mylubd_user
--

ALTER TABLE ONLY public."myappLubd_maintenancehistory"
    ADD CONSTRAINT "myappLubd_maintenancehistory_pkey" PRIMARY KEY (id);


--
-- Name: myappLubd_maintenanceprocedure myappLubd_maintenanceprocedure_pkey; Type: CONSTRAINT; Schema: public; Owner: mylubd_user
--

ALTER TABLE ONLY public."myappLubd_maintenanceprocedure"
    ADD CONSTRAINT "myappLubd_maintenanceprocedure_pkey" PRIMARY KEY (id);


--
-- Name: myappLubd_maintenanceschedule myappLubd_maintenanceschedule_maintenance_id_key; Type: CONSTRAINT; Schema: public; Owner: mylubd_user
--

ALTER TABLE ONLY public."myappLubd_maintenanceschedule"
    ADD CONSTRAINT "myappLubd_maintenanceschedule_maintenance_id_key" UNIQUE (maintenance_id);


--
-- Name: myappLubd_maintenanceschedule myappLubd_maintenanceschedule_pkey; Type: CONSTRAINT; Schema: public; Owner: mylubd_user
--

ALTER TABLE ONLY public."myappLubd_maintenanceschedule"
    ADD CONSTRAINT "myappLubd_maintenanceschedule_pkey" PRIMARY KEY (id);


--
-- Name: myappLubd_preventivemaintenance_topics myappLubd_preventivemain_preventivemaintenance_id_ce405efc_uniq; Type: CONSTRAINT; Schema: public; Owner: mylubd_user
--

ALTER TABLE ONLY public."myappLubd_preventivemaintenance_topics"
    ADD CONSTRAINT "myappLubd_preventivemain_preventivemaintenance_id_ce405efc_uniq" UNIQUE (preventivemaintenance_id, topic_id);


--
-- Name: myappLubd_preventivemaintenance myappLubd_preventivemaintenance_pkey; Type: CONSTRAINT; Schema: public; Owner: mylubd_user
--

ALTER TABLE ONLY public."myappLubd_preventivemaintenance"
    ADD CONSTRAINT "myappLubd_preventivemaintenance_pkey" PRIMARY KEY (id);


--
-- Name: myappLubd_preventivemaintenance myappLubd_preventivemaintenance_pm_id_key; Type: CONSTRAINT; Schema: public; Owner: mylubd_user
--

ALTER TABLE ONLY public."myappLubd_preventivemaintenance"
    ADD CONSTRAINT "myappLubd_preventivemaintenance_pm_id_key" UNIQUE (pm_id);


--
-- Name: myappLubd_preventivemaintenance_topics myappLubd_preventivemaintenance_topics_pkey; Type: CONSTRAINT; Schema: public; Owner: mylubd_user
--

ALTER TABLE ONLY public."myappLubd_preventivemaintenance_topics"
    ADD CONSTRAINT "myappLubd_preventivemaintenance_topics_pkey" PRIMARY KEY (id);


--
-- Name: myappLubd_property myappLubd_property_name_key; Type: CONSTRAINT; Schema: public; Owner: mylubd_user
--

ALTER TABLE ONLY public."myappLubd_property"
    ADD CONSTRAINT "myappLubd_property_name_key" UNIQUE (name);


--
-- Name: myappLubd_property myappLubd_property_pkey; Type: CONSTRAINT; Schema: public; Owner: mylubd_user
--

ALTER TABLE ONLY public."myappLubd_property"
    ADD CONSTRAINT "myappLubd_property_pkey" PRIMARY KEY (id);


--
-- Name: myappLubd_property myappLubd_property_property_id_key; Type: CONSTRAINT; Schema: public; Owner: mylubd_user
--

ALTER TABLE ONLY public."myappLubd_property"
    ADD CONSTRAINT "myappLubd_property_property_id_key" UNIQUE (property_id);


--
-- Name: myappLubd_property_users myappLubd_property_users_pkey; Type: CONSTRAINT; Schema: public; Owner: mylubd_user
--

ALTER TABLE ONLY public."myappLubd_property_users"
    ADD CONSTRAINT "myappLubd_property_users_pkey" PRIMARY KEY (id);


--
-- Name: myappLubd_property_users myappLubd_property_users_property_id_user_id_abbe085e_uniq; Type: CONSTRAINT; Schema: public; Owner: mylubd_user
--

ALTER TABLE ONLY public."myappLubd_property_users"
    ADD CONSTRAINT "myappLubd_property_users_property_id_user_id_abbe085e_uniq" UNIQUE (property_id, user_id);


--
-- Name: myappLubd_room myappLubd_room_name_key; Type: CONSTRAINT; Schema: public; Owner: mylubd_user
--

ALTER TABLE ONLY public."myappLubd_room"
    ADD CONSTRAINT "myappLubd_room_name_key" UNIQUE (name);


--
-- Name: myappLubd_room myappLubd_room_pkey; Type: CONSTRAINT; Schema: public; Owner: mylubd_user
--

ALTER TABLE ONLY public."myappLubd_room"
    ADD CONSTRAINT "myappLubd_room_pkey" PRIMARY KEY (room_id);


--
-- Name: myappLubd_room_properties myappLubd_room_properties_pkey; Type: CONSTRAINT; Schema: public; Owner: mylubd_user
--

ALTER TABLE ONLY public."myappLubd_room_properties"
    ADD CONSTRAINT "myappLubd_room_properties_pkey" PRIMARY KEY (id);


--
-- Name: myappLubd_room_properties myappLubd_room_properties_room_id_property_id_c7b0ca26_uniq; Type: CONSTRAINT; Schema: public; Owner: mylubd_user
--

ALTER TABLE ONLY public."myappLubd_room_properties"
    ADD CONSTRAINT "myappLubd_room_properties_room_id_property_id_c7b0ca26_uniq" UNIQUE (room_id, property_id);


--
-- Name: myappLubd_session myappLubd_session_pkey; Type: CONSTRAINT; Schema: public; Owner: mylubd_user
--

ALTER TABLE ONLY public."myappLubd_session"
    ADD CONSTRAINT "myappLubd_session_pkey" PRIMARY KEY (id);


--
-- Name: myappLubd_session myappLubd_session_session_token_key; Type: CONSTRAINT; Schema: public; Owner: mylubd_user
--

ALTER TABLE ONLY public."myappLubd_session"
    ADD CONSTRAINT "myappLubd_session_session_token_key" UNIQUE (session_token);


--
-- Name: myappLubd_topic myappLubd_topic_pkey; Type: CONSTRAINT; Schema: public; Owner: mylubd_user
--

ALTER TABLE ONLY public."myappLubd_topic"
    ADD CONSTRAINT "myappLubd_topic_pkey" PRIMARY KEY (id);


--
-- Name: myappLubd_topic myappLubd_topic_title_key; Type: CONSTRAINT; Schema: public; Owner: mylubd_user
--

ALTER TABLE ONLY public."myappLubd_topic"
    ADD CONSTRAINT "myappLubd_topic_title_key" UNIQUE (title);


--
-- Name: myappLubd_user_groups myappLubd_user_groups_pkey; Type: CONSTRAINT; Schema: public; Owner: mylubd_user
--

ALTER TABLE ONLY public."myappLubd_user_groups"
    ADD CONSTRAINT "myappLubd_user_groups_pkey" PRIMARY KEY (id);


--
-- Name: myappLubd_user_groups myappLubd_user_groups_user_id_group_id_3b3e1d0b_uniq; Type: CONSTRAINT; Schema: public; Owner: mylubd_user
--

ALTER TABLE ONLY public."myappLubd_user_groups"
    ADD CONSTRAINT "myappLubd_user_groups_user_id_group_id_3b3e1d0b_uniq" UNIQUE (user_id, group_id);


--
-- Name: myappLubd_user myappLubd_user_pkey; Type: CONSTRAINT; Schema: public; Owner: mylubd_user
--

ALTER TABLE ONLY public."myappLubd_user"
    ADD CONSTRAINT "myappLubd_user_pkey" PRIMARY KEY (id);


--
-- Name: myappLubd_user_user_permissions myappLubd_user_user_perm_user_id_permission_id_b50d050f_uniq; Type: CONSTRAINT; Schema: public; Owner: mylubd_user
--

ALTER TABLE ONLY public."myappLubd_user_user_permissions"
    ADD CONSTRAINT "myappLubd_user_user_perm_user_id_permission_id_b50d050f_uniq" UNIQUE (user_id, permission_id);


--
-- Name: myappLubd_user_user_permissions myappLubd_user_user_permissions_pkey; Type: CONSTRAINT; Schema: public; Owner: mylubd_user
--

ALTER TABLE ONLY public."myappLubd_user_user_permissions"
    ADD CONSTRAINT "myappLubd_user_user_permissions_pkey" PRIMARY KEY (id);


--
-- Name: myappLubd_user myappLubd_user_username_key; Type: CONSTRAINT; Schema: public; Owner: mylubd_user
--

ALTER TABLE ONLY public."myappLubd_user"
    ADD CONSTRAINT "myappLubd_user_username_key" UNIQUE (username);


--
-- Name: myappLubd_userprofile myappLubd_userprofile_pkey; Type: CONSTRAINT; Schema: public; Owner: mylubd_user
--

ALTER TABLE ONLY public."myappLubd_userprofile"
    ADD CONSTRAINT "myappLubd_userprofile_pkey" PRIMARY KEY (id);


--
-- Name: myappLubd_userprofile_properties myappLubd_userprofile_pr_userprofile_id_property__317344ef_uniq; Type: CONSTRAINT; Schema: public; Owner: mylubd_user
--

ALTER TABLE ONLY public."myappLubd_userprofile_properties"
    ADD CONSTRAINT "myappLubd_userprofile_pr_userprofile_id_property__317344ef_uniq" UNIQUE (userprofile_id, property_id);


--
-- Name: myappLubd_userprofile_properties myappLubd_userprofile_properties_pkey; Type: CONSTRAINT; Schema: public; Owner: mylubd_user
--

ALTER TABLE ONLY public."myappLubd_userprofile_properties"
    ADD CONSTRAINT "myappLubd_userprofile_properties_pkey" PRIMARY KEY (id);


--
-- Name: myappLubd_userprofile myappLubd_userprofile_user_id_key; Type: CONSTRAINT; Schema: public; Owner: mylubd_user
--

ALTER TABLE ONLY public."myappLubd_userprofile"
    ADD CONSTRAINT "myappLubd_userprofile_user_id_key" UNIQUE (user_id);


--
-- Name: auth_group_name_a6ea08ec_like; Type: INDEX; Schema: public; Owner: mylubd_user
--

CREATE INDEX auth_group_name_a6ea08ec_like ON public.auth_group USING btree (name varchar_pattern_ops);


--
-- Name: auth_group_permissions_group_id_b120cbf9; Type: INDEX; Schema: public; Owner: mylubd_user
--

CREATE INDEX auth_group_permissions_group_id_b120cbf9 ON public.auth_group_permissions USING btree (group_id);


--
-- Name: auth_group_permissions_permission_id_84c5c92e; Type: INDEX; Schema: public; Owner: mylubd_user
--

CREATE INDEX auth_group_permissions_permission_id_84c5c92e ON public.auth_group_permissions USING btree (permission_id);


--
-- Name: auth_permission_content_type_id_2f476e4b; Type: INDEX; Schema: public; Owner: mylubd_user
--

CREATE INDEX auth_permission_content_type_id_2f476e4b ON public.auth_permission USING btree (content_type_id);


--
-- Name: django_admin_log_content_type_id_c4bce8eb; Type: INDEX; Schema: public; Owner: mylubd_user
--

CREATE INDEX django_admin_log_content_type_id_c4bce8eb ON public.django_admin_log USING btree (content_type_id);


--
-- Name: django_admin_log_user_id_c564eba6; Type: INDEX; Schema: public; Owner: mylubd_user
--

CREATE INDEX django_admin_log_user_id_c564eba6 ON public.django_admin_log USING btree (user_id);


--
-- Name: django_session_expire_date_a5c62663; Type: INDEX; Schema: public; Owner: mylubd_user
--

CREATE INDEX django_session_expire_date_a5c62663 ON public.django_session USING btree (expire_date);


--
-- Name: django_session_session_key_c0390e0f_like; Type: INDEX; Schema: public; Owner: mylubd_user
--

CREATE INDEX django_session_session_key_c0390e0f_like ON public.django_session USING btree (session_key varchar_pattern_ops);


--
-- Name: job_completed_at_idx; Type: INDEX; Schema: public; Owner: mylubd_user
--

CREATE INDEX job_completed_at_idx ON public."myappLubd_job" USING btree (completed_at) WHERE (completed_at IS NOT NULL);


--
-- Name: job_pending_created_idx; Type: INDEX; Schema: public; Owner: mylubd_user
--

CREATE INDEX job_pending_created_idx ON public."myappLubd_job" USING btree (created_at) WHERE ((status)::text = 'pending'::text);


--
-- Name: job_pm_created_idx; Type: INDEX; Schema: public; Owner: mylubd_user
--

CREATE INDEX job_pm_created_idx ON public."myappLubd_job" USING btree (created_at) WHERE is_preventivemaintenance;


--
-- Name: myappLubd_j_complet_439fc3_idx; Type: INDEX; Schema: public; Owner: mylubd_user
--

CREATE INDEX "myappLubd_j_complet_439fc3_idx" ON public."myappLubd_job" USING btree (completed_at);


--
-- Name: myappLubd_j_created_1c873c_idx; Type: INDEX; Schema: public; Owner: mylubd_user
--

CREATE INDEX "myappLubd_j_created_1c873c_idx" ON public."myappLubd_job" USING btree (created_at);


--
-- Name: myappLubd_j_created_d0b346_idx; Type: INDEX; Schema: public; Owner: mylubd_user
--

CREATE INDEX "myappLubd_j_created_d0b346_idx" ON public."myappLubd_job" USING btree (created_at, status, priority);


--
-- Name: myappLubd_j_is_prev_2b6820_idx; Type: INDEX; Schema: public; Owner: mylubd_user
--

CREATE INDEX "myappLubd_j_is_prev_2b6820_idx" ON public."myappLubd_job" USING btree (is_preventivemaintenance);


--
-- Name: myappLubd_j_is_prev_6618f4_idx; Type: INDEX; Schema: public; Owner: mylubd_user
--

CREATE INDEX "myappLubd_j_is_prev_6618f4_idx" ON public."myappLubd_job" USING btree (is_preventivemaintenance, status);


--
-- Name: myappLubd_j_priorit_3a46fb_idx; Type: INDEX; Schema: public; Owner: mylubd_user
--

CREATE INDEX "myappLubd_j_priorit_3a46fb_idx" ON public."myappLubd_job" USING btree (priority);


--
-- Name: myappLubd_j_status_34e61d_idx; Type: INDEX; Schema: public; Owner: mylubd_user
--

CREATE INDEX "myappLubd_j_status_34e61d_idx" ON public."myappLubd_job" USING btree (status, created_at, is_preventivemaintenance);


--
-- Name: myappLubd_j_status_4362b5_idx; Type: INDEX; Schema: public; Owner: mylubd_user
--

CREATE INDEX "myappLubd_j_status_4362b5_idx" ON public."myappLubd_job" USING btree (status, created_at);


--
-- Name: myappLubd_j_status_9e44a7_idx; Type: INDEX; Schema: public; Owner: mylubd_user
--

CREATE INDEX "myappLubd_j_status_9e44a7_idx" ON public."myappLubd_job" USING btree (status, priority);


--
-- Name: myappLubd_j_status_c9b764_idx; Type: INDEX; Schema: public; Owner: mylubd_user
--

CREATE INDEX "myappLubd_j_status_c9b764_idx" ON public."myappLubd_job" USING btree (status);


--
-- Name: myappLubd_j_updated_b0c068_idx; Type: INDEX; Schema: public; Owner: mylubd_user
--

CREATE INDEX "myappLubd_j_updated_b0c068_idx" ON public."myappLubd_job" USING btree (updated_by_id);


--
-- Name: myappLubd_j_user_id_32ad73_idx; Type: INDEX; Schema: public; Owner: mylubd_user
--

CREATE INDEX "myappLubd_j_user_id_32ad73_idx" ON public."myappLubd_job" USING btree (user_id, created_at);


--
-- Name: myappLubd_j_user_id_5bac13_idx; Type: INDEX; Schema: public; Owner: mylubd_user
--

CREATE INDEX "myappLubd_j_user_id_5bac13_idx" ON public."myappLubd_job" USING btree (user_id, status);


--
-- Name: myappLubd_j_user_id_7d2d23_idx; Type: INDEX; Schema: public; Owner: mylubd_user
--

CREATE INDEX "myappLubd_j_user_id_7d2d23_idx" ON public."myappLubd_job" USING btree (user_id);


--
-- Name: myappLubd_job_is_preventivemaintenance_a8404908; Type: INDEX; Schema: public; Owner: mylubd_user
--

CREATE INDEX "myappLubd_job_is_preventivemaintenance_a8404908" ON public."myappLubd_job" USING btree (is_preventivemaintenance);


--
-- Name: myappLubd_job_job_id_5082b88a_like; Type: INDEX; Schema: public; Owner: mylubd_user
--

CREATE INDEX "myappLubd_job_job_id_5082b88a_like" ON public."myappLubd_job" USING btree (job_id varchar_pattern_ops);


--
-- Name: myappLubd_job_rooms_job_id_b8ac4345; Type: INDEX; Schema: public; Owner: mylubd_user
--

CREATE INDEX "myappLubd_job_rooms_job_id_b8ac4345" ON public."myappLubd_job_rooms" USING btree (job_id);


--
-- Name: myappLubd_job_rooms_room_id_32e84c6e; Type: INDEX; Schema: public; Owner: mylubd_user
--

CREATE INDEX "myappLubd_job_rooms_room_id_32e84c6e" ON public."myappLubd_job_rooms" USING btree (room_id);


--
-- Name: myappLubd_job_status_8f3c2069; Type: INDEX; Schema: public; Owner: mylubd_user
--

CREATE INDEX "myappLubd_job_status_8f3c2069" ON public."myappLubd_job" USING btree (status);


--
-- Name: myappLubd_job_status_8f3c2069_like; Type: INDEX; Schema: public; Owner: mylubd_user
--

CREATE INDEX "myappLubd_job_status_8f3c2069_like" ON public."myappLubd_job" USING btree (status varchar_pattern_ops);


--
-- Name: myappLubd_job_topics_job_id_c81f0e94; Type: INDEX; Schema: public; Owner: mylubd_user
--

CREATE INDEX "myappLubd_job_topics_job_id_c81f0e94" ON public."myappLubd_job_topics" USING btree (job_id);


--
-- Name: myappLubd_job_topics_topic_id_cac9d663; Type: INDEX; Schema: public; Owner: mylubd_user
--

CREATE INDEX "myappLubd_job_topics_topic_id_cac9d663" ON public."myappLubd_job_topics" USING btree (topic_id);


--
-- Name: myappLubd_job_updated_by_id_c3a2aa59; Type: INDEX; Schema: public; Owner: mylubd_user
--

CREATE INDEX "myappLubd_job_updated_by_id_c3a2aa59" ON public."myappLubd_job" USING btree (updated_by_id);


--
-- Name: myappLubd_job_user_id_79240d38; Type: INDEX; Schema: public; Owner: mylubd_user
--

CREATE INDEX "myappLubd_job_user_id_79240d38" ON public."myappLubd_job" USING btree (user_id);


--
-- Name: myappLubd_jobimage_job_id_107a2937; Type: INDEX; Schema: public; Owner: mylubd_user
--

CREATE INDEX "myappLubd_jobimage_job_id_107a2937" ON public."myappLubd_jobimage" USING btree (job_id);


--
-- Name: myappLubd_jobimage_uploaded_by_id_f5adb3c7; Type: INDEX; Schema: public; Owner: mylubd_user
--

CREATE INDEX "myappLubd_jobimage_uploaded_by_id_f5adb3c7" ON public."myappLubd_jobimage" USING btree (uploaded_by_id);


--
-- Name: myappLubd_m_machine_38264d_idx; Type: INDEX; Schema: public; Owner: mylubd_user
--

CREATE INDEX "myappLubd_m_machine_38264d_idx" ON public."myappLubd_machine" USING btree (machine_id);


--
-- Name: myappLubd_m_status_176f0c_idx; Type: INDEX; Schema: public; Owner: mylubd_user
--

CREATE INDEX "myappLubd_m_status_176f0c_idx" ON public."myappLubd_machine" USING btree (status);


--
-- Name: myappLubd_machine_machine_id_9033bf5b_like; Type: INDEX; Schema: public; Owner: mylubd_user
--

CREATE INDEX "myappLubd_machine_machine_id_9033bf5b_like" ON public."myappLubd_machine" USING btree (machine_id varchar_pattern_ops);


--
-- Name: myappLubd_machine_preventi_preventivemaintenance_id_5347b936; Type: INDEX; Schema: public; Owner: mylubd_user
--

CREATE INDEX "myappLubd_machine_preventi_preventivemaintenance_id_5347b936" ON public."myappLubd_machine_preventive_maintenances" USING btree (preventivemaintenance_id);


--
-- Name: myappLubd_machine_preventive_maintenances_machine_id_f670c58a; Type: INDEX; Schema: public; Owner: mylubd_user
--

CREATE INDEX "myappLubd_machine_preventive_maintenances_machine_id_f670c58a" ON public."myappLubd_machine_preventive_maintenances" USING btree (machine_id);


--
-- Name: myappLubd_machine_property_id_ec376110; Type: INDEX; Schema: public; Owner: mylubd_user
--

CREATE INDEX "myappLubd_machine_property_id_ec376110" ON public."myappLubd_machine" USING btree (property_id);


--
-- Name: myappLubd_maintenancechecklist_completed_by_id_252f6330; Type: INDEX; Schema: public; Owner: mylubd_user
--

CREATE INDEX "myappLubd_maintenancechecklist_completed_by_id_252f6330" ON public."myappLubd_maintenancechecklist" USING btree (completed_by_id);


--
-- Name: myappLubd_maintenancechecklist_maintenance_id_95b0930f; Type: INDEX; Schema: public; Owner: mylubd_user
--

CREATE INDEX "myappLubd_maintenancechecklist_maintenance_id_95b0930f" ON public."myappLubd_maintenancechecklist" USING btree (maintenance_id);


--
-- Name: myappLubd_maintenancehistory_maintenance_id_63361848; Type: INDEX; Schema: public; Owner: mylubd_user
--

CREATE INDEX "myappLubd_maintenancehistory_maintenance_id_63361848" ON public."myappLubd_maintenancehistory" USING btree (maintenance_id);


--
-- Name: myappLubd_maintenancehistory_performed_by_id_e393eccb; Type: INDEX; Schema: public; Owner: mylubd_user
--

CREATE INDEX "myappLubd_maintenancehistory_performed_by_id_e393eccb" ON public."myappLubd_maintenancehistory" USING btree (performed_by_id);


--
-- Name: myappLubd_p_frequen_df8db2_idx; Type: INDEX; Schema: public; Owner: mylubd_user
--

CREATE INDEX "myappLubd_p_frequen_df8db2_idx" ON public."myappLubd_preventivemaintenance" USING btree (frequency);


--
-- Name: myappLubd_p_schedul_c00b19_idx; Type: INDEX; Schema: public; Owner: mylubd_user
--

CREATE INDEX "myappLubd_p_schedul_c00b19_idx" ON public."myappLubd_preventivemaintenance" USING btree (scheduled_date, next_due_date);


--
-- Name: myappLubd_preventivemainte_preventivemaintenance_id_4c929214; Type: INDEX; Schema: public; Owner: mylubd_user
--

CREATE INDEX "myappLubd_preventivemainte_preventivemaintenance_id_4c929214" ON public."myappLubd_preventivemaintenance_topics" USING btree (preventivemaintenance_id);


--
-- Name: myappLubd_preventivemaintenance_completed_by_id_11007ba1; Type: INDEX; Schema: public; Owner: mylubd_user
--

CREATE INDEX "myappLubd_preventivemaintenance_completed_by_id_11007ba1" ON public."myappLubd_preventivemaintenance" USING btree (completed_by_id);


--
-- Name: myappLubd_preventivemaintenance_created_by_id_09bfc54f; Type: INDEX; Schema: public; Owner: mylubd_user
--

CREATE INDEX "myappLubd_preventivemaintenance_created_by_id_09bfc54f" ON public."myappLubd_preventivemaintenance" USING btree (created_by_id);


--
-- Name: myappLubd_preventivemaintenance_job_id_91dcb5db; Type: INDEX; Schema: public; Owner: mylubd_user
--

CREATE INDEX "myappLubd_preventivemaintenance_job_id_91dcb5db" ON public."myappLubd_preventivemaintenance" USING btree (job_id);


--
-- Name: myappLubd_preventivemaintenance_pm_id_9ae694e0_like; Type: INDEX; Schema: public; Owner: mylubd_user
--

CREATE INDEX "myappLubd_preventivemaintenance_pm_id_9ae694e0_like" ON public."myappLubd_preventivemaintenance" USING btree (pm_id varchar_pattern_ops);


--
-- Name: myappLubd_preventivemaintenance_procedure_template_id_dd9d5057; Type: INDEX; Schema: public; Owner: mylubd_user
--

CREATE INDEX "myappLubd_preventivemaintenance_procedure_template_id_dd9d5057" ON public."myappLubd_preventivemaintenance" USING btree (procedure_template_id);


--
-- Name: myappLubd_preventivemaintenance_topics_topic_id_75744557; Type: INDEX; Schema: public; Owner: mylubd_user
--

CREATE INDEX "myappLubd_preventivemaintenance_topics_topic_id_75744557" ON public."myappLubd_preventivemaintenance_topics" USING btree (topic_id);


--
-- Name: myappLubd_preventivemaintenance_verified_by_id_de79167c; Type: INDEX; Schema: public; Owner: mylubd_user
--

CREATE INDEX "myappLubd_preventivemaintenance_verified_by_id_de79167c" ON public."myappLubd_preventivemaintenance" USING btree (verified_by_id);


--
-- Name: myappLubd_property_name_c196eccd_like; Type: INDEX; Schema: public; Owner: mylubd_user
--

CREATE INDEX "myappLubd_property_name_c196eccd_like" ON public."myappLubd_property" USING btree (name varchar_pattern_ops);


--
-- Name: myappLubd_property_property_id_f37a90e2_like; Type: INDEX; Schema: public; Owner: mylubd_user
--

CREATE INDEX "myappLubd_property_property_id_f37a90e2_like" ON public."myappLubd_property" USING btree (property_id varchar_pattern_ops);


--
-- Name: myappLubd_property_users_property_id_3f4f43a7; Type: INDEX; Schema: public; Owner: mylubd_user
--

CREATE INDEX "myappLubd_property_users_property_id_3f4f43a7" ON public."myappLubd_property_users" USING btree (property_id);


--
-- Name: myappLubd_property_users_user_id_3cb71139; Type: INDEX; Schema: public; Owner: mylubd_user
--

CREATE INDEX "myappLubd_property_users_user_id_3cb71139" ON public."myappLubd_property_users" USING btree (user_id);


--
-- Name: myappLubd_r_is_acti_767b23_idx; Type: INDEX; Schema: public; Owner: mylubd_user
--

CREATE INDEX "myappLubd_r_is_acti_767b23_idx" ON public."myappLubd_room" USING btree (is_active);


--
-- Name: myappLubd_r_room_ty_90b2b0_idx; Type: INDEX; Schema: public; Owner: mylubd_user
--

CREATE INDEX "myappLubd_r_room_ty_90b2b0_idx" ON public."myappLubd_room" USING btree (room_type);


--
-- Name: myappLubd_room_name_a03021fe_like; Type: INDEX; Schema: public; Owner: mylubd_user
--

CREATE INDEX "myappLubd_room_name_a03021fe_like" ON public."myappLubd_room" USING btree (name varchar_pattern_ops);


--
-- Name: myappLubd_room_properties_property_id_08fe69ba; Type: INDEX; Schema: public; Owner: mylubd_user
--

CREATE INDEX "myappLubd_room_properties_property_id_08fe69ba" ON public."myappLubd_room_properties" USING btree (property_id);


--
-- Name: myappLubd_room_properties_room_id_d2c086eb; Type: INDEX; Schema: public; Owner: mylubd_user
--

CREATE INDEX "myappLubd_room_properties_room_id_d2c086eb" ON public."myappLubd_room_properties" USING btree (room_id);


--
-- Name: myappLubd_room_room_type_7b63c7fc; Type: INDEX; Schema: public; Owner: mylubd_user
--

CREATE INDEX "myappLubd_room_room_type_7b63c7fc" ON public."myappLubd_room" USING btree (room_type);


--
-- Name: myappLubd_room_room_type_7b63c7fc_like; Type: INDEX; Schema: public; Owner: mylubd_user
--

CREATE INDEX "myappLubd_room_room_type_7b63c7fc_like" ON public."myappLubd_room" USING btree (room_type varchar_pattern_ops);


--
-- Name: myappLubd_session_session_token_57193b85_like; Type: INDEX; Schema: public; Owner: mylubd_user
--

CREATE INDEX "myappLubd_session_session_token_57193b85_like" ON public."myappLubd_session" USING btree (session_token varchar_pattern_ops);


--
-- Name: myappLubd_session_user_id_4bdb7079; Type: INDEX; Schema: public; Owner: mylubd_user
--

CREATE INDEX "myappLubd_session_user_id_4bdb7079" ON public."myappLubd_session" USING btree (user_id);


--
-- Name: myappLubd_topic_title_4baf683d_like; Type: INDEX; Schema: public; Owner: mylubd_user
--

CREATE INDEX "myappLubd_topic_title_4baf683d_like" ON public."myappLubd_topic" USING btree (title varchar_pattern_ops);


--
-- Name: myappLubd_u_google__bea074_idx; Type: INDEX; Schema: public; Owner: mylubd_user
--

CREATE INDEX "myappLubd_u_google__bea074_idx" ON public."myappLubd_userprofile" USING btree (google_id);


--
-- Name: myappLubd_user_groups_group_id_f2598c6c; Type: INDEX; Schema: public; Owner: mylubd_user
--

CREATE INDEX "myappLubd_user_groups_group_id_f2598c6c" ON public."myappLubd_user_groups" USING btree (group_id);


--
-- Name: myappLubd_user_groups_user_id_a4e1d437; Type: INDEX; Schema: public; Owner: mylubd_user
--

CREATE INDEX "myappLubd_user_groups_user_id_a4e1d437" ON public."myappLubd_user_groups" USING btree (user_id);


--
-- Name: myappLubd_user_user_permissions_permission_id_b1a0c3d4; Type: INDEX; Schema: public; Owner: mylubd_user
--

CREATE INDEX "myappLubd_user_user_permissions_permission_id_b1a0c3d4" ON public."myappLubd_user_user_permissions" USING btree (permission_id);


--
-- Name: myappLubd_user_user_permissions_user_id_3a562cdf; Type: INDEX; Schema: public; Owner: mylubd_user
--

CREATE INDEX "myappLubd_user_user_permissions_user_id_3a562cdf" ON public."myappLubd_user_user_permissions" USING btree (user_id);


--
-- Name: myappLubd_user_username_70e6442c_like; Type: INDEX; Schema: public; Owner: mylubd_user
--

CREATE INDEX "myappLubd_user_username_70e6442c_like" ON public."myappLubd_user" USING btree (username varchar_pattern_ops);


--
-- Name: myappLubd_userprofile_properties_property_id_c3fc44b4; Type: INDEX; Schema: public; Owner: mylubd_user
--

CREATE INDEX "myappLubd_userprofile_properties_property_id_c3fc44b4" ON public."myappLubd_userprofile_properties" USING btree (property_id);


--
-- Name: myappLubd_userprofile_properties_userprofile_id_69eb18bd; Type: INDEX; Schema: public; Owner: mylubd_user
--

CREATE INDEX "myappLubd_userprofile_properties_userprofile_id_69eb18bd" ON public."myappLubd_userprofile_properties" USING btree (userprofile_id);


--
-- Name: auth_group_permissions auth_group_permissio_permission_id_84c5c92e_fk_auth_perm; Type: FK CONSTRAINT; Schema: public; Owner: mylubd_user
--

ALTER TABLE ONLY public.auth_group_permissions
    ADD CONSTRAINT auth_group_permissio_permission_id_84c5c92e_fk_auth_perm FOREIGN KEY (permission_id) REFERENCES public.auth_permission(id) DEFERRABLE INITIALLY DEFERRED;


--
-- Name: auth_group_permissions auth_group_permissions_group_id_b120cbf9_fk_auth_group_id; Type: FK CONSTRAINT; Schema: public; Owner: mylubd_user
--

ALTER TABLE ONLY public.auth_group_permissions
    ADD CONSTRAINT auth_group_permissions_group_id_b120cbf9_fk_auth_group_id FOREIGN KEY (group_id) REFERENCES public.auth_group(id) DEFERRABLE INITIALLY DEFERRED;


--
-- Name: auth_permission auth_permission_content_type_id_2f476e4b_fk_django_co; Type: FK CONSTRAINT; Schema: public; Owner: mylubd_user
--

ALTER TABLE ONLY public.auth_permission
    ADD CONSTRAINT auth_permission_content_type_id_2f476e4b_fk_django_co FOREIGN KEY (content_type_id) REFERENCES public.django_content_type(id) DEFERRABLE INITIALLY DEFERRED;


--
-- Name: django_admin_log django_admin_log_content_type_id_c4bce8eb_fk_django_co; Type: FK CONSTRAINT; Schema: public; Owner: mylubd_user
--

ALTER TABLE ONLY public.django_admin_log
    ADD CONSTRAINT django_admin_log_content_type_id_c4bce8eb_fk_django_co FOREIGN KEY (content_type_id) REFERENCES public.django_content_type(id) DEFERRABLE INITIALLY DEFERRED;


--
-- Name: django_admin_log django_admin_log_user_id_c564eba6_fk_myappLubd_user_id; Type: FK CONSTRAINT; Schema: public; Owner: mylubd_user
--

ALTER TABLE ONLY public.django_admin_log
    ADD CONSTRAINT "django_admin_log_user_id_c564eba6_fk_myappLubd_user_id" FOREIGN KEY (user_id) REFERENCES public."myappLubd_user"(id) DEFERRABLE INITIALLY DEFERRED;


--
-- Name: myappLubd_job_rooms myappLubd_job_rooms_job_id_b8ac4345_fk_myappLubd_job_id; Type: FK CONSTRAINT; Schema: public; Owner: mylubd_user
--

ALTER TABLE ONLY public."myappLubd_job_rooms"
    ADD CONSTRAINT "myappLubd_job_rooms_job_id_b8ac4345_fk_myappLubd_job_id" FOREIGN KEY (job_id) REFERENCES public."myappLubd_job"(id) DEFERRABLE INITIALLY DEFERRED;


--
-- Name: myappLubd_job_rooms myappLubd_job_rooms_room_id_32e84c6e_fk_myappLubd_room_room_id; Type: FK CONSTRAINT; Schema: public; Owner: mylubd_user
--

ALTER TABLE ONLY public."myappLubd_job_rooms"
    ADD CONSTRAINT "myappLubd_job_rooms_room_id_32e84c6e_fk_myappLubd_room_room_id" FOREIGN KEY (room_id) REFERENCES public."myappLubd_room"(room_id) DEFERRABLE INITIALLY DEFERRED;


--
-- Name: myappLubd_job_topics myappLubd_job_topics_job_id_c81f0e94_fk_myappLubd_job_id; Type: FK CONSTRAINT; Schema: public; Owner: mylubd_user
--

ALTER TABLE ONLY public."myappLubd_job_topics"
    ADD CONSTRAINT "myappLubd_job_topics_job_id_c81f0e94_fk_myappLubd_job_id" FOREIGN KEY (job_id) REFERENCES public."myappLubd_job"(id) DEFERRABLE INITIALLY DEFERRED;


--
-- Name: myappLubd_job_topics myappLubd_job_topics_topic_id_cac9d663_fk; Type: FK CONSTRAINT; Schema: public; Owner: mylubd_user
--

ALTER TABLE ONLY public."myappLubd_job_topics"
    ADD CONSTRAINT "myappLubd_job_topics_topic_id_cac9d663_fk" FOREIGN KEY (topic_id) REFERENCES public."myappLubd_topic"(id) DEFERRABLE INITIALLY DEFERRED;


--
-- Name: myappLubd_job myappLubd_job_updated_by_id_c3a2aa59_fk_myappLubd_user_id; Type: FK CONSTRAINT; Schema: public; Owner: mylubd_user
--

ALTER TABLE ONLY public."myappLubd_job"
    ADD CONSTRAINT "myappLubd_job_updated_by_id_c3a2aa59_fk_myappLubd_user_id" FOREIGN KEY (updated_by_id) REFERENCES public."myappLubd_user"(id) DEFERRABLE INITIALLY DEFERRED;


--
-- Name: myappLubd_job myappLubd_job_user_id_79240d38_fk_myappLubd_user_id; Type: FK CONSTRAINT; Schema: public; Owner: mylubd_user
--

ALTER TABLE ONLY public."myappLubd_job"
    ADD CONSTRAINT "myappLubd_job_user_id_79240d38_fk_myappLubd_user_id" FOREIGN KEY (user_id) REFERENCES public."myappLubd_user"(id) DEFERRABLE INITIALLY DEFERRED;


--
-- Name: myappLubd_jobimage myappLubd_jobimage_job_id_107a2937_fk_myappLubd_job_id; Type: FK CONSTRAINT; Schema: public; Owner: mylubd_user
--

ALTER TABLE ONLY public."myappLubd_jobimage"
    ADD CONSTRAINT "myappLubd_jobimage_job_id_107a2937_fk_myappLubd_job_id" FOREIGN KEY (job_id) REFERENCES public."myappLubd_job"(id) DEFERRABLE INITIALLY DEFERRED;


--
-- Name: myappLubd_jobimage myappLubd_jobimage_uploaded_by_id_f5adb3c7_fk_myappLubd_user_id; Type: FK CONSTRAINT; Schema: public; Owner: mylubd_user
--

ALTER TABLE ONLY public."myappLubd_jobimage"
    ADD CONSTRAINT "myappLubd_jobimage_uploaded_by_id_f5adb3c7_fk_myappLubd_user_id" FOREIGN KEY (uploaded_by_id) REFERENCES public."myappLubd_user"(id) DEFERRABLE INITIALLY DEFERRED;


--
-- Name: myappLubd_machine_preventive_maintenances myappLubd_machine_pr_machine_id_f670c58a_fk_myappLubd; Type: FK CONSTRAINT; Schema: public; Owner: mylubd_user
--

ALTER TABLE ONLY public."myappLubd_machine_preventive_maintenances"
    ADD CONSTRAINT "myappLubd_machine_pr_machine_id_f670c58a_fk_myappLubd" FOREIGN KEY (machine_id) REFERENCES public."myappLubd_machine"(id) DEFERRABLE INITIALLY DEFERRED;


--
-- Name: myappLubd_machine_preventive_maintenances myappLubd_machine_pr_preventivemaintenanc_5347b936_fk_myappLubd; Type: FK CONSTRAINT; Schema: public; Owner: mylubd_user
--

ALTER TABLE ONLY public."myappLubd_machine_preventive_maintenances"
    ADD CONSTRAINT "myappLubd_machine_pr_preventivemaintenanc_5347b936_fk_myappLubd" FOREIGN KEY (preventivemaintenance_id) REFERENCES public."myappLubd_preventivemaintenance"(id) DEFERRABLE INITIALLY DEFERRED;


--
-- Name: myappLubd_machine myappLubd_machine_property_id_ec376110_fk_myappLubd_property_id; Type: FK CONSTRAINT; Schema: public; Owner: mylubd_user
--

ALTER TABLE ONLY public."myappLubd_machine"
    ADD CONSTRAINT "myappLubd_machine_property_id_ec376110_fk_myappLubd_property_id" FOREIGN KEY (property_id) REFERENCES public."myappLubd_property"(id) DEFERRABLE INITIALLY DEFERRED;


--
-- Name: myappLubd_maintenancechecklist myappLubd_maintenanc_completed_by_id_252f6330_fk_myappLubd; Type: FK CONSTRAINT; Schema: public; Owner: mylubd_user
--

ALTER TABLE ONLY public."myappLubd_maintenancechecklist"
    ADD CONSTRAINT "myappLubd_maintenanc_completed_by_id_252f6330_fk_myappLubd" FOREIGN KEY (completed_by_id) REFERENCES public."myappLubd_user"(id) DEFERRABLE INITIALLY DEFERRED;


--
-- Name: myappLubd_maintenanceschedule myappLubd_maintenanc_maintenance_id_3e67753e_fk_myappLubd; Type: FK CONSTRAINT; Schema: public; Owner: mylubd_user
--

ALTER TABLE ONLY public."myappLubd_maintenanceschedule"
    ADD CONSTRAINT "myappLubd_maintenanc_maintenance_id_3e67753e_fk_myappLubd" FOREIGN KEY (maintenance_id) REFERENCES public."myappLubd_preventivemaintenance"(id) DEFERRABLE INITIALLY DEFERRED;


--
-- Name: myappLubd_maintenancehistory myappLubd_maintenanc_maintenance_id_63361848_fk_myappLubd; Type: FK CONSTRAINT; Schema: public; Owner: mylubd_user
--

ALTER TABLE ONLY public."myappLubd_maintenancehistory"
    ADD CONSTRAINT "myappLubd_maintenanc_maintenance_id_63361848_fk_myappLubd" FOREIGN KEY (maintenance_id) REFERENCES public."myappLubd_preventivemaintenance"(id) DEFERRABLE INITIALLY DEFERRED;


--
-- Name: myappLubd_maintenancechecklist myappLubd_maintenanc_maintenance_id_95b0930f_fk_myappLubd; Type: FK CONSTRAINT; Schema: public; Owner: mylubd_user
--

ALTER TABLE ONLY public."myappLubd_maintenancechecklist"
    ADD CONSTRAINT "myappLubd_maintenanc_maintenance_id_95b0930f_fk_myappLubd" FOREIGN KEY (maintenance_id) REFERENCES public."myappLubd_preventivemaintenance"(id) DEFERRABLE INITIALLY DEFERRED;


--
-- Name: myappLubd_maintenancehistory myappLubd_maintenanc_performed_by_id_e393eccb_fk_myappLubd; Type: FK CONSTRAINT; Schema: public; Owner: mylubd_user
--

ALTER TABLE ONLY public."myappLubd_maintenancehistory"
    ADD CONSTRAINT "myappLubd_maintenanc_performed_by_id_e393eccb_fk_myappLubd" FOREIGN KEY (performed_by_id) REFERENCES public."myappLubd_user"(id) DEFERRABLE INITIALLY DEFERRED;


--
-- Name: myappLubd_preventivemaintenance myappLubd_preventive_completed_by_id_11007ba1_fk_myappLubd; Type: FK CONSTRAINT; Schema: public; Owner: mylubd_user
--

ALTER TABLE ONLY public."myappLubd_preventivemaintenance"
    ADD CONSTRAINT "myappLubd_preventive_completed_by_id_11007ba1_fk_myappLubd" FOREIGN KEY (completed_by_id) REFERENCES public."myappLubd_user"(id) DEFERRABLE INITIALLY DEFERRED;


--
-- Name: myappLubd_preventivemaintenance myappLubd_preventive_created_by_id_09bfc54f_fk_myappLubd; Type: FK CONSTRAINT; Schema: public; Owner: mylubd_user
--

ALTER TABLE ONLY public."myappLubd_preventivemaintenance"
    ADD CONSTRAINT "myappLubd_preventive_created_by_id_09bfc54f_fk_myappLubd" FOREIGN KEY (created_by_id) REFERENCES public."myappLubd_user"(id) DEFERRABLE INITIALLY DEFERRED;


--
-- Name: myappLubd_preventivemaintenance myappLubd_preventive_job_id_91dcb5db_fk_myappLubd; Type: FK CONSTRAINT; Schema: public; Owner: mylubd_user
--

ALTER TABLE ONLY public."myappLubd_preventivemaintenance"
    ADD CONSTRAINT "myappLubd_preventive_job_id_91dcb5db_fk_myappLubd" FOREIGN KEY (job_id) REFERENCES public."myappLubd_job"(id) DEFERRABLE INITIALLY DEFERRED;


--
-- Name: myappLubd_preventivemaintenance_topics myappLubd_preventive_preventivemaintenanc_4c929214_fk_myappLubd; Type: FK CONSTRAINT; Schema: public; Owner: mylubd_user
--

ALTER TABLE ONLY public."myappLubd_preventivemaintenance_topics"
    ADD CONSTRAINT "myappLubd_preventive_preventivemaintenanc_4c929214_fk_myappLubd" FOREIGN KEY (preventivemaintenance_id) REFERENCES public."myappLubd_preventivemaintenance"(id) DEFERRABLE INITIALLY DEFERRED;


--
-- Name: myappLubd_preventivemaintenance myappLubd_preventive_procedure_template_i_dd9d5057_fk_myappLubd; Type: FK CONSTRAINT; Schema: public; Owner: mylubd_user
--

ALTER TABLE ONLY public."myappLubd_preventivemaintenance"
    ADD CONSTRAINT "myappLubd_preventive_procedure_template_i_dd9d5057_fk_myappLubd" FOREIGN KEY (procedure_template_id) REFERENCES public."myappLubd_maintenanceprocedure"(id) DEFERRABLE INITIALLY DEFERRED;


--
-- Name: myappLubd_preventivemaintenance_topics myappLubd_preventive_topic_id_75744557_fk_myappLubd; Type: FK CONSTRAINT; Schema: public; Owner: mylubd_user
--

ALTER TABLE ONLY public."myappLubd_preventivemaintenance_topics"
    ADD CONSTRAINT "myappLubd_preventive_topic_id_75744557_fk_myappLubd" FOREIGN KEY (topic_id) REFERENCES public."myappLubd_topic"(id) DEFERRABLE INITIALLY DEFERRED;


--
-- Name: myappLubd_preventivemaintenance myappLubd_preventive_verified_by_id_de79167c_fk_myappLubd; Type: FK CONSTRAINT; Schema: public; Owner: mylubd_user
--

ALTER TABLE ONLY public."myappLubd_preventivemaintenance"
    ADD CONSTRAINT "myappLubd_preventive_verified_by_id_de79167c_fk_myappLubd" FOREIGN KEY (verified_by_id) REFERENCES public."myappLubd_user"(id) DEFERRABLE INITIALLY DEFERRED;


--
-- Name: myappLubd_property_users myappLubd_property_users_property_id_3f4f43a7_fk; Type: FK CONSTRAINT; Schema: public; Owner: mylubd_user
--

ALTER TABLE ONLY public."myappLubd_property_users"
    ADD CONSTRAINT "myappLubd_property_users_property_id_3f4f43a7_fk" FOREIGN KEY (property_id) REFERENCES public."myappLubd_property"(id) DEFERRABLE INITIALLY DEFERRED;


--
-- Name: myappLubd_property_users myappLubd_property_users_user_id_3cb71139_fk_myappLubd_user_id; Type: FK CONSTRAINT; Schema: public; Owner: mylubd_user
--

ALTER TABLE ONLY public."myappLubd_property_users"
    ADD CONSTRAINT "myappLubd_property_users_user_id_3cb71139_fk_myappLubd_user_id" FOREIGN KEY (user_id) REFERENCES public."myappLubd_user"(id) DEFERRABLE INITIALLY DEFERRED;


--
-- Name: myappLubd_room_properties myappLubd_room_prope_room_id_d2c086eb_fk_myappLubd; Type: FK CONSTRAINT; Schema: public; Owner: mylubd_user
--

ALTER TABLE ONLY public."myappLubd_room_properties"
    ADD CONSTRAINT "myappLubd_room_prope_room_id_d2c086eb_fk_myappLubd" FOREIGN KEY (room_id) REFERENCES public."myappLubd_room"(room_id) DEFERRABLE INITIALLY DEFERRED;


--
-- Name: myappLubd_room_properties myappLubd_room_properties_property_id_08fe69ba_fk; Type: FK CONSTRAINT; Schema: public; Owner: mylubd_user
--

ALTER TABLE ONLY public."myappLubd_room_properties"
    ADD CONSTRAINT "myappLubd_room_properties_property_id_08fe69ba_fk" FOREIGN KEY (property_id) REFERENCES public."myappLubd_property"(id) DEFERRABLE INITIALLY DEFERRED;


--
-- Name: myappLubd_session myappLubd_session_user_id_4bdb7079_fk_myappLubd_user_id; Type: FK CONSTRAINT; Schema: public; Owner: mylubd_user
--

ALTER TABLE ONLY public."myappLubd_session"
    ADD CONSTRAINT "myappLubd_session_user_id_4bdb7079_fk_myappLubd_user_id" FOREIGN KEY (user_id) REFERENCES public."myappLubd_user"(id) DEFERRABLE INITIALLY DEFERRED;


--
-- Name: myappLubd_user_groups myappLubd_user_groups_group_id_f2598c6c_fk_auth_group_id; Type: FK CONSTRAINT; Schema: public; Owner: mylubd_user
--

ALTER TABLE ONLY public."myappLubd_user_groups"
    ADD CONSTRAINT "myappLubd_user_groups_group_id_f2598c6c_fk_auth_group_id" FOREIGN KEY (group_id) REFERENCES public.auth_group(id) DEFERRABLE INITIALLY DEFERRED;


--
-- Name: myappLubd_user_groups myappLubd_user_groups_user_id_a4e1d437_fk_myappLubd_user_id; Type: FK CONSTRAINT; Schema: public; Owner: mylubd_user
--

ALTER TABLE ONLY public."myappLubd_user_groups"
    ADD CONSTRAINT "myappLubd_user_groups_user_id_a4e1d437_fk_myappLubd_user_id" FOREIGN KEY (user_id) REFERENCES public."myappLubd_user"(id) DEFERRABLE INITIALLY DEFERRED;


--
-- Name: myappLubd_user_user_permissions myappLubd_user_user__permission_id_b1a0c3d4_fk_auth_perm; Type: FK CONSTRAINT; Schema: public; Owner: mylubd_user
--

ALTER TABLE ONLY public."myappLubd_user_user_permissions"
    ADD CONSTRAINT "myappLubd_user_user__permission_id_b1a0c3d4_fk_auth_perm" FOREIGN KEY (permission_id) REFERENCES public.auth_permission(id) DEFERRABLE INITIALLY DEFERRED;


--
-- Name: myappLubd_user_user_permissions myappLubd_user_user__user_id_3a562cdf_fk_myappLubd; Type: FK CONSTRAINT; Schema: public; Owner: mylubd_user
--

ALTER TABLE ONLY public."myappLubd_user_user_permissions"
    ADD CONSTRAINT "myappLubd_user_user__user_id_3a562cdf_fk_myappLubd" FOREIGN KEY (user_id) REFERENCES public."myappLubd_user"(id) DEFERRABLE INITIALLY DEFERRED;


--
-- Name: myappLubd_userprofile_properties myappLubd_userprofil_userprofile_id_69eb18bd_fk_myappLubd; Type: FK CONSTRAINT; Schema: public; Owner: mylubd_user
--

ALTER TABLE ONLY public."myappLubd_userprofile_properties"
    ADD CONSTRAINT "myappLubd_userprofil_userprofile_id_69eb18bd_fk_myappLubd" FOREIGN KEY (userprofile_id) REFERENCES public."myappLubd_userprofile"(id) DEFERRABLE INITIALLY DEFERRED;


--
-- Name: myappLubd_userprofile_properties myappLubd_userprofile_properties_property_id_c3fc44b4_fk; Type: FK CONSTRAINT; Schema: public; Owner: mylubd_user
--

ALTER TABLE ONLY public."myappLubd_userprofile_properties"
    ADD CONSTRAINT "myappLubd_userprofile_properties_property_id_c3fc44b4_fk" FOREIGN KEY (property_id) REFERENCES public."myappLubd_property"(id) DEFERRABLE INITIALLY DEFERRED;


--
-- Name: myappLubd_userprofile myappLubd_userprofile_user_id_a266be20_fk_myappLubd_user_id; Type: FK CONSTRAINT; Schema: public; Owner: mylubd_user
--

ALTER TABLE ONLY public."myappLubd_userprofile"
    ADD CONSTRAINT "myappLubd_userprofile_user_id_a266be20_fk_myappLubd_user_id" FOREIGN KEY (user_id) REFERENCES public."myappLubd_user"(id) DEFERRABLE INITIALLY DEFERRED;


--
-- PostgreSQL database dump complete
--

\unrestrict lL7gBPV716lqyLeZDMGPr12qlK8UoamonQ9lx3wmeU5LxKDz8IkUiAuSDgHwrMd

